Player,Rk,Nation,Pos,Squad,Age,Born,90s,SCA,SCA90,PassLive,PassDead,TO,Sh,Fld,Def,GCA,GCA90,PassLive_2,PassDead_2,TO_2,Sh_2,Fld_2,Def_2,Matches
Aaron Cresswell,112,engENG,DF,West Ham,35-145,1989,7.5,12,1.60,5,7,0,0,0,0,0,0.00,0,0,0,0,0,0,Matches
Aaron Ramsdale,420,engENG,GK,Southampton,26-360,1998,27.0,3,0.11,2,1,0,0,0,0,0,0.00,0,0,0,0,0,0,Matches
Aaron Wan-Bissaka,537,engENG,DF,West Ham,27-164,1997,32.0,85,2.65,68,4,7,3,1,2,8,0.25,7,0,0,1,0,0,Matches
Abdoulaye Doucouré,146,mlMLI,MF,Everton,32-128,1993,26.9,54,2.00,48,0,3,2,0,1,2,0.07,1,0,0,0,0,1,Matches
Abdukodir Khusanov,280,uzUZB,DF,Manchester City,21-069,2004,5.6,5,0.89,5,0,0,0,0,0,0,0.00,0,0,0,0,0,0,Matches
Abdul Fatawu Issahaku,175,ghGHA,FW,Leicester City,21-062,2004,6.4,17,2.64,10,0,2,1,4,0,3,0.47,2,0,0,1,0,0,Matches
Adam Armstrong,33,engENG,"FW,MF",Southampton,28-088,1997,13.9,19,1.37,12,1,2,4,0,0,4,0.29,1,0,0,3,0,0,Matches
Adam Lallana,294,engENG,MF,Southampton,36-364,1988,4.0,9,2.24,8,0,0,0,1,0,2,0.50,2,0,0,0,0,0,Matches
Adam Smith,473,engENG,DF,Bournemouth,34-010,1991,15.7,20,1.28,15,1,1,0,2,1,2,0.13,1,0,0,0,1,0,Matches
Adam Webster,543,engENG,DF,Brighton,30-125,1995,6.9,10,1.46,8,2,0,0,0,0,3,0.44,2,1,0,0,0,0,Matches
Adam Wharton,547,engENG,MF,Crystal Palace,20-341,2004,14.6,59,4.03,45,11,0,2,0,1,6,0.41,4,2,0,0,0,0,Matches
Adama Traoré,513,esESP,"FW,MF",Fulham,29-104,1996,17.7,76,4.30,61,0,9,4,0,2,9,0.51,8,0,1,0,0,0,Matches
Albert Grønbaek,214,dkDEN,"FW,MF",Southampton,23-351,2001,1.6,2,1.26,1,0,0,1,0,0,0,0.00,0,0,0,0,0,0,Matches
Alejandro Garnacho,194,arARG,"MF,FW",Manchester Utd,20-312,2004,23.8,81,3.40,62,1,3,9,6,0,6,0.25,4,0,0,1,1,0,Matches
Alex Iwobi,251,ngNGA,"FW,MF",Fulham,29-006,1996,31.1,115,3.70,99,0,8,6,2,0,16,0.52,13,0,2,1,0,0,Matches
Alex McCarthy,338,engENG,GK,Southampton,35-157,1989,5.0,0,0.00,0,0,0,0,0,0,0,0.00,0,0,0,0,0,0,Matches
Alex Palmer,401,engENG,GK,Ipswich Town,28-272,1996,11.0,2,0.18,2,0,0,0,0,0,0,0.00,0,0,0,0,0,0,Matches
Alex Scott,458,engENG,MF,Bournemouth,21-261,2003,7.9,28,3.55,18,2,0,2,3,3,2,0.25,2,0,0,0,0,0,Matches
Alexander Isak,250,seSWE,FW,Newcastle Utd,25-230,1999,28.6,89,3.11,68,1,8,8,2,2,14,0.49,11,0,1,0,1,1,Matches
Alexis Mac Allister,314,arARG,MF,Liverpool,26-136,1998,28.6,119,4.16,82,24,2,6,2,3,15,0.52,10,3,0,2,0,0,Matches
Alfie Dorrington,145,engENG,DF,Tottenham,20-019,2005,0.2,0,0.00,0,0,0,0,0,0,0,0.00,0,0,0,0,0,0,Matches
Alfie Pond,415,engENG,DF,Wolves,21-069,2004,0.0,0,0.00,0,0,0,0,0,0,0,0.00,0,0,0,0,0,0,Matches
Ali Al Hamadi,225,iqIRQ,FW,Ipswich Town,23-069,2002,1.5,8,5.37,4,0,3,0,1,0,0,0.00,0,0,0,0,0,0,Matches
Alisson,16,brBRA,GK,Liverpool,32-219,1992,24.9,6,0.24,6,0,0,0,0,0,1,0.04,1,0,0,0,0,0,Matches
Alphonse Areola,31,frFRA,GK,West Ham,32-071,1993,23.1,3,0.13,2,1,0,0,0,0,0,0.00,0,0,0,0,0,0,Matches
Altay Bayındır,48,trTUR,GK,Manchester Utd,27-025,1998,2.0,0,0.00,0,0,0,0,0,0,0,0.00,0,0,0,0,0,0,Matches
Amad Diallo,131,ciCIV,"FW,MF",Manchester Utd,22-302,2002,18.2,83,4.56,56,9,8,2,4,4,17,0.93,7,0,4,1,1,4,Matches
Amadou Onana,392,beBEL,MF,Aston Villa,23-266,2001,15.3,27,1.76,21,2,0,4,0,0,4,0.26,2,1,0,1,0,0,Matches
Andreas Pereira,407,brBRA,MF,Fulham,29-128,1996,20.9,101,4.84,52,41,0,4,4,0,8,0.38,4,2,0,0,2,0,Matches
Andrew Robertson,433,sctSCO,DF,Liverpool,31-059,1994,25.6,75,2.92,63,9,1,1,0,1,3,0.12,3,0,0,0,0,0,Matches
André,26,brBRA,MF,Wolves,23-297,2001,25.0,45,1.80,37,3,1,0,0,4,3,0.12,2,1,0,0,0,0,Matches
André Onana,393,cmCMR,GK,Manchester Utd,29-037,1996,33.0,4,0.12,3,1,0,0,0,0,0,0.00,0,0,0,0,0,0,Matches
Andrés García,193,esESP,"DF,MF",Aston Villa,22-091,2003,3.5,3,0.85,3,0,0,0,0,0,0,0.00,0,0,0,0,0,0,Matches
Andy Irving,249,sctSCO,MF,West Ham,24-361,2000,1.8,5,2.68,4,0,1,0,0,0,0,0.00,0,0,0,0,0,0,Matches
Anthony Elanga,160,seSWE,"FW,MF",Nott'ham Forest,23-012,2002,24.8,89,3.59,50,19,5,7,8,0,14,0.57,10,2,1,0,1,0,Matches
Anthony Gordon,208,engENG,FW,Newcastle Utd,24-074,2001,24.8,99,3.99,71,10,7,3,8,0,12,0.48,9,1,1,0,1,0,Matches
Antoine Semenyo,461,ghGHA,FW,Bournemouth,25-122,2000,32.6,123,3.77,79,4,19,14,5,2,13,0.40,7,1,2,1,2,0,Matches
Antonee Robinson,434,usUSA,DF,Fulham,27-274,1997,33.2,77,2.32,72,1,1,2,0,1,11,0.33,11,0,0,0,0,0,Matches
Antony,28,brBRA,"DF,MF",Manchester Utd,25-074,2000,1.6,8,5.11,6,0,1,0,1,0,0,0.00,0,0,0,0,0,0,Matches
Antonín Kinský,283,czCZE,GK,Tottenham,22-057,2003,4.0,1,0.25,1,0,0,0,0,0,0,0.00,0,0,0,0,0,0,Matches
Archie Gray,210,engENG,"DF,MF",Tottenham,19-058,2006,16.5,5,0.30,4,1,0,0,0,0,0,0.00,0,0,0,0,0,0,Matches
Arijanet Muric,366,xkKVX,GK,Ipswich Town,26-183,1998,18.0,1,0.06,0,1,0,0,0,0,0,0.00,0,0,0,0,0,0,Matches
Armando Broja,70,alALB,FW,Everton,23-241,2001,3.7,7,1.89,7,0,0,0,0,0,0,0.00,0,0,0,0,0,0,Matches
Armel Bella Kotchap,50,deGER,DF,Southampton,23-149,2001,3.7,2,0.54,1,0,0,0,0,1,0,0.00,0,0,0,0,0,0,Matches
Asher Agbinone,7,engENG,MF,Crystal Palace,19-223,2005,0.1,1,15.00,1,0,0,0,0,0,0,0.00,0,0,0,0,0,0,Matches
Ashley Young,564,engENG,"DF,FW",Everton,39-304,1985,18.0,38,2.11,28,6,0,1,2,1,6,0.33,4,0,0,1,0,1,Matches
Axel Disasi,137,frFRA,DF,Aston Villa,27-059,1998,5.4,9,1.65,7,0,1,0,0,1,0,0.00,0,0,0,0,0,0,Matches
Axel Tuanzebe,520,cdCOD,DF,Ipswich Town,27-176,1997,16.1,11,0.68,9,1,0,0,1,0,2,0.12,2,0,0,0,0,0,Matches
Ayden Heaven,230,engENG,DF,Manchester Utd,18-229,2006,1.1,2,1.89,0,0,1,0,1,0,0,0.00,0,0,0,0,0,0,Matches
Bart Verbruggen,530,nlNED,GK,Brighton,22-264,2002,33.0,5,0.15,5,0,0,0,0,0,1,0.03,1,0,0,0,0,0,Matches
Ben Brereton,68,clCHI,FW,Southampton,26-021,1999,5.0,9,1.80,7,0,0,0,2,0,0,0.00,0,0,0,0,0,0,Matches
Ben Chilwell,96,engENG,DF,Crystal Palace,28-139,1996,1.5,3,1.93,2,0,0,1,0,0,0,0.00,0,0,0,0,0,0,Matches
Ben Davies,122,wlsWAL,DF,Tottenham,32-015,1993,12.5,8,0.64,7,0,0,0,0,1,0,0.00,0,0,0,0,0,0,Matches
Ben Godfrey,199,engENG,DF,Ipswich Town,27-114,1998,1.8,1,0.57,1,0,0,0,0,0,0,0.00,0,0,0,0,0,0,Matches
Ben Johnson,263,engENG,"DF,FW",Ipswich Town,25-105,2000,15.0,23,1.54,11,9,0,1,2,0,5,0.33,4,0,0,1,0,0,Matches
Ben Mee,342,engENG,DF,Brentford,35-230,1989,2.0,0,0.00,0,0,0,0,0,0,0,0.00,0,0,0,0,0,0,Matches
Ben White,548,engENG,DF,Arsenal,27-213,1997,10.5,16,1.53,16,0,0,0,0,0,1,0.10,1,0,0,0,0,0,Matches
Ben Winterburn,556,engENG,"FW,MF",Bournemouth,20-247,2004,0.3,0,0.00,0,0,0,0,0,0,0,0.00,0,0,0,0,0,0,Matches
Benoît Badiashile,42,frFRA,DF,Chelsea,24-044,2001,3.7,0,0.00,0,0,0,0,0,0,0,0.00,0,0,0,0,0,0,Matches
Bernardo Silva,466,ptPOR,"MF,FW",Manchester City,30-272,1994,26.7,83,3.11,74,2,4,0,3,0,8,0.30,8,0,0,0,0,0,Matches
Bernd Leno,299,deGER,GK,Fulham,33-066,1992,35.0,5,0.14,5,0,0,0,0,0,2,0.06,2,0,0,0,0,0,Matches
Beto,57,gwGNB,FW,Everton,27-098,1998,14.1,17,1.21,11,0,3,1,2,0,0,0.00,0,0,0,0,0,0,Matches
Bilal El Khannouss,279,maMAR,MF,Leicester City,20-364,2004,22.3,66,2.97,48,7,6,3,2,0,5,0.22,4,1,0,0,0,0,Matches
Billy Gilmour,198,sctSCO,MF,Brighton,23-332,2001,1.1,3,2.76,3,0,0,0,0,0,0,0.00,0,0,0,0,0,0,Matches
Bobby De Cordova-Reid,126,jmJAM,FW,Leicester City,32-096,1993,8.3,13,1.57,8,0,0,3,2,0,3,0.36,1,0,0,1,1,0,Matches
Boubacar Kamara,273,frFRA,MF,Aston Villa,25-167,1999,16.3,24,1.48,18,1,1,1,1,2,2,0.12,2,0,0,0,0,0,Matches
Boubacar Traoré,514,mlMLI,MF,Wolves,23-262,2001,0.0,0,0.00,0,0,0,0,0,0,0,0.00,0,0,0,0,0,0,Matches
Boubakary Soumaré,480,frFRA,MF,Leicester City,26-071,1999,21.8,34,1.56,26,0,5,1,2,0,3,0.14,3,0,0,0,0,0,Matches
Brajan Gruda,213,deGER,"FW,MF",Brighton,20-343,2004,5.6,27,4.77,21,3,2,0,1,0,4,0.71,3,1,0,0,0,0,Matches
Brandon Austin,37,engENG,GK,Tottenham,26-121,1999,1.0,0,0.00,0,0,0,0,0,0,0,0.00,0,0,0,0,0,0,Matches
Brennan Johnson,264,wlsWAL,FW,Tottenham,23-351,2001,23.1,46,1.99,30,0,6,4,5,1,7,0.30,5,0,1,0,1,0,Matches
Bruno Fernandes,179,ptPOR,MF,Manchester Utd,30-243,1994,30.6,169,5.51,120,30,5,6,6,2,12,0.39,9,2,0,1,0,0,Matches
Bruno Guimarães,218,brBRA,MF,Newcastle Utd,27-174,1997,33.4,121,3.63,108,3,3,0,4,3,17,0.51,16,1,0,0,0,0,Matches
Bryan Mbeumo,335,cmCMR,FW,Brentford,25-275,1999,34.9,134,3.84,93,22,9,6,4,0,18,0.52,10,2,2,3,1,0,Matches
Bukayo Saka,443,engENG,"FW,MF",Arsenal,23-246,2001,17.1,102,5.97,61,19,9,9,4,0,22,1.29,13,5,2,1,1,0,Matches
Caleb Kporha,289,engENG,DF,Crystal Palace,18-298,2006,0.1,0,0.00,0,0,0,0,0,0,0,0.00,0,0,0,0,0,0,Matches
Caleb Okoli,390,itITA,DF,Leicester City,23-300,2001,12.5,4,0.32,4,0,0,0,0,0,0,0.00,0,0,0,0,0,0,Matches
Callum Hudson-Odoi,241,engENG,"FW,MF",Nott'ham Forest,24-183,2000,23.9,94,3.93,74,3,10,3,4,0,11,0.46,7,0,2,0,2,0,Matches
Callum Wilson,553,engENG,FW,Newcastle Utd,33-071,1992,3.2,6,1.89,3,0,0,1,1,1,0,0.00,0,0,0,0,0,0,Matches
Calvin Bassey,47,ngNGA,DF,Fulham,25-129,1999,32.2,23,0.72,19,1,2,0,0,1,3,0.09,2,0,0,0,0,1,Matches
Cameron Archer,30,engENG,FW,Southampton,23-292,2001,15.3,17,1.12,8,0,4,4,1,0,0,0.00,0,0,0,0,0,0,Matches
Cameron Burgess,75,auAUS,DF,Ipswich Town,29-200,1995,16.1,13,0.81,13,0,0,0,0,0,3,0.19,3,0,0,0,0,0,Matches
Caoimhín Kelleher,276,ieIRL,GK,Liverpool,26-167,1998,10.0,3,0.30,3,0,0,0,0,0,1,0.10,1,0,0,0,0,0,Matches
Carlos Alcaraz,13,arARG,MF,Southampton,22-160,2002,0.1,1,9.00,1,0,0,0,0,0,0,0.00,0,0,0,0,0,0,Matches
Carlos Baleba,44,cmCMR,MF,Brighton,21-126,2004,26.7,60,2.25,50,0,2,4,1,3,4,0.15,2,0,0,0,1,1,Matches
Carlos Forbs,185,ptPOR,"MF,FW",Wolves,21-051,2004,2.7,5,1.89,3,0,2,0,0,0,1,0.38,1,0,0,0,0,0,Matches
Carlos Soler,476,esESP,"MF,FW",West Ham,28-127,1997,15.1,47,3.12,29,7,2,5,3,1,2,0.13,2,0,0,0,0,0,Matches
Carlos Vinícius,533,brBRA,"MF,FW",Fulham,30-045,1995,0.2,2,11.25,0,0,1,0,1,0,0,0.00,0,0,0,0,0,0,Matches
Casemiro,86,brBRA,MF,Manchester Utd,33-075,1992,14.8,49,3.31,45,1,0,3,0,0,3,0.20,3,0,0,0,0,0,Matches
Chadi Riad,429,maMAR,DF,Crystal Palace,21-326,2003,1.0,0,0.00,0,0,0,0,0,0,0,0.00,0,0,0,0,0,0,Matches
Charlie Taylor,498,engENG,DF,Southampton,31-233,1993,3.0,2,0.68,2,0,0,0,0,0,1,0.34,1,0,0,0,0,0,Matches
Cheick Doucouré,147,mlMLI,MF,Crystal Palace,25-121,2000,5.0,9,1.79,5,0,0,2,1,1,3,0.60,1,0,0,1,1,0,Matches
Chidozie Obi-Martin,387,dkDEN,FW,Manchester Utd,17-161,2007,1.7,2,1.16,0,0,1,1,0,0,0,0.00,0,0,0,0,0,0,Matches
Chiedozie Ogbene,389,ieIRL,FW,Ipswich Town,28-008,1997,2.6,3,1.13,2,0,0,0,1,0,0,0.00,0,0,0,0,0,0,Matches
Chiquinho,97,ptPOR,MF,Wolves,25-093,2000,0.1,2,25.71,2,0,0,0,0,0,0,0.00,0,0,0,0,0,0,Matches
Chris Richards,431,usUSA,DF,Crystal Palace,25-042,2000,18.4,7,0.38,3,0,0,2,1,1,2,0.11,0,0,0,2,0,0,Matches
Chris Wood,558,nzNZL,FW,Nott'ham Forest,33-153,1991,29.9,40,1.34,32,0,2,4,0,2,5,0.17,4,0,0,0,0,1,Matches
Christian Eriksen,166,dkDEN,MF,Manchester Utd,33-084,1992,11.4,51,4.46,34,14,0,3,0,0,7,0.61,5,2,0,0,0,0,Matches
Christian Nørgaard,383,dkDEN,MF,Brentford,31-060,1994,28.3,49,1.73,40,0,0,6,2,1,10,0.35,9,0,0,0,1,0,Matches
Christian Walton,536,engENG,GK,Ipswich Town,29-181,1995,6.0,2,0.33,1,1,0,0,0,0,0,0.00,0,0,0,0,0,0,Matches
Christopher Nkunku,378,frFRA,FW,Chelsea,27-176,1997,10.2,34,3.32,21,0,5,5,1,2,4,0.39,1,0,1,1,1,0,Matches
Cody Gakpo,191,nlNED,FW,Liverpool,26-002,1999,19.1,71,3.72,52,0,8,5,4,2,7,0.37,3,0,3,0,1,0,Matches
Cole Palmer,402,engENG,MF,Chelsea,23-003,2002,32.5,190,5.86,126,21,15,19,7,2,15,0.46,11,0,2,1,1,0,Matches
Conor Bradley,65,nirNIR,DF,Liverpool,21-304,2003,6.3,16,2.54,11,0,4,0,1,0,2,0.32,2,0,0,0,0,0,Matches
Conor Chaplin,93,engENG,"MF,FW",Ipswich Town,28-082,1997,7.9,21,2.66,19,2,0,0,0,0,1,0.13,1,0,0,0,0,0,Matches
Conor Coady,103,engENG,DF,Leicester City,32-073,1993,16.0,5,0.31,5,0,0,0,0,0,0,0.00,0,0,0,0,0,0,Matches
Conor Townsend,512,engENG,DF,Ipswich Town,32-066,1993,3.7,5,1.34,4,1,0,0,0,0,1,0.27,1,0,0,0,0,0,Matches
Craig Dawson,124,engENG,DF,Wolves,35-003,1990,10.8,7,0.65,6,0,0,1,0,0,2,0.19,1,0,0,1,0,0,Matches
Cristian Romero,440,arARG,DF,Tottenham,27-012,1998,15.7,20,1.27,16,0,0,4,0,0,4,0.25,3,0,0,1,0,0,Matches
Crysencio Summerville,492,nlNED,"FW,MF",West Ham,23-191,2001,8.7,35,4.01,21,3,5,0,5,1,1,0.11,1,0,0,0,0,0,Matches
Curtis Jones,266,engENG,"MF,DF",Liverpool,24-099,2001,17.0,42,2.47,37,0,0,3,2,0,7,0.41,5,0,0,1,1,0,Matches
Daichi Kamada,272,jpJPN,MF,Crystal Palace,28-277,1996,15.8,49,3.10,36,6,1,3,1,2,3,0.19,2,1,0,0,0,0,Matches
Dan Burn,76,engENG,DF,Newcastle Utd,33-000,1992,34.0,21,0.62,16,1,0,3,1,0,3,0.09,2,1,0,0,0,0,Matches
Dane Scarlett,454,engENG,"FW,MF",Tottenham,21-046,2004,0.4,1,2.65,1,0,0,0,0,0,1,2.65,1,0,0,0,0,0,Matches
Dango Ouattara,399,bfBFA,FW,Bournemouth,23-087,2002,22.3,72,3.23,57,0,3,10,1,1,6,0.27,4,0,1,1,0,0,Matches
Daniel Bentley,53,engENG,GK,Wolves,31-300,1993,1.0,0,0.00,0,0,0,0,0,0,0,0.00,0,0,0,0,0,0,Matches
Daniel Jebbison,256,engENG,FW,Bournemouth,21-269,2003,0.9,5,5.63,4,0,1,0,0,0,0,0.00,0,0,0,0,0,0,Matches
Daniel Muñoz,365,coCOL,DF,Crystal Palace,28-348,1996,32.9,78,2.37,64,2,2,5,1,4,9,0.27,7,0,1,1,0,0,Matches
Daniel Podence,414,ptPOR,"MF,FW",Wolves,29-200,1995,0.5,0,0.00,0,0,0,0,0,0,0,0.00,0,0,0,0,0,0,Matches
Danilo,119,brBRA,"MF,FW",Nott'ham Forest,24-010,2001,3.0,7,2.37,7,0,0,0,0,0,2,0.68,2,0,0,0,0,0,Matches
Danny Ings,247,engENG,"FW,MF",West Ham,32-290,1992,3.2,12,3.80,7,0,1,3,1,0,2,0.63,0,0,0,1,1,0,Matches
Danny Ward,538,wlsWAL,GK,Leicester City,31-321,1993,1.5,0,0.00,0,0,0,0,0,0,0,0.00,0,0,0,0,0,0,Matches
Danny Welbeck,544,engENG,FW,Brighton,34-164,1990,21.6,44,2.04,33,1,3,1,6,0,6,0.28,6,0,0,0,0,0,Matches
Dara O'Shea,386,ieIRL,DF,Ipswich Town,26-066,1999,31.7,22,0.69,18,0,0,1,2,1,4,0.13,4,0,0,0,0,0,Matches
Darwin Núñez,381,uyURU,FW,Liverpool,25-319,1999,11.7,27,2.31,18,0,4,1,2,2,4,0.34,3,0,0,0,1,0,Matches
David Brooks,71,wlsWAL,"FW,MF",Bournemouth,27-305,1997,9.2,35,3.79,29,3,2,1,0,0,2,0.22,1,0,0,1,0,0,Matches
David Raya,424,esESP,GK,Arsenal,29-236,1995,35.0,4,0.11,3,1,0,0,0,0,1,0.03,1,0,0,0,0,0,Matches
Dean Henderson,233,engENG,GK,Crystal Palace,28-058,1997,35.0,3,0.09,2,1,0,0,0,0,0,0.00,0,0,0,0,0,0,Matches
Dean Huijsen,243,esESP,DF,Bournemouth,20-025,2005,24.8,40,1.61,37,1,0,1,1,0,3,0.12,3,0,0,0,0,0,Matches
Declan Rice,430,engENG,MF,Arsenal,26-115,1999,29.4,106,3.61,57,33,4,5,5,2,10,0.34,6,2,1,1,0,0,Matches
Dejan Kulusevski,292,seSWE,"MF,FW",Tottenham,25-014,2000,26.3,127,4.82,95,12,15,2,3,0,9,0.34,7,1,1,0,0,0,Matches
Destiny Udogie,521,itITA,DF,Tottenham,22-162,2002,20.4,35,1.72,31,0,0,1,1,2,3,0.15,2,0,0,0,0,1,Matches
Diego Carlos,84,brBRA,DF,Aston Villa,32-055,1993,9.2,4,0.43,3,0,0,1,0,0,0,0.00,0,0,0,0,0,0,Matches
Diego Gómez,205,pyPAR,MF,Brighton,22-043,2003,4.9,14,2.86,12,1,0,1,0,0,3,0.61,2,1,0,0,0,0,Matches
Diogo Dalot,117,ptPOR,DF,Manchester Utd,26-052,1999,31.0,74,2.39,57,5,7,4,0,1,5,0.16,3,0,1,1,0,0,Matches
Diogo Jota,268,ptPOR,FW,Liverpool,28-156,1996,12.8,35,2.73,22,0,6,5,1,1,9,0.70,5,0,2,1,1,0,Matches
Divin Mubama,361,engENG,FW,Manchester City,20-196,2004,0.3,0,0.00,0,0,0,0,0,0,0,0.00,0,0,0,0,0,0,Matches
Djed Spence,481,engENG,DF,Tottenham,24-273,2000,17.8,28,1.57,22,1,4,1,0,0,5,0.28,3,1,1,0,0,0,Matches
Dominic Calvert-Lewin,83,engENG,FW,Everton,28-054,1997,17.6,25,1.42,14,0,4,2,3,2,4,0.23,1,0,2,0,1,0,Matches
Dominic Solanke,475,engENG,FW,Tottenham,27-237,1997,23.5,37,1.57,25,0,0,9,2,1,8,0.34,6,0,0,1,1,0,Matches
Dominik Szoboszlai,494,huHUN,MF,Liverpool,24-196,2000,25.3,108,4.27,84,5,4,12,2,1,14,0.55,11,0,0,3,0,0,Matches
Donyell Malen,322,nlNED,FW,Aston Villa,26-120,1999,3.3,5,1.53,4,0,1,0,0,0,0,0.00,0,0,0,0,0,0,Matches
Dwight McNeil,340,engENG,"MF,FW",Everton,25-168,1999,14.0,63,4.49,35,19,4,2,2,1,7,0.50,4,1,1,0,0,1,Matches
Eberechi Eze,172,engENG,"MF,FW",Crystal Palace,26-314,1998,27.0,125,4.64,66,26,11,12,9,1,9,0.33,8,1,0,0,0,0,Matches
Eddie Nketiah,377,engENG,"FW,MF",Crystal Palace,25-344,1999,9.9,27,2.71,17,0,3,3,4,0,2,0.20,1,0,0,0,1,0,Matches
Ederson,154,brBRA,GK,Manchester City,31-265,1993,22.8,6,0.26,6,0,0,0,0,0,4,0.18,4,0,0,0,0,0,Matches
Edmond-Paris Maghoma,318,engENG,"MF,FW",Brentford,24-001,2001,1.3,4,3.03,4,0,0,0,0,0,1,0.76,1,0,0,0,0,0,Matches
Edson Álvarez,18,mxMEX,MF,West Ham,27-197,1997,18.1,25,1.38,21,0,2,1,1,0,2,0.11,2,0,0,0,0,0,Matches
Eiran Cashin,89,ieIRL,DF,Brighton,23-181,2001,0.2,1,4.50,1,0,0,0,0,0,0,0.00,0,0,0,0,0,0,Matches
Elliot Anderson,25,engENG,MF,Nott'ham Forest,22-184,2002,27.4,78,2.85,38,18,7,7,3,5,10,0.36,4,3,0,1,1,1,Matches
Emerson Palmieri,403,itITA,DF,West Ham,30-279,1994,23.4,41,1.75,25,11,0,2,2,1,2,0.09,1,1,0,0,0,0,Matches
Emi Buendía,72,arARG,"MF,FW",Aston Villa,28-135,1996,1.1,3,2.76,2,0,0,1,0,0,0,0.00,0,0,0,0,0,0,Matches
Emil Krafth,290,seSWE,DF,Newcastle Utd,30-280,1994,3.2,3,0.93,2,0,0,1,0,0,0,0.00,0,0,0,0,0,0,Matches
Emile Smith Rowe,474,engENG,MF,Fulham,24-285,2000,21.0,65,3.10,50,0,3,7,2,3,11,0.52,9,0,1,0,0,1,Matches
Emiliano Martínez,328,arARG,GK,Aston Villa,32-249,1992,33.0,6,0.18,5,1,0,0,0,0,1,0.03,1,0,0,0,0,0,Matches
Emmanuel Agbadou,6,ciCIV,DF,Wolves,27-326,1997,12.7,15,1.18,14,1,0,0,0,0,2,0.16,2,0,0,0,0,0,Matches
Enes Ünal,524,trTUR,"FW,MF",Bournemouth,27-364,1997,3.8,9,2.35,6,0,0,2,1,0,3,0.78,2,0,0,0,1,0,Matches
Enzo Fernández,181,arARG,MF,Chelsea,24-112,2001,29.7,141,4.74,111,15,2,4,4,5,16,0.54,13,2,0,1,0,0,Matches
Eric da Silva Moreira,468,deGER,"MF,DF",Nott'ham Forest,19-006,2006,0.3,0,0.00,0,0,0,0,0,0,0,0.00,0,0,0,0,0,0,Matches
Erling Haaland,223,noNOR,FW,Manchester City,24-292,2000,27.6,62,2.25,43,0,8,10,1,0,9,0.33,6,0,2,1,0,0,Matches
Ethan Nwaneri,382,engENG,"FW,MF",Arsenal,18-049,2007,9.1,22,2.41,12,4,3,2,1,0,3,0.33,3,0,0,0,0,0,Matches
Ethan Pinnock,413,jmJAM,DF,Brentford,31-345,1993,21.3,21,0.99,13,5,0,2,1,0,0,0.00,0,0,0,0,0,0,Matches
Evan Ferguson,177,ieIRL,FW,West Ham,20-202,2004,1.7,4,2.31,2,0,1,1,0,0,0,0.00,0,0,0,0,0,0,Matches
Evanilson,169,brBRA,FW,Bournemouth,25-215,1999,22.9,56,2.45,35,0,3,9,9,0,8,0.35,2,0,1,1,4,0,Matches
Ezri Konsa,287,engENG,DF,Aston Villa,27-198,1997,29.6,23,0.78,18,2,1,2,0,0,3,0.10,3,0,0,0,0,0,Matches
Fabian Schär,456,chSUI,DF,Newcastle Utd,33-140,1991,29.6,32,1.08,23,1,1,2,2,3,4,0.14,2,0,0,2,0,0,Matches
Fabio Carvalho,85,ptPOR,"FW,MF",Brentford,22-252,2002,5.1,10,1.97,7,0,1,2,0,0,1,0.20,1,0,0,0,0,0,Matches
Facundo Buonanotte,74,arARG,"FW,MF",Leicester City,20-137,2004,16.4,50,3.05,27,11,8,1,3,0,4,0.24,1,2,1,0,0,0,Matches
Federico Chiesa,95,itITA,FW,Liverpool,27-196,1997,0.5,3,5.87,3,0,0,0,0,0,1,1.96,1,0,0,0,0,0,Matches
Ferdi Kadioglu,271,trTUR,"DF,MF",Brighton,25-214,1999,4.3,13,3.03,11,0,0,0,1,1,2,0.47,2,0,0,0,0,0,Matches
Filip Jørgensen,270,dkDEN,GK,Chelsea,23-023,2002,6.0,1,0.17,1,0,0,0,0,0,0,0.00,0,0,0,0,0,0,Matches
Flynn Downes,148,engENG,MF,Southampton,26-109,1999,20.9,30,1.44,26,2,0,1,0,1,2,0.10,1,1,0,0,0,0,Matches
Frank Onyeka,395,ngNGA,MF,Brentford,27-128,1998,0.3,0,0.00,0,0,0,0,0,0,0,0.00,0,0,0,0,0,0,Matches
Fraser Forster,186,engENG,GK,Tottenham,37-053,1988,7.0,0,0.00,0,0,0,0,0,0,0,0.00,0,0,0,0,0,0,Matches
Gabriel Jesus,258,brBRA,FW,Arsenal,28-036,1997,6.8,18,2.66,10,0,1,5,1,1,4,0.59,1,0,0,3,0,0,Matches
Gabriel Magalhães,317,brBRA,DF,Arsenal,27-141,1997,26.3,35,1.33,31,0,0,3,1,0,6,0.23,4,0,0,1,1,0,Matches
Gabriel Martinelli,327,brBRA,"FW,MF",Arsenal,23-325,2001,22.7,66,2.91,50,1,8,4,3,0,6,0.26,3,0,1,1,1,0,Matches
George Edmundson,155,engENG,DF,Ipswich Town,27-251,1997,0.0,0,0.00,0,0,0,0,0,0,0,0.00,0,0,0,0,0,0,Matches
George Hirst,239,sctSCO,FW,Ipswich Town,26-083,1999,5.5,8,1.45,7,0,0,1,0,0,3,0.54,2,0,0,1,0,0,Matches
Georginio Rutter,441,frFRA,"MF,FW",Brighton,23-019,2002,18.4,64,3.47,37,0,9,7,9,2,8,0.43,3,0,3,1,1,0,Matches
Gonçalo Guedes,215,ptPOR,"MF,FW",Wolves,28-161,1996,8.7,23,2.64,21,0,1,0,1,0,8,0.92,7,0,1,0,0,0,Matches
Guglielmo Vicario,532,itITA,GK,Tottenham,28-214,1996,23.0,4,0.17,4,0,0,0,0,0,0,0.00,0,0,0,0,0,0,Matches
Guido Rodríguez,437,arARG,MF,West Ham,31-027,1994,11.3,10,0.88,8,0,0,2,0,0,0,0.00,0,0,0,0,0,0,Matches
Gustavo Nunes,379,brBRA,"FW,MF",Brentford,19-170,2005,0.1,0,0.00,0,0,0,0,0,0,0,0.00,0,0,0,0,0,0,Matches
Hamza Choudhury,98,bdBAN,"MF,DF",Leicester City,27-220,1997,1.5,3,2.05,2,0,1,0,0,0,0,0.00,0,0,0,0,0,0,Matches
Harrison Armstrong,34,engENG,MF,Everton,18-110,2007,0.5,1,1.87,1,0,0,0,0,0,0,0.00,0,0,0,0,0,0,Matches
Harrison Reed,425,engENG,MF,Fulham,30-102,1995,1.2,1,0.89,0,1,0,0,0,0,0,0.00,0,0,0,0,0,0,Matches
Harry Amass,20,engENG,DF,Manchester Utd,18-054,2007,2.8,6,2.11,6,0,0,0,0,0,0,0.00,0,0,0,0,0,0,Matches
Harry Clarke,100,engENG,DF,Ipswich Town,24-068,2001,4.2,1,0.24,1,0,0,0,0,0,0,0.00,0,0,0,0,0,0,Matches
Harry Maguire,319,engENG,DF,Manchester Utd,32-065,1993,17.1,17,0.99,12,1,0,4,0,0,0,0.00,0,0,0,0,0,0,Matches
Harry Toffolo,508,engENG,DF,Nott'ham Forest,29-263,1995,1.5,0,0.00,0,0,0,0,0,0,0,0.00,0,0,0,0,0,0,Matches
Harry Wilson,554,wlsWAL,"FW,MF",Fulham,28-048,1997,11.1,37,3.32,27,6,0,1,2,1,3,0.27,2,0,0,0,1,0,Matches
Harry Winks,555,engENG,MF,Leicester City,29-096,1996,17.1,39,2.28,29,7,1,1,1,0,3,0.18,2,1,0,0,0,0,Matches
Harvey Barnes,46,engENG,FW,Newcastle Utd,27-151,1997,16.7,57,3.40,40,1,6,5,5,0,9,0.54,6,0,1,1,1,0,Matches
Harvey Elliott,161,engENG,"MF,FW",Liverpool,22-035,2003,3.0,15,5.06,11,3,1,0,0,0,2,0.67,2,0,0,0,0,0,Matches
Hwang Hee-chan,232,krKOR,"MF,FW",Wolves,29-103,1996,7.2,9,1.24,8,0,0,1,0,0,1,0.14,1,0,0,0,0,0,Matches
Hákon Rafn Valdimarsson,419,isISL,GK,Brentford,23-208,2001,1.6,2,1.24,2,0,0,0,0,0,0,0.00,0,0,0,0,0,0,Matches
Ian Maatsen,313,nlNED,DF,Aston Villa,23-060,2002,10.6,49,4.60,36,3,4,5,0,1,7,0.66,6,0,1,0,0,0,Matches
Ibrahim Sangaré,448,ciCIV,MF,Nott'ham Forest,27-158,1997,4.1,6,1.46,5,0,0,1,0,0,0,0.00,0,0,0,0,0,0,Matches
Ibrahima Konaté,286,frFRA,DF,Liverpool,25-349,1999,25.8,30,1.16,25,0,0,4,0,1,7,0.27,6,0,0,0,0,1,Matches
Idrissa Gana Gueye,192,snSEN,MF,Everton,35-225,1989,31.0,56,1.80,48,0,1,2,3,2,3,0.10,3,0,0,0,0,0,Matches
Igor,246,brBRA,DF,Brighton,27-091,1998,10.0,11,1.10,10,0,0,0,1,0,0,0.00,0,0,0,0,0,0,Matches
Iliman Ndiaye,370,snSEN,FW,Everton,25-064,2000,25.0,59,2.36,45,0,7,1,6,0,5,0.20,3,0,1,0,1,0,Matches
Illia Zabarnyi,565,uaUKR,DF,Bournemouth,22-250,2002,31.6,28,0.89,25,1,0,0,0,2,0,0.00,0,0,0,0,0,0,Matches
Ismaila Sarr,451,snSEN,"MF,FW",Crystal Palace,27-073,1998,27.6,101,3.66,74,0,6,7,14,0,10,0.36,7,0,1,0,2,0,Matches
Issa Diop,136,frFRA,DF,Fulham,28-120,1997,14.9,6,0.40,5,0,0,1,0,0,0,0.00,0,0,0,0,0,0,Matches
Jack Clarke,101,engENG,"FW,MF",Ipswich Town,24-167,2000,11.7,40,3.41,34,2,2,0,0,2,5,0.43,4,1,0,0,0,0,Matches
Jack Grealish,211,engENG,"FW,MF",Manchester City,29-241,1995,8.0,47,5.87,41,1,3,0,1,1,2,0.25,1,0,0,0,0,1,Matches
Jack Harrison,227,engENG,FW,Everton,28-170,1996,21.1,53,2.51,37,6,4,2,4,0,4,0.19,1,0,0,1,2,0,Matches
Jack Hinshelwood,238,engENG,"DF,MF",Brighton,20-028,2005,19.4,33,1.70,27,4,0,1,1,0,3,0.15,3,0,0,0,0,0,Matches
Jack Stephens,484,engENG,DF,Southampton,31-102,1994,13.4,13,0.97,13,0,0,0,0,0,0,0.00,0,0,0,0,0,0,Matches
Jack Taylor,499,ieIRL,MF,Ipswich Town,26-320,1998,8.5,21,2.46,14,1,2,2,0,2,2,0.23,2,0,0,0,0,0,Matches
Jacob Greaves,212,engENG,DF,Ipswich Town,24-239,2000,21.5,13,0.60,12,0,0,1,0,0,0,0.00,0,0,0,0,0,0,Matches
Jacob Murphy,368,engENG,FW,Newcastle Utd,30-074,1995,23.8,73,3.07,57,4,4,3,3,2,14,0.59,13,0,0,0,1,0,Matches
Jacob Ramsey,421,engENG,"FW,MF",Aston Villa,23-346,2001,16.8,51,3.03,40,0,4,1,6,0,8,0.47,7,0,0,0,1,0,Matches
Jaden Philogene Bidace,410,engENG,"FW,MF",Aston Villa,23-090,2002,3.7,5,1.36,3,0,0,0,1,1,0,0.00,0,0,0,0,0,0,Matches
Jadon Sancho,447,engENG,FW,Chelsea,25-045,2000,18.7,67,3.57,60,0,3,1,3,0,10,0.53,9,0,0,0,1,0,Matches
Jahmai Simpson-Pusey,469,engENG,DF,Manchester City,19-186,2005,1.1,0,0.00,0,0,0,0,0,0,0,0.00,0,0,0,0,0,0,Matches
Jake Evans,170,N/a,FW,Leicester City,N/a,N/a,0.1,0,0.00,0,0,0,0,0,0,0,0.00,0,0,0,0,0,0,Matches
Jake O'Brien,384,ieIRL,DF,Everton,23-359,2001,15.5,16,1.04,14,0,2,0,0,0,0,0.00,0,0,0,0,0,0,Matches
Jakub Kiwior,284,plPOL,DF,Arsenal,25-083,2000,9.5,6,0.63,5,0,1,0,0,0,0,0.00,0,0,0,0,0,0,Matches
Jakub Moder,353,plPOL,MF,Brighton,26-032,1999,0.1,4,32.73,4,0,0,0,0,0,0,0.00,0,0,0,0,0,0,Matches
Jakub Stolarczyk,487,plPOL,GK,Leicester City,24-141,2000,7.0,0,0.00,0,0,0,0,0,0,0,0.00,0,0,0,0,0,0,Matches
James Bree,67,engENG,DF,Southampton,27-210,1997,9.9,15,1.51,12,2,0,1,0,0,1,0.10,1,0,0,0,0,0,Matches
James Garner,195,engENG,"MF,DF",Everton,24-057,2001,14.7,33,2.24,24,9,0,0,0,0,5,0.34,4,1,0,0,0,0,Matches
James Hill,237,engENG,DF,Bournemouth,23-119,2002,5.0,8,1.61,5,2,0,0,0,1,1,0.20,1,0,0,0,0,0,Matches
James Justin,269,engENG,DF,Leicester City,27-075,1998,29.7,31,1.05,20,2,1,4,4,0,1,0.03,1,0,0,0,0,0,Matches
James Maddison,315,engENG,MF,Tottenham,28-167,1996,20.1,95,4.73,66,13,7,3,6,0,18,0.90,12,2,3,1,0,0,Matches
James Mcatee,336,engENG,"MF,FW",Manchester City,22-203,2002,3.4,3,0.89,2,0,1,0,0,0,1,0.30,0,0,1,0,0,0,Matches
James Milner,348,engENG,MF,Brighton,39-125,1986,1.9,8,4.26,5,2,0,0,1,0,0,0.00,0,0,0,0,0,0,Matches
James Tarkowski,496,engENG,DF,Everton,32-171,1992,32.5,38,1.17,32,2,0,4,0,0,4,0.12,4,0,0,0,0,0,Matches
James Ward-Prowse,540,engENG,MF,West Ham,30-189,1994,9.0,26,2.88,14,9,0,3,0,0,1,0.11,0,1,0,0,0,0,Matches
Jamie Vardy,526,engENG,FW,Leicester City,38-118,1987,29.5,44,1.49,31,0,5,2,6,0,9,0.30,4,0,2,1,2,0,Matches
Jan Bednarek,49,plPOL,DF,Southampton,29-027,1996,27.1,16,0.59,15,0,0,1,0,0,0,0.00,0,0,0,0,0,0,Matches
Jan Paul van Hecke,231,nlNED,DF,Brighton,24-335,2000,29.9,48,1.61,42,2,0,3,1,0,3,0.10,3,0,0,0,0,0,Matches
Jannik Vestergaard,531,dkDEN,DF,Leicester City,32-279,1992,15.5,7,0.45,6,0,0,0,0,1,0,0.00,0,0,0,0,0,0,Matches
Jarell Quansah,418,engENG,DF,Liverpool,22-100,2003,4.5,2,0.44,2,0,0,0,0,0,0,0.00,0,0,0,0,0,0,Matches
Jarrad Branthwaite,66,engENG,DF,Everton,22-316,2002,26.1,13,0.50,11,1,0,0,1,0,2,0.08,1,1,0,0,0,0,Matches
Jarrod Bowen,64,engENG,"FW,MF",West Ham,28-140,1996,30.2,104,3.44,63,13,5,12,9,2,13,0.43,9,2,1,1,0,0,Matches
Jason Steele,483,engENG,GK,Brighton,34-264,1990,2.0,0,0.00,0,0,0,0,0,0,0,0.00,0,0,0,0,0,0,Matches
Jay Robinson,435,engENG,"MF,FW",Southampton,18-055,2007,0.4,3,7.50,2,0,1,0,0,0,0,0.00,0,0,0,0,0,0,Matches
Jay Stansfield,482,engENG,MF,Fulham,22-166,2002,0.0,0,0.00,0,0,0,0,0,0,0,0.00,0,0,0,0,0,0,Matches
Jayden Danns,120,engENG,MF,Liverpool,19-113,2006,0.1,0,0.00,0,0,0,0,0,0,0,0.00,0,0,0,0,0,0,Matches
Jayden Meghoma,343,engENG,DF,Brentford,18-315,2006,0.1,0,0.00,0,0,0,0,0,0,0,0.00,0,0,0,0,0,0,Matches
Jean-Clair Todibo,507,frFRA,DF,West Ham,25-130,1999,17.4,5,0.29,4,0,0,0,0,1,0,0.00,0,0,0,0,0,0,Matches
Jean-Philippe Mateta,331,frFRA,FW,Crystal Palace,27-315,1997,28.0,56,2.00,38,0,4,9,5,0,8,0.29,3,0,3,2,0,0,Matches
Jean-Ricner Bellegarde,51,frFRA,"MF,FW",Wolves,26-316,1998,17.2,53,3.08,33,3,4,4,7,2,10,0.58,8,0,0,0,1,1,Matches
Jefferson Lerma,300,coCOL,"MF,DF",Crystal Palace,30-196,1994,22.6,44,1.95,35,5,0,3,0,1,3,0.13,3,0,0,0,0,0,Matches
Jeffrey Schlupp,457,ghGHA,"MF,DF",Crystal Palace,32-137,1992,1.1,7,6.06,5,0,1,1,0,0,0,0.00,0,0,0,0,0,0,Matches
Jens Cajuste,81,seSWE,MF,Ipswich Town,25-272,1999,19.8,30,1.51,23,2,4,0,0,1,1,0.05,0,0,1,0,0,0,Matches
Jeremy Doku,142,beBEL,"FW,MF",Manchester City,22-347,2002,15.5,68,4.38,52,1,12,1,2,0,13,0.84,10,0,3,0,0,0,Matches
Jeremy Monga,354,N/a,"FW,MF",Leicester City,N/a,N/a,0.6,1,1.73,1,0,0,0,0,0,0,0.00,0,0,0,0,0,0,Matches
Jeremy Sarmiento,450,ecECU,MF,Brighton,22-327,2002,0.1,0,0.00,0,0,0,0,0,0,0,0.00,0,0,0,0,0,0,Matches
Jesper Lindstrøm,307,dkDEN,FW,Everton,25-069,2000,13.8,46,3.35,30,7,2,3,3,1,1,0.07,1,0,0,0,0,0,Matches
Joachim Andersen,23,dkDEN,DF,Crystal Palace,28-343,1996,1.0,1,1.00,1,0,0,0,0,0,0,0.00,0,0,0,0,0,0,Matches
Joe Aribo,32,ngNGA,"MF,DF",Southampton,28-292,1996,21.2,37,1.75,32,0,2,1,2,0,1,0.05,1,0,0,0,0,0,Matches
Joe Gomez,206,engENG,DF,Liverpool,27-351,1997,5.8,5,0.87,5,0,0,0,0,0,1,0.17,1,0,0,0,0,0,Matches
Joe Lumley,311,engENG,GK,Southampton,30-083,1995,3.0,0,0.00,0,0,0,0,0,0,0,0.00,0,0,0,0,0,0,Matches
Joe Willock,552,engENG,"MF,FW",Newcastle Utd,25-262,1999,11.4,44,3.86,35,0,3,3,1,2,4,0.35,4,0,0,0,0,0,Matches
Joel Ward,539,engENG,DF,Crystal Palace,35-192,1989,0.0,0,0.00,0,0,0,0,0,0,0,0.00,0,0,0,0,0,0,Matches
Joelinton,262,brBRA,"MF,FW",Newcastle Utd,28-268,1996,26.6,61,2.29,46,2,1,5,1,6,9,0.34,7,0,0,1,0,1,Matches
John McGinn,339,sctSCO,"MF,FW",Aston Villa,30-203,1994,22.8,68,2.98,52,6,0,4,5,1,7,0.31,6,1,0,0,0,0,Matches
John Stones,488,engENG,"DF,MF",Manchester City,30-346,1994,6.1,8,1.31,8,0,0,0,0,0,2,0.33,2,0,0,0,0,0,Matches
Jonny Evans,171,nirNIR,DF,Manchester Utd,37-126,1988,3.2,2,0.62,2,0,0,0,0,0,0,0.00,0,0,0,0,0,0,Matches
Jordan Ayew,40,ghGHA,"FW,MF",Crystal Palace,33-240,1991,0.2,1,4.29,1,0,0,0,0,0,0,0.00,0,0,0,0,0,0,Matches
Jordan Pickford,412,engENG,GK,Everton,31-063,1994,35.0,12,0.34,11,1,0,0,0,0,2,0.06,2,0,0,0,0,0,Matches
Jorge Cuenca,114,esESP,DF,Fulham,25-173,1999,2.9,1,0.35,1,0,0,0,0,0,0,0.00,0,0,0,0,0,0,Matches
Jorginho,267,itITA,MF,Arsenal,33-140,1991,7.8,12,1.55,10,0,0,0,2,0,0,0.00,0,0,0,0,0,0,Matches
Joshua Acheampong,2,engENG,DF,Chelsea,19-004,2006,1.9,2,1.06,2,0,0,0,0,0,0,0.00,0,0,0,0,0,0,Matches
Joshua King,282,engENG,"MF,FW",Fulham,18-126,2007,0.9,4,4.50,3,0,1,0,0,0,0,0.00,0,0,0,0,0,0,Matches
Joshua Zirkzee,567,nlNED,"FW,MF",Manchester Utd,23-352,2001,15.6,31,1.99,28,0,0,2,1,0,3,0.19,1,0,0,1,1,0,Matches
José Sá,442,ptPOR,GK,Wolves,32-112,1993,27.0,4,0.15,4,0,0,0,0,0,0,0.00,0,0,0,0,0,0,Matches
Jota Silva,467,ptPOR,"FW,MF",Nott'ham Forest,25-281,1999,9.4,29,3.09,22,0,1,3,3,0,3,0.32,2,0,0,0,1,0,Matches
João Félix,176,ptPOR,"FW,MF",Chelsea,25-180,1999,4.1,18,4.38,12,0,2,3,1,0,3,0.73,1,0,1,0,1,0,Matches
João Gomes,202,brBRA,MF,Wolves,24-086,2001,30.9,62,2.01,49,1,5,2,2,3,3,0.10,3,0,0,0,0,0,Matches
João Pedro,261,brBRA,"FW,MF",Brighton,23-225,2001,21.6,72,3.32,56,0,3,2,10,1,9,0.42,6,0,0,0,3,0,Matches
Joël Veltman,528,nlNED,DF,Brighton,33-114,1992,18.5,22,1.19,15,2,2,1,2,0,1,0.05,0,1,0,0,0,0,Matches
Joško Gvardiol,222,hrCRO,DF,Manchester City,23-106,2002,33.4,69,2.07,64,1,2,2,0,0,7,0.21,6,0,1,0,0,0,Matches
Julian Araujo,29,mxMEX,DF,Bournemouth,23-269,2001,4.7,4,0.85,4,0,0,0,0,0,0,0.00,0,0,0,0,0,0,Matches
Julio Enciso,163,pyPAR,"FW,MF",Ipswich Town,21-106,2004,7.9,23,2.92,12,4,4,2,0,1,4,0.51,2,1,1,0,0,0,Matches
Julio Soler,477,arARG,FW,Bournemouth,20-082,2005,0.0,0,0.00,0,0,0,0,0,0,0,0.00,0,0,0,0,0,0,Matches
Jurriën Timber,506,nlNED,DF,Arsenal,23-326,2001,26.9,52,1.94,46,1,3,0,1,1,9,0.34,8,0,1,0,0,0,Matches
Justin Devenny,129,nirNIR,MF,Crystal Palace,21-210,2003,4.8,11,2.30,8,2,0,1,0,0,0,0.00,0,0,0,0,0,0,Matches
Justin Kluivert,285,nlNED,"MF,FW",Bournemouth,26-004,1999,24.0,95,3.95,69,8,6,6,5,1,11,0.46,10,0,0,0,1,0,Matches
Jáder Durán,153,coCOL,FW,Aston Villa,21-147,2003,7.1,18,2.54,9,0,0,4,3,2,1,0.14,0,0,0,0,0,1,Matches
Jørgen Strand Larsen,489,noNOR,FW,Wolves,25-092,2000,27.4,40,1.46,31,1,1,3,2,2,5,0.18,5,0,0,0,0,0,Matches
Kaelan Casey,87,engENG,DF,West Ham,20-193,2004,0.0,0,0.00,0,0,0,0,0,0,0,0.00,0,0,0,0,0,0,Matches
Kai Havertz,229,deGER,"FW,MF",Arsenal,25-332,1999,20.4,41,2.01,34,0,1,6,0,0,3,0.15,2,0,0,1,0,0,Matches
Kalvin Phillips,409,engENG,MF,Ipswich Town,29-158,1995,13.7,17,1.24,13,3,0,1,0,0,3,0.22,3,0,0,0,0,0,Matches
Kamaldeen Sulemana,491,ghGHA,"FW,MF",Southampton,23-083,2002,13.1,28,2.14,15,1,9,2,1,0,3,0.23,1,0,1,1,0,0,Matches
Kaoru Mitoma,352,jpJPN,"FW,MF",Brighton,27-354,1997,28.0,83,2.96,69,0,6,3,4,1,8,0.29,7,0,0,0,1,0,Matches
Kasey McAteer,337,ieIRL,"FW,MF",Leicester City,23-168,2001,6.8,18,2.65,16,0,0,0,2,0,2,0.29,1,0,0,0,1,0,Matches
Keane Lewis-Potter,302,engENG,"DF,FW",Brentford,24-076,2001,31.5,67,2.12,53,0,4,3,6,1,8,0.25,6,0,0,0,2,0,Matches
Kenny Tete,501,nlNED,DF,Fulham,29-212,1995,16.7,32,1.91,24,0,2,3,2,1,3,0.18,3,0,0,0,0,0,Matches
Kepa Arrizabalaga,35,esESP,GK,Bournemouth,30-218,1994,28.0,4,0.14,2,2,0,0,0,0,0,0.00,0,0,0,0,0,0,Matches
Kevin Danso,121,atAUT,DF,Tottenham,26-232,1998,6.4,7,1.10,6,0,0,1,0,0,2,0.31,2,0,0,0,0,0,Matches
Kevin De Bruyne,125,beBEL,"MF,FW",Manchester City,33-315,1991,17.1,104,6.08,67,24,3,6,2,2,11,0.64,9,1,0,1,0,0,Matches
Kevin Schade,455,deGER,FW,Brentford,23-163,2001,23.0,50,2.18,29,6,6,4,4,1,9,0.39,5,0,1,3,0,0,Matches
Kieran Tierney,505,sctSCO,"DF,FW",Arsenal,27-338,1997,2.0,8,3.98,7,1,0,0,0,0,0,0.00,0,0,0,0,0,0,Matches
Kieran Trippier,517,engENG,DF,Newcastle Utd,34-232,1990,14.2,50,3.51,30,18,0,2,0,0,6,0.42,4,2,0,0,0,0,Matches
Kiernan Dewsbury-Hall,130,engENG,"MF,FW",Chelsea,26-245,1998,2.9,5,1.73,5,0,0,0,0,0,1,0.35,1,0,0,0,0,0,Matches
Kim Jisoo,260,krKOR,DF,Brentford,20-136,2004,0.3,0,0.00,0,0,0,0,0,0,0,0.00,0,0,0,0,0,0,Matches
Kobbie Mainoo,320,engENG,MF,Manchester Utd,20-020,2005,16.7,30,1.79,25,0,4,0,1,0,2,0.12,2,0,0,0,0,0,Matches
Konstantinos Mavropanos,333,grGRE,DF,West Ham,27-149,1997,21.6,16,0.74,12,0,1,2,0,1,0,0.00,0,0,0,0,0,0,Matches
Kosta Nedeljković,372,rsSRB,DF,Aston Villa,19-144,2005,1.4,0,0.00,0,0,0,0,0,0,0,0.00,0,0,0,0,0,0,Matches
Kostas Tsimikas,519,grGRE,DF,Liverpool,28-362,1996,8.3,28,3.37,18,9,0,0,1,0,2,0.24,1,1,0,0,0,0,Matches
Kristoffer Ajer,10,noNOR,DF,Brentford,27-022,1998,15.6,18,1.15,15,0,1,2,0,0,2,0.13,2,0,0,0,0,0,Matches
Kyle Walker,534,engENG,DF,Manchester City,34-346,1990,10.8,17,1.58,17,0,0,0,0,0,0,0.00,0,0,0,0,0,0,Matches
Kyle Walker-Peters,535,engENG,DF,Southampton,28-026,1997,32.4,63,1.94,40,3,10,5,3,2,7,0.22,5,0,1,1,0,0,Matches
Lamare Bogarde,61,nlNED,"DF,MF",Aston Villa,21-124,2004,5.3,10,1.89,8,1,0,0,0,1,1,0.19,1,0,0,0,0,0,Matches
Leandro Trossard,518,beBEL,FW,Arsenal,30-156,1994,26.2,80,3.06,63,2,5,5,4,1,6,0.23,6,0,0,0,0,0,Matches
Leif Davis,123,engENG,DF,Ipswich Town,25-117,2000,28.5,85,2.98,42,36,3,2,1,1,4,0.14,3,0,1,0,0,0,Matches
Leny Yoro,563,frFRA,DF,Manchester Utd,19-177,2005,12.4,8,0.65,5,0,0,2,0,1,0,0.00,0,0,0,0,0,0,Matches
Leon Bailey,43,jmJAM,"FW,MF",Aston Villa,27-273,1997,12.6,38,3.01,23,1,8,3,3,0,4,0.32,4,0,0,0,0,0,Matches
Lesley Ugochukwu,523,frFRA,MF,Southampton,21-044,2004,16.9,23,1.36,19,0,1,1,2,0,1,0.06,0,0,0,1,0,0,Matches
Levi Colwill,107,engENG,DF,Chelsea,22-072,2003,32.0,38,1.19,34,2,0,1,0,1,3,0.09,2,0,0,0,0,1,Matches
Lewis Cook,108,engENG,"MF,DF",Bournemouth,28-095,1997,31.3,87,2.78,67,18,0,2,0,0,5,0.16,2,1,0,2,0,0,Matches
Lewis Dunk,152,engENG,DF,Brighton,33-169,1991,23.1,19,0.82,17,0,0,2,0,0,3,0.13,2,0,0,1,0,0,Matches
Lewis Hall,224,engENG,DF,Newcastle Utd,20-243,2004,24.3,63,2.59,44,18,0,0,1,0,6,0.25,5,1,0,0,0,0,Matches
Lewis Miley,347,engENG,MF,Newcastle Utd,19-008,2006,2.8,3,1.08,2,0,0,0,0,1,0,0.00,0,0,0,0,0,0,Matches
Lewis Orford,396,engENG,MF,West Ham,19-080,2006,0.5,2,3.67,2,0,0,0,0,0,0,0.00,0,0,0,0,0,0,Matches
Liam Delap,127,engENG,FW,Ipswich Town,22-090,2003,27.7,62,2.24,28,0,12,7,13,2,7,0.25,3,0,2,0,2,0,Matches
Lisandro Martínez,329,arARG,DF,Manchester Utd,27-111,1998,19.5,26,1.34,23,0,0,2,0,1,2,0.10,2,0,0,0,0,0,Matches
Lloyd Kelly,277,engENG,DF,Newcastle Utd,26-215,1998,3.4,2,0.59,2,0,0,0,0,0,1,0.30,1,0,0,0,0,0,Matches
Lucas Bergvall,55,seSWE,MF,Tottenham,19-096,2006,13.5,22,1.63,16,4,0,2,0,0,4,0.30,3,0,0,1,0,0,Matches
Lucas Digne,135,frFRA,DF,Aston Villa,31-293,1993,25.1,63,2.51,39,18,1,4,0,1,5,0.20,5,0,0,0,0,0,Matches
Lucas Paquetá,404,brBRA,"MF,FW",West Ham,27-255,1997,26.0,79,3.04,65,2,2,4,5,1,6,0.23,3,0,0,2,1,0,Matches
Luis Díaz,133,coCOL,FW,Liverpool,28-116,1997,24.7,116,4.69,87,0,16,9,4,0,16,0.65,13,0,1,0,2,0,Matches
Luis Guilherme,217,brBRA,"MF,FW",West Ham,19-089,2006,1.5,10,6.52,6,1,1,1,1,0,0,0.00,0,0,0,0,0,0,Matches
Luis Sinisterra,470,coCOL,"FW,MF",Bournemouth,25-326,1999,2.6,14,5.29,11,0,1,2,0,0,1,0.38,1,0,0,0,0,0,Matches
Luke Shaw,464,engENG,DF,Manchester Utd,29-301,1995,2.4,9,3.72,7,2,0,0,0,0,0,0.00,0,0,0,0,0,0,Matches
Luke Thomas,503,engENG,DF,Leicester City,23-333,2001,9.7,12,1.24,8,3,0,0,0,1,1,0.10,1,0,0,0,0,0,Matches
Luke Woolfenden,560,engENG,DF,Ipswich Town,26-200,1998,13.2,2,0.15,2,0,0,0,0,0,0,0.00,0,0,0,0,0,0,Matches
Mads Hermansen,235,dkDEN,GK,Leicester City,24-302,2000,26.5,3,0.11,3,0,0,0,0,0,0,0.00,0,0,0,0,0,0,Matches
Mads Roerslev,438,dkDEN,DF,Brentford,25-319,1999,12.2,21,1.72,18,0,1,1,1,0,2,0.16,2,0,0,0,0,0,Matches
Malo Gusto,221,frFRA,DF,Chelsea,21-355,2003,20.4,57,2.80,56,0,0,1,0,0,4,0.20,4,0,0,0,0,0,Matches
Manuel Akanji,11,chSUI,DF,Manchester City,29-294,1995,19.4,34,1.75,34,0,0,0,0,0,2,0.10,2,0,0,0,0,0,Matches
Manuel Ugarte Ribeiro,522,uyURU,MF,Manchester Utd,24-028,2001,19.0,31,1.64,24,0,0,2,2,3,4,0.21,3,0,0,1,0,0,Matches
Marc Cucurella,113,esESP,DF,Chelsea,26-291,1998,30.2,48,1.59,42,3,0,2,1,0,5,0.17,4,1,0,0,0,0,Matches
Marc Guiu,219,esESP,FW,Chelsea,19-125,2006,0.8,1,1.22,1,0,0,0,0,0,0,0.00,0,0,0,0,0,0,Matches
Marc Guéhi,216,engENG,DF,Crystal Palace,24-300,2000,33.0,41,1.24,34,0,0,4,2,1,5,0.15,4,0,0,0,0,1,Matches
Marco Asensio,36,esESP,"MF,FW",Aston Villa,29-108,1996,6.0,27,4.50,16,7,0,1,2,1,3,0.50,2,0,0,1,0,0,Matches
Marcos Senesi,462,arARG,DF,Bournemouth,27-364,1997,11.3,16,1.42,16,0,0,0,0,0,1,0.09,1,0,0,0,0,0,Matches
Marcus Harness,226,engENG,MF,Ipswich Town,29-074,1996,0.5,2,4.00,2,0,0,0,0,0,0,0.00,0,0,0,0,0,0,Matches
Marcus Rashford,422,engENG,"FW,MF",Manchester Utd,27-190,1997,10.9,29,2.67,24,1,2,2,0,0,1,0.09,1,0,0,0,0,0,Matches
Marcus Tavernier,497,engENG,"FW,MF",Bournemouth,26-048,1999,18.6,85,4.58,58,12,3,8,4,0,11,0.59,5,3,0,2,1,0,Matches
Mario Lemina,298,gaGAB,"MF,DF",Wolves,31-250,1993,15.2,26,1.71,21,0,2,2,0,1,5,0.33,5,0,0,0,0,0,Matches
Mark Flekken,182,nlNED,GK,Brentford,31-330,1993,33.4,10,0.30,6,4,0,0,0,0,2,0.06,0,2,0,0,0,0,Matches
Mark Travers,515,ieIRL,GK,Bournemouth,25-356,1999,5.0,0,0.00,0,0,0,0,0,0,0,0.00,0,0,0,0,0,0,Matches
Marshall Munetsi,363,zwZIM,"MF,FW",Wolves,28-321,1996,9.8,16,1.64,12,0,0,1,2,1,1,0.10,1,0,0,0,0,0,Matches
Martial Godo,200,engENG,FW,Fulham,22-056,2003,0.2,0,0.00,0,0,0,0,0,0,0,0.00,0,0,0,0,0,0,Matches
Martin Dúbravka,151,skSVK,GK,Newcastle Utd,36-114,1989,10.0,0,0.00,0,0,0,0,0,0,0,0.00,0,0,0,0,0,0,Matches
Martin Ødegaard,568,noNOR,MF,Arsenal,26-143,1998,23.7,115,4.86,95,12,2,4,2,0,14,0.59,12,2,0,0,0,0,Matches
Mason Holgate,240,engENG,"FW,DF",Everton,28-199,1996,0.1,0,0.00,0,0,0,0,0,0,0,0.00,0,0,0,0,0,0,Matches
Mason Mount,360,engENG,"MF,FW",Manchester Utd,26-119,1999,4.8,15,3.14,9,2,0,3,1,0,0,0.00,0,0,0,0,0,0,Matches
Massimo Luongo,312,auAUS,MF,Ipswich Town,32-226,1992,2.2,0,0.00,0,0,0,0,0,0,0,0.00,0,0,0,0,0,0,Matches
Mateo Kovačić,288,hrCRO,MF,Manchester City,31-003,1994,22.8,63,2.77,52,0,3,4,3,1,6,0.26,4,0,1,1,0,0,Matches
Mateus Fernandes,180,ptPOR,MF,Southampton,20-303,2004,29.3,71,2.42,40,13,5,6,6,1,6,0.20,4,1,0,0,0,1,Matches
Matheus Cunha,115,brBRA,"MF,FW",Wolves,25-347,1999,26.9,118,4.38,67,11,17,8,12,3,16,0.59,10,0,4,0,1,1,Matches
Matheus França,187,brBRA,"FW,MF",Crystal Palace,21-038,2004,0.3,1,3.46,0,0,0,1,0,0,0,0.00,0,0,0,0,0,0,Matches
Matheus Nunes,380,ptPOR,"DF,MF",Manchester City,26-255,1998,16.6,39,2.35,32,1,2,2,2,0,6,0.36,4,0,1,1,0,0,Matches
Mathias Jensen,257,dkDEN,MF,Brentford,29-128,1996,9.1,38,4.19,27,10,1,0,0,0,5,0.55,2,2,1,0,0,0,Matches
Mathis Amougou,22,frFRA,MF,Chelsea,19-111,2006,0.1,0,0.00,0,0,0,0,0,0,0,0.00,0,0,0,0,0,0,Matches
Mathys Tel,500,frFRA,FW,Tottenham,20-012,2005,7.2,20,2.78,14,1,1,2,2,0,1,0.14,1,0,0,0,0,0,Matches
Mats Wieffer,549,nlNED,"MF,DF",Brighton,25-174,1999,8.3,26,3.14,24,0,0,2,0,0,4,0.48,4,0,0,0,0,0,Matches
Matt Doherty,141,ieIRL,DF,Wolves,33-113,1992,21.8,24,1.10,18,3,1,1,1,0,3,0.14,3,0,0,0,0,0,Matches
Matt O'Riley,385,dkDEN,MF,Brighton,24-169,2000,9.4,35,3.72,20,9,1,2,1,2,4,0.43,3,0,0,0,1,0,Matches
Matt Targett,495,engENG,DF,Newcastle Utd,29-233,1995,0.2,0,0.00,0,0,0,0,0,0,0,0.00,0,0,0,0,0,0,Matches
Matthijs de Ligt,304,nlNED,DF,Manchester Utd,25-270,1999,23.6,14,0.59,12,0,0,2,0,0,1,0.04,1,0,0,0,0,0,Matches
Matty Cash,88,plPOL,DF,Aston Villa,27-275,1997,20.0,22,1.10,20,1,1,0,0,0,2,0.10,2,0,0,0,0,0,Matches
Matz Sels,459,beBEL,GK,Nott'ham Forest,33-072,1992,35.0,5,0.14,2,3,0,0,0,0,0,0.00,0,0,0,0,0,0,Matches
Max Aarons,1,engENG,DF,Bournemouth,25-125,2000,1.0,2,2.09,2,0,0,0,0,0,0,0.00,0,0,0,0,0,0,Matches
Max Kilman,281,engENG,DF,West Ham,27-351,1997,34.2,29,0.85,26,0,2,0,0,1,3,0.09,2,0,1,0,0,0,Matches
Maxence Lacroix,293,frFRA,DF,Crystal Palace,25-033,2000,31.6,26,0.82,21,1,0,4,0,0,4,0.13,2,1,0,1,0,0,Matches
Maxwel Cornet,109,ciCIV,FW,Southampton,28-224,1996,0.8,0,0.00,0,0,0,0,0,0,0,0.00,0,0,0,0,0,0,Matches
Michael Golding,201,engENG,MF,Leicester City,18-351,2006,0.0,0,0.00,0,0,0,0,0,0,0,0.00,0,0,0,0,0,0,Matches
Michael Kayode,274,itITA,DF,Brentford,20-303,2004,3.2,10,3.09,5,3,1,0,1,0,3,0.93,3,0,0,0,0,0,Matches
Michael Keane,275,engENG,DF,Everton,32-118,1993,9.5,6,0.63,6,0,0,0,0,0,0,0.00,0,0,0,0,0,0,Matches
Michail Antonio,27,jmJAM,FW,West Ham,35-042,1990,9.3,22,2.37,14,0,1,5,1,1,4,0.43,0,0,0,4,0,0,Matches
Micky van de Ven,529,nlNED,DF,Tottenham,24-020,2001,10.6,11,1.04,8,0,0,2,1,0,2,0.19,2,0,0,0,0,0,Matches
Miguel Almirón,17,pyPAR,FW,Newcastle Utd,31-088,1994,1.7,8,4.59,6,0,1,1,0,0,0,0.00,0,0,0,0,0,0,Matches
Mikel Merino,344,esESP,"MF,FW",Arsenal,28-321,1996,15.8,39,2.48,33,0,0,5,1,0,4,0.25,3,0,0,1,0,0,Matches
Mikey Moore,355,engENG,FW,Tottenham,17-271,2007,2.3,10,4.33,6,2,0,1,1,0,2,0.87,1,0,0,1,0,0,Matches
Mikkel Damsgaard,118,dkDEN,"MF,FW",Brentford,24-310,2000,29.5,114,3.86,86,14,6,2,1,5,21,0.71,15,3,1,0,1,1,Matches
Milos Kerkez,278,huHUN,DF,Bournemouth,21-183,2003,34.2,76,2.22,61,4,1,2,5,3,9,0.26,7,0,1,0,0,1,Matches
Mohamed Salah,444,egEGY,FW,Liverpool,32-328,1992,34.5,157,4.56,114,2,20,14,5,2,26,0.75,19,0,5,2,0,0,Matches
Mohammed Kudus,291,ghGHA,"FW,MF",West Ham,24-280,2000,26.9,101,3.76,71,1,15,10,2,2,7,0.26,5,0,1,1,0,0,Matches
Moisés Caicedo,79,ecECU,"MF,DF",Chelsea,23-188,2001,34.2,94,2.75,82,0,2,0,3,7,9,0.26,6,0,0,0,2,1,Matches
Morato,356,brBRA,DF,Nott'ham Forest,23-313,2001,9.0,3,0.33,3,0,0,0,0,0,0,0.00,0,0,0,0,0,0,Matches
Morgan Gibbs-White,197,engENG,MF,Nott'ham Forest,25-102,2000,28.2,104,3.68,88,0,3,7,4,2,17,0.60,12,0,0,4,1,0,Matches
Morgan Rogers,439,engENG,"FW,MF",Aston Villa,22-287,2002,31.7,101,3.19,76,0,13,7,5,0,14,0.44,12,0,1,0,1,0,Matches
Murillo,367,brBRA,DF,Nott'ham Forest,22-309,2002,33.4,40,1.20,27,7,0,3,1,2,2,0.06,1,1,0,0,0,0,Matches
Mykhailo Mudryk,362,uaUKR,FW,Chelsea,24-124,2001,1.7,6,3.60,4,1,0,0,1,0,0,0.00,0,0,0,0,0,0,Matches
Myles Lewis-Skelly,303,engENG,DF,Arsenal,18-225,2006,13.0,24,1.85,18,0,1,0,5,0,0,0.00,0,0,0,0,0,0,Matches
Nasser Djiga,140,bfBFA,"DF,FW",Wolves,22-175,2002,0.2,0,0.00,0,0,0,0,0,0,0,0.00,0,0,0,0,0,0,Matches
Nathan Aké,12,nlNED,DF,Manchester City,30-080,1995,7.5,8,1.06,8,0,0,0,0,0,0,0.00,0,0,0,0,0,0,Matches
Nathan Broadhead,69,wlsWAL,"MF,FW",Ipswich Town,27-034,1998,6.7,19,2.83,14,0,5,0,0,0,2,0.30,1,0,1,0,0,0,Matches
Nathan Butler-Oyedeji,78,engENG,FW,Arsenal,22-125,2003,0.1,0,0.00,0,0,0,0,0,0,0,0.00,0,0,0,0,0,0,Matches
Nathan Collins,105,ieIRL,DF,Brentford,24-009,2001,35.0,30,0.86,22,2,1,3,2,0,8,0.23,4,1,0,1,2,0,Matches
Nathan Patterson,406,sctSCO,DF,Everton,23-205,2001,3.9,11,2.85,8,1,2,0,0,0,1,0.26,1,0,0,0,0,0,Matches
Nathan Wood-Gordon,559,engENG,DF,Southampton,22-343,2002,6.9,3,0.43,3,0,0,0,0,0,0,0.00,0,0,0,0,0,0,Matches
Nathaniel Clyne,102,engENG,"DF,MF",Crystal Palace,34-034,1991,5.4,3,0.56,3,0,0,0,0,0,0,0.00,0,0,0,0,0,0,Matches
Neco Williams,550,wlsWAL,DF,Nott'ham Forest,24-026,2001,25.8,46,1.78,33,5,0,5,3,0,6,0.23,4,1,0,1,0,0,Matches
Neto,375,brBRA,GK,Bournemouth,35-294,1989,2.0,0,0.00,0,0,0,0,0,0,0,0.00,0,0,0,0,0,0,Matches
Nick Pope,416,engENG,GK,Newcastle Utd,33-020,1992,25.0,6,0.24,6,0,0,0,0,0,0,0.00,0,0,0,0,0,0,Matches
Niclas Füllkrug,190,deGER,FW,West Ham,32-089,1993,7.4,19,2.56,17,0,0,2,0,0,2,0.27,1,0,0,1,0,0,Matches
Nico O’Reilly,400,engENG,DF,Manchester City,20-049,2005,5.7,12,2.11,9,1,1,0,1,0,2,0.35,2,0,0,0,0,0,Matches
Nicolas Jackson,252,snSEN,FW,Chelsea,23-323,2001,24.3,68,2.80,41,0,9,7,9,2,10,0.41,7,0,2,1,0,0,Matches
Nicolás Domínguez,143,arARG,"MF,FW",Nott'ham Forest,26-315,1998,19.3,32,1.66,24,1,0,2,3,2,0,0.00,0,0,0,0,0,0,Matches
Nicolás González,207,esESP,MF,Manchester City,23-126,2002,7.2,15,2.08,13,0,0,1,1,0,3,0.42,2,0,0,0,1,0,Matches
Nikola Milenković,346,rsSRB,DF,Nott'ham Forest,27-209,1997,34.0,18,0.53,14,0,0,3,0,1,3,0.09,3,0,0,0,0,0,Matches
Noni Madueke,316,engENG,FW,Chelsea,23-060,2002,20.1,76,3.77,54,0,10,7,4,1,8,0.40,5,0,0,1,1,1,Matches
Noussair Mazraoui,334,maMAR,DF,Manchester Utd,27-176,1997,29.3,50,1.71,40,2,1,2,3,2,1,0.03,1,0,0,0,0,0,Matches
Nélson Semedo,460,ptPOR,DF,Wolves,31-174,1993,29.6,52,1.76,37,1,7,1,3,3,6,0.20,6,0,0,0,0,0,Matches
Odsonne Édouard,156,frFRA,"MF,FW",Crystal Palace,27-113,1998,1.3,1,0.78,1,0,0,0,0,0,0,0.00,0,0,0,0,0,0,Matches
Ola Aina,8,ngNGA,DF,Nott'ham Forest,28-213,1996,30.4,58,1.91,46,5,3,1,2,1,3,0.10,2,0,0,0,0,1,Matches
Oleksandr Zinchenko,566,uaUKR,"DF,MF",Arsenal,28-145,1996,5.1,16,3.16,11,1,1,2,1,0,2,0.40,2,0,0,0,0,0,Matches
Oliver Scarles,453,engENG,DF,West Ham,19-148,2005,6.6,5,0.76,5,0,0,0,0,0,0,0.00,0,0,0,0,0,0,Matches
Oliver Skipp,471,engENG,MF,Leicester City,24-235,2000,11.1,14,1.27,12,1,0,0,1,0,0,0.00,0,0,0,0,0,0,Matches
Ollie Watkins,542,engENG,FW,Aston Villa,29-130,1995,25.9,51,1.97,34,0,4,7,6,0,11,0.42,7,0,1,1,2,0,Matches
Omar Marmoush,326,egEGY,"FW,MF",Manchester City,26-091,1999,11.1,33,2.98,18,3,1,4,7,0,1,0.09,0,0,0,0,1,0,Matches
Omari Hutchinson,244,engENG,"MF,FW",Ipswich Town,21-191,2003,25.7,68,2.65,49,0,8,5,4,2,6,0.23,6,0,0,0,0,0,Matches
Orel Mangala,323,beBEL,MF,Everton,27-052,1998,14.0,24,1.72,17,1,2,3,1,0,1,0.07,0,0,0,0,1,0,Matches
Oscar Bobb,60,noNOR,FW,Manchester City,21-301,2003,0.2,2,12.00,1,0,1,0,0,0,0,0.00,0,0,0,0,0,0,Matches
Pablo Sarabia,449,esESP,"MF,FW",Wolves,32-363,1992,8.0,25,3.14,17,6,2,0,0,0,4,0.50,3,0,1,0,0,0,Matches
Pape Matar Sarr,330,snSEN,MF,Tottenham,22-237,2002,19.2,42,2.19,34,2,2,3,0,1,6,0.31,4,0,1,1,0,0,Matches
Patrick Dorgu,144,dkDEN,DF,Manchester Utd,20-195,2004,7.0,13,1.86,12,0,0,0,1,0,1,0.14,0,0,0,0,1,0,Matches
Patson Daka,116,zmZAM,"FW,MF",Leicester City,26-212,1998,7.3,10,1.38,7,0,2,1,0,0,1,0.14,0,0,1,0,0,0,Matches
Pau Torres,511,esESP,DF,Aston Villa,28-113,1997,20.2,12,0.59,9,0,0,3,0,0,2,0.10,1,0,0,1,0,0,Matches
Paul Onuachu,394,ngNGA,FW,Southampton,30-346,1994,11.4,9,0.79,8,0,0,1,0,0,1,0.09,1,0,0,0,0,0,Matches
Pedro Lima,305,brBRA,DF,Wolves,18-312,2006,0.8,4,5.14,2,0,0,0,0,2,0,0.00,0,0,0,0,0,0,Matches
Pedro Neto,376,ptPOR,FW,Chelsea,25-061,2000,22.4,85,3.80,63,8,5,5,4,0,8,0.36,5,1,2,0,0,0,Matches
Pedro Porro,417,esESP,DF,Tottenham,25-238,1999,27.4,104,3.80,69,22,3,5,4,1,8,0.29,4,3,1,0,0,0,Matches
Pervis Estupiñán,168,ecECU,DF,Brighton,27-108,1998,24.7,52,2.11,34,13,0,2,3,0,4,0.16,3,0,0,0,1,0,Matches
Phil Foden,183,engENG,"MF,FW",Manchester City,24-346,2000,18.8,84,4.47,56,18,2,5,3,0,9,0.48,5,1,0,3,0,0,Matches
Philip Billing,58,dkDEN,MF,Bournemouth,28-332,1996,2.0,16,7.83,13,0,0,1,0,2,0,0.00,0,0,0,0,0,0,Matches
Radu Drăgușin,150,roROU,DF,Tottenham,23-095,2002,13.9,8,0.58,8,0,0,0,0,0,1,0.07,1,0,0,0,0,0,Matches
Raheem Sterling,485,engENG,"FW,MF",Arsenal,30-152,1994,4.9,18,3.71,14,0,2,2,0,0,3,0.62,3,0,0,0,0,0,Matches
Ramón Sosa,478,pyPAR,"FW,MF",Nott'ham Forest,25-251,1999,3.3,14,4.23,11,0,2,1,0,0,0,0.00,0,0,0,0,0,0,Matches
Rasmus Højlund,245,dkDEN,FW,Manchester Utd,22-094,2003,19.4,30,1.55,20,0,3,4,3,0,1,0.05,0,0,0,0,1,0,Matches
Rayan Aït-Nouri,9,dzALG,DF,Wolves,23-337,2001,31.8,78,2.45,47,13,7,7,3,1,12,0.38,10,1,0,0,0,1,Matches
Raúl Jiménez,259,mxMEX,FW,Fulham,34-004,1991,24.7,57,2.31,40,1,2,9,4,1,6,0.24,3,0,0,1,1,1,Matches
Reece James,253,engENG,"DF,MF",Chelsea,25-152,1999,9.3,15,1.61,9,5,0,1,0,0,1,0.11,0,0,0,1,0,0,Matches
Reiss Nelson,373,engENG,FW,Arsenal,25-150,1999,0.0,0,0.00,0,0,0,0,0,0,0,0.00,0,0,0,0,0,0,Matches
Remy Rees-Dottin,426,engENG,FW,Bournemouth,19-064,2006,0.0,0,0.00,0,0,0,0,0,0,0,0.00,0,0,0,0,0,0,Matches
Renato Veiga,527,ptPOR,"DF,MF",Chelsea,21-284,2003,2.0,1,0.49,0,0,0,1,0,0,0,0.00,0,0,0,0,0,0,Matches
Ricardo Pereira,408,ptPOR,DF,Leicester City,31-215,1993,3.8,3,0.79,3,0,0,0,0,0,0,0.00,0,0,0,0,0,0,Matches
Riccardo Calafiori,82,itITA,DF,Arsenal,22-355,2002,10.3,13,1.26,11,0,1,1,0,0,2,0.19,2,0,0,0,0,0,Matches
Richarlison,432,brBRA,FW,Tottenham,27-364,1997,5.3,8,1.51,5,0,0,2,1,0,1,0.19,1,0,0,0,0,0,Matches
Rico Henry,234,engENG,DF,Brentford,27-305,1997,0.9,1,1.08,1,0,0,0,0,0,1,1.08,1,0,0,0,0,0,Matches
Rico Lewis,301,engENG,"DF,MF",Manchester City,20-169,2004,20.2,31,1.54,30,0,0,0,1,0,3,0.15,3,0,0,0,0,0,Matches
Robert Sánchez,446,esESP,GK,Chelsea,27-172,1997,29.0,7,0.24,6,1,0,0,0,0,2,0.07,1,1,0,0,0,0,Matches
Robin Olsen,391,seSWE,GK,Aston Villa,35-121,1990,2.0,2,1.00,0,2,0,0,0,0,1,0.50,0,1,0,0,0,0,Matches
Rodri,436,esESP,MF,Manchester City,28-321,1996,0.7,2,2.77,2,0,0,0,0,0,0,0.00,0,0,0,0,0,0,Matches
Rodrigo Bentancur,52,uyURU,MF,Tottenham,27-318,1997,16.9,45,2.67,36,0,1,5,1,2,3,0.18,3,0,0,0,0,0,Matches
Rodrigo Gomes,203,ptPOR,"DF,FW",Wolves,21-306,2003,7.5,21,2.82,18,0,2,1,0,0,0,0.00,0,0,0,0,0,0,Matches
Rodrigo Muniz,364,brBRA,FW,Fulham,24-005,2001,10.7,17,1.59,10,0,2,2,2,1,2,0.19,1,0,1,0,0,0,Matches
Romain Esse,167,engENG,MF,Crystal Palace,19-361,2005,0.4,2,5.14,2,0,0,0,0,0,0,0.00,0,0,0,0,0,0,Matches
Roman Dixon,139,engENG,DF,Everton,20-134,2004,1.0,0,0.00,0,0,0,0,0,0,0,0.00,0,0,0,0,0,0,Matches
Roméo Lavia,297,beBEL,MF,Chelsea,21-123,2004,7.6,13,1.71,12,0,0,0,0,1,2,0.26,2,0,0,0,0,0,Matches
Ronnie Edwards,159,engENG,DF,Southampton,22-042,2003,0.1,0,0.00,0,0,0,0,0,0,0,0.00,0,0,0,0,0,0,Matches
Ross Barkley,45,engENG,MF,Aston Villa,31-155,1993,6.3,18,2.84,15,1,2,0,0,0,3,0.47,3,0,0,0,0,0,Matches
Ross Stewart,486,sctSCO,FW,Southampton,28-302,1996,3.2,2,0.63,1,0,0,1,0,0,0,0.00,0,0,0,0,0,0,Matches
Ryan Christie,99,sctSCO,MF,Bournemouth,30-076,1995,23.5,85,3.62,72,7,0,3,2,1,9,0.38,8,1,0,0,0,0,Matches
Ryan Fraser,188,sctSCO,"FW,DF",Southampton,31-074,1994,3.4,5,1.47,5,0,0,0,0,0,0,0.00,0,0,0,0,0,0,Matches
Ryan Gravenberch,209,nlNED,MF,Liverpool,22-358,2002,32.5,65,2.00,57,0,5,2,0,1,6,0.18,6,0,0,0,0,0,Matches
Ryan Manning,324,ieIRL,"DF,MF",Southampton,28-329,1996,16.2,50,3.08,25,22,0,1,1,1,3,0.18,0,2,0,0,1,0,Matches
Ryan Sessegnon,463,engENG,"FW,DF",Fulham,24-356,2000,5.2,17,3.25,14,0,0,2,1,0,3,0.57,3,0,0,0,0,0,Matches
Ryan Trevitt,516,engENG,MF,Brentford,22-058,2003,0.0,0,0.00,0,0,0,0,0,0,0,0.00,0,0,0,0,0,0,Matches
Ryan Yates,562,engENG,MF,Nott'ham Forest,27-169,1997,20.8,36,1.73,25,0,1,6,2,2,3,0.14,2,0,0,1,0,0,Matches
Rúben Dias,132,ptPOR,DF,Manchester City,27-360,1997,22.2,22,0.99,15,0,0,5,0,2,1,0.04,1,0,0,0,0,0,Matches
Sam Johnstone,265,engENG,GK,Wolves,32-045,1993,7.0,2,0.29,2,0,0,0,0,0,0,0.00,0,0,0,0,0,0,Matches
Sam Morsy,358,egEGY,MF,Ipswich Town,33-241,1991,27.6,40,1.45,35,4,0,0,1,0,2,0.07,2,0,0,0,0,0,Matches
Sammie Szmodics,493,ieIRL,"FW,MF",Ipswich Town,29-227,1995,10.9,9,0.83,7,0,1,1,0,0,0,0.00,0,0,0,0,0,0,Matches
Samuel Amo-Ameyaw,21,engENG,"FW,DF",Southampton,18-295,2006,0.3,2,6.43,1,0,0,0,1,0,0,0.00,0,0,0,0,0,0,Matches
Samuel Edozie,158,engENG,"DF,FW",Southampton,22-101,2003,0.7,4,5.54,3,0,0,0,1,0,0,0.00,0,0,0,0,0,0,Matches
Sander Berge,54,noNOR,MF,Fulham,27-084,1998,23.2,41,1.76,36,1,1,1,0,2,2,0.09,2,0,0,0,0,0,Matches
Sandro Tonali,510,itITA,MF,Newcastle Utd,25-001,2000,26.2,61,2.32,44,1,3,5,5,3,8,0.30,8,0,0,0,0,0,Matches
Santiago Bueno,73,uyURU,DF,Wolves,26-181,1998,18.7,12,0.64,10,1,0,0,0,1,4,0.21,3,0,0,0,0,1,Matches
Saša Lukić,310,rsSRB,MF,Fulham,28-269,1996,24.1,50,2.08,32,11,0,5,1,1,3,0.12,2,0,0,1,0,0,Matches
Scott McTominay,341,sctSCO,MF,Manchester Utd,28-152,1996,0.2,1,4.74,0,0,0,1,0,0,0,0.00,0,0,0,0,0,0,Matches
Sean Longstaff,309,engENG,MF,Newcastle Utd,27-191,1997,8.9,14,1.58,12,0,1,1,0,0,2,0.23,1,0,0,1,0,0,Matches
Sepp van den Berg,128,nlNED,DF,Brentford,23-140,2001,25.7,21,0.82,19,0,0,1,1,0,2,0.08,1,0,0,0,1,0,Matches
Sergio Reguilón,427,esESP,DF,Tottenham,28-144,1996,1.4,1,0.73,1,0,0,0,0,0,0,0.00,0,0,0,0,0,0,Matches
Shumaira Mheuka,345,engENG,MF,Chelsea,17-201,2007,0.0,0,0.00,0,0,0,0,0,0,0,0.00,0,0,0,0,0,0,Matches
Simon Adingra,5,ciCIV,"FW,MF",Brighton,23-128,2002,10.6,39,3.68,27,0,6,6,0,0,7,0.66,5,0,1,1,0,0,Matches
Solly March,325,engENG,"FW,MF",Brighton,30-293,1994,1.9,7,3.77,6,1,0,0,0,0,2,1.08,2,0,0,0,0,0,Matches
Son Heung-min,236,krKOR,FW,Tottenham,32-305,1992,22.3,116,5.21,86,8,10,7,5,0,15,0.67,13,0,0,1,1,0,Matches
Stefan Ortega,397,deGER,GK,Manchester City,32-184,1992,12.2,0,0.00,0,0,0,0,0,0,0,0.00,0,0,0,0,0,0,Matches
Stephy Mavididi,332,engENG,FW,Leicester City,26-343,1998,17.9,50,2.78,39,2,4,2,2,1,7,0.39,6,0,1,0,0,0,Matches
Sven Botman,63,nlNED,DF,Newcastle Utd,25-117,2000,2.6,0,0.00,0,0,0,0,0,0,0,0.00,0,0,0,0,0,0,Matches
Sávio,452,brBRA,"FW,MF",Manchester City,21-029,2004,19.3,107,5.55,76,2,15,4,7,3,15,0.78,10,0,2,1,1,1,Matches
Séamus Coleman,104,ieIRL,DF,Everton,36-210,1988,2.2,2,0.91,1,0,1,0,0,0,1,0.46,1,0,0,0,0,0,Matches
Taiwo Awoniyi,38,ngNGA,FW,Nott'ham Forest,27-270,1997,4.5,9,1.98,5,0,1,2,1,0,1,0.22,0,0,0,1,0,0,Matches
Takehiro Tomiyasu,509,jpJPN,DF,Arsenal,26-185,1998,0.1,1,12.86,1,0,0,0,0,0,0,0.00,0,0,0,0,0,0,Matches
Tariq Lamptey,295,ghGHA,DF,Brighton,24-221,2000,8.9,16,1.79,13,1,0,0,1,1,3,0.34,2,0,0,0,0,1,Matches
Taylor Harwood-Bellis,228,engENG,DF,Southampton,23-099,2002,29.5,37,1.25,32,0,0,3,1,1,2,0.07,1,0,0,1,0,0,Matches
Thiago,502,brBRA,FW,Brentford,23-317,2001,1.6,2,1.27,1,0,0,0,0,1,0,0.00,0,0,0,0,0,0,Matches
Thomas Partey,405,ghGHA,"MF,DF",Arsenal,31-330,1993,28.1,58,2.07,48,2,1,2,1,4,13,0.46,8,2,0,1,1,1,Matches
Tim Iroegbunam,248,engENG,MF,Everton,21-313,2003,6.3,10,1.59,6,0,1,0,1,2,1,0.16,1,0,0,0,0,0,Matches
Timo Werner,546,deGER,"FW,MF",Tottenham,29-064,1996,5.7,18,3.13,14,0,2,1,1,0,3,0.52,3,0,0,0,0,0,Matches
Timothy Castagne,90,beBEL,DF,Fulham,29-155,1995,18.3,25,1.36,21,0,1,2,1,0,3,0.16,2,0,0,1,0,0,Matches
Toby Collyer,106,engENG,MF,Manchester Utd,21-126,2004,2.0,5,2.50,4,0,0,1,0,0,0,0.00,0,0,0,0,0,0,Matches
Tom Cairney,80,sctSCO,MF,Fulham,34-109,1991,5.5,28,5.08,25,2,0,0,1,0,3,0.54,3,0,0,0,0,0,Matches
Tommy Doyle,149,engENG,MF,Wolves,23-204,2001,5.4,17,3.13,11,4,1,1,0,0,3,0.55,2,0,1,0,0,0,Matches
Tomáš Souček,479,czCZE,MF,West Ham,30-071,1995,25.9,43,1.66,35,0,0,5,2,1,3,0.12,2,0,0,0,1,0,Matches
Tosin Adarabioyo,4,engENG,DF,Chelsea,27-227,1997,13.7,12,0.88,7,0,0,5,0,0,1,0.07,0,0,0,1,0,0,Matches
Toti Gomes,204,ptPOR,DF,Wolves,26-113,1999,26.0,20,0.77,19,0,0,1,0,0,1,0.04,1,0,0,0,0,0,Matches
Trent Alexander-Arnold,15,engENG,DF,Liverpool,26-214,1998,25.5,94,3.68,72,14,4,4,0,0,10,0.39,9,1,0,0,0,0,Matches
Trevoh Chalobah,91,engENG,DF,Crystal Palace,25-308,1999,11.8,11,0.93,10,0,1,0,0,0,0,0.00,0,0,0,0,0,0,Matches
Tyler Adams,3,usUSA,MF,Bournemouth,26-084,1999,19.0,37,1.95,32,0,0,1,0,4,4,0.21,3,0,0,0,0,1,Matches
Tyler Dibling,134,engENG,"FW,MF",Southampton,19-058,2006,19.4,56,2.89,34,1,11,5,5,0,4,0.21,2,0,1,1,0,0,Matches
Tyler Fredricson,189,engENG,DF,Manchester Utd,20-075,2005,1.8,3,1.63,3,0,0,0,0,0,0,0.00,0,0,0,0,0,0,Matches
Tyrell Malacia,321,nlNED,DF,Manchester Utd,25-265,1999,1.1,2,1.80,1,0,0,0,1,0,0,0.00,0,0,0,0,0,0,Matches
Tyrick Mitchell,351,engENG,DF,Crystal Palace,25-250,1999,32.7,69,2.11,62,1,0,3,2,1,6,0.18,5,0,0,0,1,0,Matches
Tyrique George,196,engENG,FW,Chelsea,19-094,2006,1.1,6,5.24,5,0,1,0,0,0,1,0.87,1,0,0,0,0,0,Matches
Tyrone Mings,349,engENG,DF,Aston Villa,32-057,1993,11.7,17,1.45,14,0,0,1,1,1,2,0.17,1,0,0,1,0,0,Matches
Valentino Livramento,308,engENG,DF,Newcastle Utd,22-178,2002,28.6,39,1.37,37,0,0,1,1,0,2,0.07,2,0,0,0,0,0,Matches
Victor Bernth Kristiansen,56,dkDEN,DF,Leicester City,22-144,2002,26.4,41,1.55,32,6,1,0,2,0,3,0.11,3,0,0,0,0,0,Matches
Victor Lindelöf,306,seSWE,DF,Manchester Utd,30-296,1994,5.4,4,0.75,4,0,0,0,0,0,0,0.00,0,0,0,0,0,0,Matches
Virgil van Dijk,525,nlNED,DF,Liverpool,33-305,1991,35.0,47,1.34,40,0,1,3,1,2,4,0.11,4,0,0,0,0,0,Matches
Vitaliy Mykolenko,369,uaUKR,DF,Everton,25-345,1999,31.2,38,1.22,36,0,1,1,0,0,3,0.10,2,0,0,1,0,0,Matches
Vitaly Janelt,254,deGER,MF,Brentford,26-364,1998,25.0,32,1.28,31,1,0,0,0,0,3,0.12,3,0,0,0,0,0,Matches
Vitezslav Jaros,255,czCZE,GK,Liverpool,23-290,2001,0.1,0,0.00,0,0,0,0,0,0,0,0.00,0,0,0,0,0,0,Matches
Vitor Reis,428,brBRA,DF,Manchester City,19-117,2006,0.0,0,0.00,0,0,0,0,0,0,0,0.00,0,0,0,0,0,0,Matches
Vladimír Coufal,110,czCZE,DF,West Ham,32-260,1992,9.7,13,1.34,9,4,0,0,0,0,1,0.10,0,1,0,0,0,0,Matches
Wataru Endo,165,jpJPN,MF,Liverpool,32-089,1993,2.6,6,2.26,6,0,0,0,0,0,0,0.00,0,0,0,0,0,0,Matches
Welington,545,brBRA,"DF,MF",Southampton,24-079,2001,2.4,6,2.51,5,1,0,0,0,0,1,0.42,1,0,0,0,0,0,Matches
Wes Burns,77,wlsWAL,"FW,DF",Ipswich Town,30-167,1994,10.3,16,1.55,12,0,1,1,2,0,1,0.10,1,0,0,0,0,0,Matches
Wesley Fofana,184,frFRA,DF,Chelsea,24-143,2000,13.0,15,1.15,12,1,1,1,0,0,0,0.00,0,0,0,0,0,0,Matches
Wilfred Ndidi,371,ngNGA,MF,Leicester City,28-144,1996,23.9,27,1.13,25,0,1,1,0,0,3,0.13,3,0,0,0,0,0,Matches
Will Alves,19,engENG,FW,Leicester City,20-095,2005,0.0,0,0.00,0,0,0,0,0,0,0,0.00,0,0,0,0,0,0,Matches
Will Hughes,242,engENG,MF,Crystal Palace,30-022,1995,21.1,61,2.89,38,15,1,2,5,0,6,0.28,2,3,0,1,0,0,Matches
Will Lankshear,296,engENG,"FW,MF",Tottenham,20-019,2005,0.1,0,0.00,0,0,0,0,0,0,0,0.00,0,0,0,0,0,0,Matches
William Osula,398,dkDEN,FW,Newcastle Utd,21-278,2003,1.2,2,1.73,1,0,0,0,0,1,0,0.00,0,0,0,0,0,0,Matches
William Saliba,445,frFRA,DF,Arsenal,24-046,2001,32.3,26,0.81,24,0,0,1,0,1,1,0.03,1,0,0,0,0,0,Matches
William Smallbone,472,ieIRL,MF,Southampton,25-077,2000,7.2,15,2.09,11,3,0,1,0,0,0,0.00,0,0,0,0,0,0,Matches
Willian,551,brBRA,"FW,MF",Fulham,36-273,1988,2.7,15,5.60,10,3,0,2,0,0,0,0.00,0,0,0,0,0,0,Matches
Willy Boly,62,ciCIV,DF,Nott'ham Forest,34-095,1991,1.7,0,0.00,0,0,0,0,0,0,0,0.00,0,0,0,0,0,0,Matches
Wilson Odobert,388,frFRA,FW,Tottenham,20-162,2004,7.0,14,2.01,12,0,0,2,0,0,1,0.14,1,0,0,0,0,0,Matches
Wout Faes,174,beBEL,DF,Leicester City,27-036,1998,28.3,17,0.60,15,0,0,1,0,1,0,0.00,0,0,0,0,0,0,Matches
Woyo Coulibaly,111,frFRA,DF,Leicester City,25-354,1999,1.2,0,0.00,0,0,0,0,0,0,0,0.00,0,0,0,0,0,0,Matches
Yankuba Minteh,350,gmGAM,"FW,MF",Brighton,20-291,2004,17.6,54,3.07,31,8,11,2,1,1,11,0.62,5,0,5,1,0,0,Matches
Yasin Ayari,39,seSWE,MF,Brighton,21-215,2003,19.5,58,2.97,35,11,3,3,4,2,6,0.31,4,2,0,0,0,0,Matches
Yehor Yarmoliuk,561,uaUKR,MF,Brentford,21-069,2004,13.3,22,1.66,19,0,2,1,0,0,2,0.15,2,0,0,0,0,0,Matches
Yerson Mosquera,359,coCOL,DF,Wolves,24-007,2001,4.9,5,1.02,5,0,0,0,0,0,0,0.00,0,0,0,0,0,0,Matches
Yoane Wissa,557,cdCOD,FW,Brentford,28-248,1996,29.4,61,2.07,36,1,3,10,10,1,8,0.27,7,0,0,0,1,0,Matches
Youri Tielemans,504,beBEL,MF,Aston Villa,28-002,1997,33.3,119,3.57,78,31,3,4,2,1,12,0.36,9,3,0,0,0,0,Matches
Youssef Chermiti,94,ptPOR,"FW,MF",Everton,20-350,2004,0.5,0,0.00,0,0,0,0,0,0,0,0.00,0,0,0,0,0,0,Matches
Yukinari Sugawara,490,jpJPN,"DF,MF",Southampton,24-315,2000,16.3,39,2.39,30,5,1,3,0,0,1,0.06,1,0,0,0,0,0,Matches
Yunus Emre Konak,162,trTUR,"FW,MF",Brentford,19-119,2006,0.5,0,0.00,0,0,0,0,0,0,0,0.00,0,0,0,0,0,0,Matches
Yves Bissouma,59,mlMLI,MF,Tottenham,28-252,1996,14.4,15,1.04,14,0,0,0,0,1,0,0.00,0,0,0,0,0,0,Matches
Zain Silcott-Duberry,465,msMSR,FW,Bournemouth,19-304,2005,0.0,0,0.00,0,0,0,0,0,0,0,0.00,0,0,0,0,0,0,Matches
Álex Moreno,357,esESP,"DF,MF",Nott'ham Forest,31-335,1993,10.6,16,1.51,15,1,0,0,0,0,2,0.19,2,0,0,0,0,0,Matches
İlkay Gündoğan,220,deGER,MF,Manchester City,34-197,1990,22.8,74,3.25,58,8,4,4,0,0,11,0.48,9,1,0,1,0,0,Matches
Łukasz Fabiański,173,plPOL,GK,West Ham,40-021,1985,11.9,3,0.25,2,1,0,0,0,0,0,0.00,0,0,0,0,0,0,Matches
