Player,Rk,Nation,Pos,Squad,Age,Born,90s,CrdY,CrdR,2CrdY,Fls,Fld,Off,Crs,Int,TklW,PKwon,PKcon,OG,Recov,Won,Lost,Won%,Matches
Aaron Cresswell,112,engENG,DF,West Ham,35-145,1989,7.5,2,0,0,3,2,0,28,8,5,0,0,0,29,7,6,53.8,Matches
Aaron Ramsdale,420,engENG,GK,Southampton,26-360,1998,27.0,2,0,0,1,4,0,0,2,0,0,0,0,20,5,0,100.0,Matches
Aaron Wan-Bissaka,537,engENG,DF,West Ham,27-164,1997,32.0,1,0,0,22,25,4,70,60,45,0,0,1,163,22,30,42.3,Matches
Abdoulaye Doucouré,146,mlMLI,MF,Everton,32-128,1993,26.9,5,1,1,46,5,10,23,9,27,0,0,0,139,29,43,40.3,Matches
Abdukodir Khusanov,280,uzUZB,DF,Manchester City,21-069,2004,5.6,1,0,0,3,3,0,1,3,4,0,0,1,27,6,4,60.0,Matches
Abdul Fatawu Issahaku,175,ghGHA,FW,Leicester City,21-062,2004,6.4,0,0,0,11,20,2,30,4,15,0,0,0,38,14,13,51.9,Matches
Adam Armstrong,33,engENG,"FW,MF",Southampton,28-088,1997,13.9,4,0,0,12,5,9,14,3,3,0,0,0,23,5,9,35.7,Matches
Adam Lallana,294,engENG,MF,Southampton,36-364,1988,4.0,4,0,0,8,8,0,4,5,5,0,0,0,19,2,2,50.0,Matches
Adam Smith,473,engENG,DF,Bournemouth,34-010,1991,15.7,6,0,0,15,11,0,30,14,10,0,0,0,43,12,13,48.0,Matches
Adam Webster,543,engENG,DF,Brighton,30-125,1995,6.9,0,0,0,5,2,1,1,14,5,0,1,0,20,17,4,81.0,Matches
Adam Wharton,547,engENG,MF,Crystal Palace,20-341,2004,14.6,2,0,0,12,21,0,39,20,14,0,0,0,102,7,16,30.4,Matches
Adama Traoré,513,esESP,"FW,MF",Fulham,29-104,1996,17.7,3,0,0,20,29,1,92,1,12,0,0,0,78,24,26,48.0,Matches
Albert Grønbaek,214,dkDEN,"FW,MF",Southampton,23-351,2001,1.6,0,0,0,0,1,0,1,0,1,0,0,0,6,2,0,100.0,Matches
Alejandro Garnacho,194,arARG,"MF,FW",Manchester Utd,20-312,2004,23.8,3,0,0,12,41,10,52,13,18,0,0,0,108,3,23,11.5,Matches
Alex Iwobi,251,ngNGA,"FW,MF",Fulham,29-006,1996,31.1,1,0,0,17,17,5,120,13,23,0,0,0,126,6,31,16.2,Matches
Alex McCarthy,338,engENG,GK,Southampton,35-157,1989,5.0,0,0,0,0,1,0,0,0,0,0,0,0,4,2,0,100.0,Matches
Alex Palmer,401,engENG,GK,Ipswich Town,28-272,1996,11.0,2,0,0,1,2,0,0,0,0,0,0,0,15,4,0,100.0,Matches
Alex Scott,458,engENG,MF,Bournemouth,21-261,2003,7.9,2,0,0,13,26,0,6,10,13,0,0,0,50,7,7,50.0,Matches
Alexander Isak,250,seSWE,FW,Newcastle Utd,25-230,1999,28.6,1,0,0,25,13,20,15,3,5,1,0,0,55,26,52,33.3,Matches
Alexis Mac Allister,314,arARG,MF,Liverpool,26-136,1998,28.6,6,0,0,61,40,2,85,22,58,0,0,0,146,19,34,35.8,Matches
Alfie Dorrington,145,engENG,DF,Tottenham,20-019,2005,0.2,0,0,0,0,0,0,0,0,0,0,0,0,3,0,0,N/a,Matches
Alfie Pond,415,engENG,DF,Wolves,21-069,2004,0.0,0,0,0,0,0,0,0,0,0,0,0,0,0,0,0,N/a,Matches
Ali Al Hamadi,225,iqIRQ,FW,Ipswich Town,23-069,2002,1.5,3,0,0,8,3,1,0,0,0,0,0,0,4,5,9,35.7,Matches
Alisson,16,brBRA,GK,Liverpool,32-219,1992,24.9,0,0,0,0,2,0,0,0,0,0,0,0,42,6,0,100.0,Matches
Alphonse Areola,31,frFRA,GK,West Ham,32-071,1993,23.1,0,0,0,0,0,0,0,0,2,0,0,1,27,2,0,100.0,Matches
Altay Bayındır,48,trTUR,GK,Manchester Utd,27-025,1998,2.0,0,0,0,0,0,0,0,0,0,0,0,0,0,1,1,50.0,Matches
Amad Diallo,131,ciCIV,"FW,MF",Manchester Utd,22-302,2002,18.2,3,0,0,19,24,9,38,11,28,1,0,0,99,9,15,37.5,Matches
Amadou Onana,392,beBEL,MF,Aston Villa,23-266,2001,15.3,4,0,0,30,24,0,1,24,24,0,0,0,66,27,18,60.0,Matches
Andreas Pereira,407,brBRA,MF,Fulham,29-128,1996,20.9,7,0,0,27,23,1,168,8,12,1,0,0,97,12,21,36.4,Matches
Andrew Robertson,433,sctSCO,DF,Liverpool,31-059,1994,25.6,3,1,0,11,8,2,136,20,22,0,1,1,91,6,12,33.3,Matches
André,26,brBRA,MF,Wolves,23-297,2001,25.0,7,0,0,34,32,0,0,32,48,0,1,0,176,2,6,25.0,Matches
André Onana,393,cmCMR,GK,Manchester Utd,29-037,1996,33.0,0,0,0,0,2,0,0,0,1,0,0,0,33,6,0,100.0,Matches
Andrés García,193,esESP,"DF,MF",Aston Villa,22-091,2003,3.5,0,0,0,1,0,0,18,2,5,0,0,0,15,0,6,0.0,Matches
Andy Irving,249,sctSCO,MF,West Ham,24-361,2000,1.8,2,0,0,6,1,0,2,1,4,0,0,0,10,1,1,50.0,Matches
Anthony Elanga,160,seSWE,"FW,MF",Nott'ham Forest,23-012,2002,24.8,1,0,0,8,36,15,156,6,13,0,0,0,84,24,34,41.4,Matches
Anthony Gordon,208,engENG,FW,Newcastle Utd,24-074,2001,24.8,2,0,0,19,65,8,122,6,17,1,0,0,92,6,7,46.2,Matches
Antoine Semenyo,461,ghGHA,FW,Bournemouth,25-122,2000,32.6,9,0,0,66,36,14,52,10,34,1,0,0,150,61,72,45.9,Matches
Antonee Robinson,434,usUSA,DF,Fulham,27-274,1997,33.2,8,0,0,31,17,6,165,57,57,0,0,0,148,45,25,64.3,Matches
Antony,28,brBRA,"DF,MF",Manchester Utd,25-074,2000,1.6,0,0,0,2,5,0,5,2,3,0,0,0,11,0,1,0.0,Matches
Antonín Kinský,283,czCZE,GK,Tottenham,22-057,2003,4.0,0,0,0,0,0,0,0,0,1,0,0,0,4,2,0,100.0,Matches
Archie Gray,210,engENG,"DF,MF",Tottenham,19-058,2006,16.5,0,0,0,9,11,0,13,13,7,0,0,1,59,10,9,52.6,Matches
Arijanet Muric,366,xkKVX,GK,Ipswich Town,26-183,1998,18.0,1,0,0,0,4,0,0,0,0,0,0,0,26,11,1,91.7,Matches
Armando Broja,70,alALB,FW,Everton,23-241,2001,3.7,1,0,0,6,4,3,1,1,1,0,0,0,9,18,21,46.2,Matches
Armel Bella Kotchap,50,deGER,DF,Southampton,23-149,2001,3.7,0,0,0,3,2,0,0,5,5,0,0,0,19,6,5,54.5,Matches
Asher Agbinone,7,engENG,MF,Crystal Palace,19-223,2005,0.1,0,0,0,0,0,0,1,0,1,0,0,0,0,0,1,0.0,Matches
Ashley Young,564,engENG,"DF,FW",Everton,39-304,1985,18.0,6,1,0,25,18,0,66,23,29,0,0,0,61,10,11,47.6,Matches
Axel Disasi,137,frFRA,DF,Aston Villa,27-059,1998,5.4,2,0,0,3,2,2,1,5,5,0,0,0,15,8,6,57.1,Matches
Axel Tuanzebe,520,cdCOD,DF,Ipswich Town,27-176,1997,16.1,5,1,1,13,11,0,6,21,17,0,0,1,43,16,16,50.0,Matches
Ayden Heaven,230,engENG,DF,Manchester Utd,18-229,2006,1.1,0,0,0,2,3,0,0,1,3,0,0,0,4,1,2,33.3,Matches
Bart Verbruggen,530,nlNED,GK,Brighton,22-264,2002,33.0,5,0,0,0,2,0,0,0,0,0,0,0,58,10,1,90.9,Matches
Ben Brereton,68,clCHI,FW,Southampton,26-021,1999,5.0,1,0,0,4,8,1,5,0,2,0,0,0,16,9,7,56.3,Matches
Ben Chilwell,96,engENG,DF,Crystal Palace,28-139,1996,1.5,1,0,0,2,2,2,3,4,4,0,0,0,12,3,3,50.0,Matches
Ben Davies,122,wlsWAL,DF,Tottenham,32-015,1993,12.5,4,0,0,14,6,0,4,12,10,0,0,0,36,47,38,55.3,Matches
Ben Godfrey,199,engENG,DF,Ipswich Town,27-114,1998,1.8,1,0,0,1,0,0,0,2,0,0,0,0,2,3,0,100.0,Matches
Ben Johnson,263,engENG,"DF,FW",Ipswich Town,25-105,2000,15.0,5,1,1,27,6,1,37,13,22,0,0,0,57,19,18,51.4,Matches
Ben Mee,342,engENG,DF,Brentford,35-230,1989,2.0,2,0,0,5,0,0,0,4,2,0,0,0,11,5,5,50.0,Matches
Ben White,548,engENG,DF,Arsenal,27-213,1997,10.5,2,0,0,8,4,1,10,15,9,0,0,0,26,15,5,75.0,Matches
Ben Winterburn,556,engENG,"FW,MF",Bournemouth,20-247,2004,0.3,0,0,0,0,1,0,0,2,0,0,0,0,2,1,0,100.0,Matches
Benoît Badiashile,42,frFRA,DF,Chelsea,24-044,2001,3.7,0,0,0,6,2,0,0,6,6,0,0,0,18,8,2,80.0,Matches
Bernardo Silva,466,ptPOR,"MF,FW",Manchester City,30-272,1994,26.7,7,0,0,26,29,3,54,20,34,0,0,0,93,5,10,33.3,Matches
Bernd Leno,299,deGER,GK,Fulham,33-066,1992,35.0,4,0,0,0,3,0,0,0,2,0,0,0,48,9,0,100.0,Matches
Beto,57,gwGNB,FW,Everton,27-098,1998,14.1,2,0,0,30,18,14,3,3,6,0,0,0,30,78,92,45.9,Matches
Bilal El Khannouss,279,maMAR,MF,Leicester City,20-364,2004,22.3,4,0,0,28,11,1,83,6,26,0,0,0,84,19,20,48.7,Matches
Billy Gilmour,198,sctSCO,MF,Brighton,23-332,2001,1.1,0,0,0,2,3,0,1,0,3,0,0,0,5,0,0,N/a,Matches
Bobby De Cordova-Reid,126,jmJAM,FW,Leicester City,32-096,1993,8.3,2,0,0,9,9,4,15,0,4,1,0,0,29,6,14,30.0,Matches
Boubacar Kamara,273,frFRA,MF,Aston Villa,25-167,1999,16.3,2,0,0,25,28,0,1,17,20,0,0,0,73,17,23,42.5,Matches
Boubacar Traoré,514,mlMLI,MF,Wolves,23-262,2001,0.0,0,0,0,0,0,0,0,0,0,0,0,0,0,0,1,0.0,Matches
Boubakary Soumaré,480,frFRA,MF,Leicester City,26-071,1999,21.8,8,0,0,21,21,0,8,24,18,0,0,0,130,20,9,69.0,Matches
Brajan Gruda,213,deGER,"FW,MF",Brighton,20-343,2004,5.6,0,0,0,6,9,1,18,2,6,0,0,0,19,3,4,42.9,Matches
Brandon Austin,37,engENG,GK,Tottenham,26-121,1999,1.0,0,0,0,0,2,0,0,0,0,0,0,0,1,2,0,100.0,Matches
Brennan Johnson,264,wlsWAL,FW,Tottenham,23-351,2001,23.1,5,0,0,26,25,12,52,4,26,2,0,0,60,7,20,25.9,Matches
Bruno Fernandes,179,ptPOR,MF,Manchester Utd,30-243,1994,30.6,4,2,1,26,37,2,172,25,47,0,0,0,192,21,28,42.9,Matches
Bruno Guimarães,218,brBRA,MF,Newcastle Utd,27-174,1997,33.4,6,0,0,57,100,2,25,27,43,0,0,0,167,18,17,51.4,Matches
Bryan Mbeumo,335,cmCMR,FW,Brentford,25-275,1999,34.9,3,0,0,23,43,11,182,14,29,0,0,0,143,34,69,33.0,Matches
Bukayo Saka,443,engENG,"FW,MF",Arsenal,23-246,2001,17.1,3,0,0,14,38,5,110,3,13,1,0,0,65,8,19,29.6,Matches
Caleb Kporha,289,engENG,DF,Crystal Palace,18-298,2006,0.1,0,0,0,0,0,0,2,0,1,0,0,0,1,0,1,0.0,Matches
Caleb Okoli,390,itITA,DF,Leicester City,23-300,2001,12.5,4,0,0,16,9,0,1,15,14,0,0,0,44,23,21,52.3,Matches
Callum Hudson-Odoi,241,engENG,"FW,MF",Nott'ham Forest,24-183,2000,23.9,2,0,0,12,22,8,75,13,14,1,0,0,91,3,10,23.1,Matches
Callum Wilson,553,engENG,FW,Newcastle Utd,33-071,1992,3.2,1,0,0,3,1,3,2,1,2,0,0,0,10,2,14,12.5,Matches
Calvin Bassey,47,ngNGA,DF,Fulham,25-129,1999,32.2,7,0,0,26,31,2,7,18,33,0,0,0,156,40,31,56.3,Matches
Cameron Archer,30,engENG,FW,Southampton,23-292,2001,15.3,0,0,0,16,12,7,3,2,7,0,0,0,34,8,28,22.2,Matches
Cameron Burgess,75,auAUS,DF,Ipswich Town,29-200,1995,16.1,0,0,0,5,4,1,0,14,10,0,0,0,40,43,22,66.2,Matches
Caoimhín Kelleher,276,ieIRL,GK,Liverpool,26-167,1998,10.0,0,0,0,0,3,0,0,0,0,0,0,0,18,1,0,100.0,Matches
Carlos Alcaraz,13,arARG,MF,Southampton,22-160,2002,0.1,0,0,0,1,0,0,1,1,0,0,0,0,2,1,0,100.0,Matches
Carlos Baleba,44,cmCMR,MF,Brighton,21-126,2004,26.7,8,1,1,38,44,0,8,40,41,0,2,0,176,38,24,61.3,Matches
Carlos Forbs,185,ptPOR,"MF,FW",Wolves,21-051,2004,2.7,2,0,0,2,1,0,9,1,5,0,0,0,11,1,3,25.0,Matches
Carlos Soler,476,esESP,"MF,FW",West Ham,28-127,1997,15.1,5,0,0,24,18,0,31,8,11,0,0,0,64,9,11,45.0,Matches
Carlos Vinícius,533,brBRA,"MF,FW",Fulham,30-045,1995,0.2,0,0,0,0,2,0,0,0,0,0,0,0,0,0,0,N/a,Matches
Casemiro,86,brBRA,MF,Manchester Utd,33-075,1992,14.8,3,0,0,17,18,3,19,12,46,0,0,0,89,31,17,64.6,Matches
Chadi Riad,429,maMAR,DF,Crystal Palace,21-326,2003,1.0,0,0,0,1,0,0,0,2,2,0,0,0,4,2,4,33.3,Matches
Charlie Taylor,498,engENG,DF,Southampton,31-233,1993,3.0,1,0,0,2,2,0,9,3,5,0,0,0,7,4,2,66.7,Matches
Cheick Doucouré,147,mlMLI,MF,Crystal Palace,25-121,2000,5.0,1,0,0,7,7,0,1,11,8,0,0,0,31,5,5,50.0,Matches
Chidozie Obi-Martin,387,dkDEN,FW,Manchester Utd,17-161,2007,1.7,1,0,0,3,1,0,0,0,1,0,0,0,9,1,4,20.0,Matches
Chiedozie Ogbene,389,ieIRL,FW,Ipswich Town,28-008,1997,2.6,0,0,0,2,7,1,4,1,3,0,0,0,6,1,6,14.3,Matches
Chiquinho,97,ptPOR,MF,Wolves,25-093,2000,0.1,0,0,0,1,0,0,1,0,0,0,0,0,1,0,0,N/a,Matches
Chris Richards,431,usUSA,DF,Crystal Palace,25-042,2000,18.4,4,1,1,11,4,1,3,15,28,1,0,0,49,38,38,50.0,Matches
Chris Wood,558,nzNZL,FW,Nott'ham Forest,33-153,1991,29.9,1,0,0,24,21,26,1,5,4,0,0,0,44,88,129,40.6,Matches
Christian Eriksen,166,dkDEN,MF,Manchester Utd,33-084,1992,11.4,4,0,0,8,3,0,78,7,9,0,0,0,59,2,6,25.0,Matches
Christian Nørgaard,383,dkDEN,MF,Brentford,31-060,1994,28.3,6,1,0,41,28,1,15,45,45,0,0,0,179,44,29,60.3,Matches
Christian Walton,536,engENG,GK,Ipswich Town,29-181,1995,6.0,0,0,0,0,1,0,0,0,0,0,0,0,5,2,0,100.0,Matches
Christopher Nkunku,378,frFRA,FW,Chelsea,27-176,1997,10.2,2,0,0,16,11,3,4,7,8,0,0,0,29,16,22,42.1,Matches
Cody Gakpo,191,nlNED,FW,Liverpool,26-002,1999,19.1,5,0,0,17,25,5,68,11,14,1,0,0,66,15,24,38.5,Matches
Cole Palmer,402,engENG,MF,Chelsea,23-003,2002,32.5,6,0,0,13,57,6,134,11,17,1,0,0,100,1,7,12.5,Matches
Conor Bradley,65,nirNIR,DF,Liverpool,21-304,2003,6.3,3,0,0,9,10,0,6,3,8,0,0,0,36,7,7,50.0,Matches
Conor Chaplin,93,engENG,"MF,FW",Ipswich Town,28-082,1997,7.9,2,0,0,11,6,0,9,3,5,0,0,0,25,2,9,18.2,Matches
Conor Coady,103,engENG,DF,Leicester City,32-073,1993,16.0,2,0,0,7,2,1,0,13,8,0,2,0,50,13,19,40.6,Matches
Conor Townsend,512,engENG,DF,Ipswich Town,32-066,1993,3.7,1,0,0,2,4,0,12,4,8,0,0,0,8,6,4,60.0,Matches
Craig Dawson,124,engENG,DF,Wolves,35-003,1990,10.8,2,0,0,6,5,2,0,9,3,0,0,2,35,21,11,65.6,Matches
Cristian Romero,440,arARG,DF,Tottenham,27-012,1998,15.7,3,0,0,14,12,2,3,21,29,0,0,0,90,41,27,60.3,Matches
Crysencio Summerville,492,nlNED,"FW,MF",West Ham,23-191,2001,8.7,2,0,0,9,23,4,21,0,7,0,0,0,38,4,9,30.8,Matches
Curtis Jones,266,engENG,"MF,DF",Liverpool,24-099,2001,17.0,3,1,1,17,24,1,6,6,20,1,0,0,86,13,12,52.0,Matches
Daichi Kamada,272,jpJPN,MF,Crystal Palace,28-277,1996,15.8,4,1,0,27,19,2,29,16,27,0,0,0,72,3,13,18.8,Matches
Dan Burn,76,engENG,DF,Newcastle Utd,33-000,1992,34.0,10,0,0,30,11,5,3,25,19,0,0,2,95,134,65,67.3,Matches
Dane Scarlett,454,engENG,"FW,MF",Tottenham,21-046,2004,0.4,0,0,0,0,1,1,0,0,0,0,0,0,3,1,0,100.0,Matches
Dango Ouattara,399,bfBFA,FW,Bournemouth,23-087,2002,22.3,3,0,0,16,19,14,88,11,26,0,0,0,92,45,63,41.7,Matches
Daniel Bentley,53,engENG,GK,Wolves,31-300,1993,1.0,0,0,0,0,0,0,0,0,0,0,0,0,1,2,0,100.0,Matches
Daniel Jebbison,256,engENG,FW,Bournemouth,21-269,2003,0.9,1,0,0,2,2,0,1,1,2,0,0,0,8,2,9,18.2,Matches
Daniel Muñoz,365,coCOL,DF,Crystal Palace,28-348,1996,32.9,10,0,0,49,19,13,68,40,74,0,0,0,155,58,75,43.6,Matches
Daniel Podence,414,ptPOR,"MF,FW",Wolves,29-200,1995,0.5,0,0,0,0,2,0,1,0,0,0,0,0,1,0,1,0.0,Matches
Danilo,119,brBRA,"MF,FW",Nott'ham Forest,24-010,2001,3.0,0,0,0,1,0,0,3,3,3,0,0,0,18,1,1,50.0,Matches
Danny Ings,247,engENG,"FW,MF",West Ham,32-290,1992,3.2,0,0,0,0,2,0,3,1,2,1,0,0,9,8,10,44.4,Matches
Danny Ward,538,wlsWAL,GK,Leicester City,31-321,1993,1.5,0,0,0,0,0,0,0,0,0,0,0,0,1,0,0,N/a,Matches
Danny Welbeck,544,engENG,FW,Brighton,34-164,1990,21.6,5,0,0,11,22,4,3,5,14,0,0,0,40,15,29,34.1,Matches
Dara O'Shea,386,ieIRL,DF,Ipswich Town,26-066,1999,31.7,6,0,0,18,22,3,7,31,30,0,0,0,101,103,79,56.6,Matches
Darwin Núñez,381,uyURU,FW,Liverpool,25-319,1999,11.7,8,0,0,27,14,11,2,3,16,1,0,0,39,17,30,36.2,Matches
David Brooks,71,wlsWAL,"FW,MF",Bournemouth,27-305,1997,9.2,3,0,0,8,15,0,44,5,4,0,0,0,44,7,10,41.2,Matches
David Raya,424,esESP,GK,Arsenal,29-236,1995,35.0,2,0,0,1,9,0,0,2,0,0,1,0,38,10,0,100.0,Matches
Dean Henderson,233,engENG,GK,Crystal Palace,28-058,1997,35.0,3,0,0,0,1,0,0,0,1,0,0,0,25,11,1,91.7,Matches
Dean Huijsen,243,esESP,DF,Bournemouth,20-025,2005,24.8,8,0,0,29,10,2,12,49,23,0,0,0,96,64,41,61.0,Matches
Declan Rice,430,engENG,MF,Arsenal,26-115,1999,29.4,7,1,1,20,16,2,157,25,24,0,0,0,143,31,24,56.4,Matches
Dejan Kulusevski,292,seSWE,"MF,FW",Tottenham,25-014,2000,26.3,3,0,0,47,38,5,89,13,23,0,0,0,119,10,15,40.0,Matches
Destiny Udogie,521,itITA,DF,Tottenham,22-162,2002,20.4,2,0,0,29,38,2,19,21,47,0,0,1,109,13,13,50.0,Matches
Diego Carlos,84,brBRA,DF,Aston Villa,32-055,1993,9.2,1,0,0,11,1,1,0,5,3,0,0,0,36,11,10,52.4,Matches
Diego Gómez,205,pyPAR,MF,Brighton,22-043,2003,4.9,0,0,0,7,2,1,9,7,10,0,0,0,30,8,4,66.7,Matches
Diogo Dalot,117,ptPOR,DF,Manchester Utd,26-052,1999,31.0,5,0,0,40,9,4,65,37,39,0,1,0,164,38,21,64.4,Matches
Diogo Jota,268,ptPOR,FW,Liverpool,28-156,1996,12.8,2,0,0,22,14,1,8,7,8,1,0,0,40,22,30,42.3,Matches
Divin Mubama,361,engENG,FW,Manchester City,20-196,2004,0.3,0,0,0,0,0,0,0,0,0,0,0,0,1,0,1,0.0,Matches
Djed Spence,481,engENG,DF,Tottenham,24-273,2000,17.8,4,1,1,20,23,2,25,18,30,0,0,1,101,20,13,60.6,Matches
Dominic Calvert-Lewin,83,engENG,FW,Everton,28-054,1997,17.6,2,0,0,27,23,27,6,6,7,0,0,0,32,84,80,51.2,Matches
Dominic Solanke,475,engENG,FW,Tottenham,27-237,1997,23.5,0,0,0,36,36,5,4,0,11,0,0,1,37,44,59,42.7,Matches
Dominik Szoboszlai,494,huHUN,MF,Liverpool,24-196,2000,25.3,6,0,0,37,23,4,34,9,20,0,0,0,122,18,22,45.0,Matches
Donyell Malen,322,nlNED,FW,Aston Villa,26-120,1999,3.3,0,0,0,1,4,2,7,0,4,0,0,0,8,4,4,50.0,Matches
Dwight McNeil,340,engENG,"MF,FW",Everton,25-168,1999,14.0,1,0,0,6,14,1,97,5,6,0,0,0,71,3,15,16.7,Matches
Eberechi Eze,172,engENG,"MF,FW",Crystal Palace,26-314,1998,27.0,1,0,0,11,49,9,103,11,22,0,0,0,133,7,37,15.9,Matches
Eddie Nketiah,377,engENG,"FW,MF",Crystal Palace,25-344,1999,9.9,6,1,1,26,24,4,5,2,6,1,0,0,22,18,32,36.0,Matches
Ederson,154,brBRA,GK,Manchester City,31-265,1993,22.8,3,0,0,1,0,0,0,1,0,0,1,0,38,4,1,80.0,Matches
Edmond-Paris Maghoma,318,engENG,"MF,FW",Brentford,24-001,2001,1.3,0,0,0,2,4,0,3,1,1,0,0,0,7,1,3,25.0,Matches
Edson Álvarez,18,mxMEX,MF,West Ham,27-197,1997,18.1,8,1,1,37,18,4,6,16,23,0,0,0,78,28,20,58.3,Matches
Eiran Cashin,89,ieIRL,DF,Brighton,23-181,2001,0.2,0,0,0,0,0,0,1,0,0,0,0,0,1,2,1,66.7,Matches
Elliot Anderson,25,engENG,MF,Nott'ham Forest,22-184,2002,27.4,7,0,0,43,55,4,78,30,52,0,0,0,197,47,23,67.1,Matches
Emerson Palmieri,403,itITA,DF,West Ham,30-279,1994,23.4,5,0,0,25,13,0,64,21,31,0,0,0,84,18,20,47.4,Matches
Emi Buendía,72,arARG,"MF,FW",Aston Villa,28-135,1996,1.1,1,0,0,4,6,0,0,0,6,0,0,0,8,0,2,0.0,Matches
Emil Krafth,290,seSWE,DF,Newcastle Utd,30-280,1994,3.2,0,0,0,3,1,0,1,2,2,0,0,0,17,5,7,41.7,Matches
Emile Smith Rowe,474,engENG,MF,Fulham,24-285,2000,21.0,2,0,0,18,12,4,13,11,18,0,0,0,69,6,17,26.1,Matches
Emiliano Martínez,328,arARG,GK,Aston Villa,32-249,1992,33.0,4,0,0,1,5,0,0,0,3,0,0,0,29,8,1,88.9,Matches
Emmanuel Agbadou,6,ciCIV,DF,Wolves,27-326,1997,12.7,2,0,0,5,4,1,1,9,18,0,0,0,66,22,16,57.9,Matches
Enes Ünal,524,trTUR,"FW,MF",Bournemouth,27-364,1997,3.8,2,0,0,6,9,1,4,0,0,0,0,0,16,24,22,52.2,Matches
Enzo Fernández,181,arARG,MF,Chelsea,24-112,2001,29.7,7,0,0,47,48,1,105,13,32,0,0,0,147,14,28,33.3,Matches
Eric da Silva Moreira,468,deGER,"MF,DF",Nott'ham Forest,19-006,2006,0.3,0,0,0,0,0,0,0,1,2,0,0,0,2,0,0,N/a,Matches
Erling Haaland,223,noNOR,FW,Manchester City,24-292,2000,27.6,2,0,0,22,12,4,3,5,5,0,0,0,29,49,45,52.1,Matches
Ethan Nwaneri,382,engENG,"FW,MF",Arsenal,18-049,2007,9.1,1,0,0,8,5,6,51,2,7,0,0,0,33,4,7,36.4,Matches
Ethan Pinnock,413,jmJAM,DF,Brentford,31-345,1993,21.3,2,0,0,8,4,0,9,24,19,0,1,1,50,63,43,59.4,Matches
Evan Ferguson,177,ieIRL,FW,West Ham,20-202,2004,1.7,0,0,0,1,2,0,0,1,1,0,0,0,8,5,10,33.3,Matches
Evanilson,169,brBRA,FW,Bournemouth,25-215,1999,22.9,1,1,0,33,45,17,0,0,10,5,0,0,59,39,58,40.2,Matches
Ezri Konsa,287,engENG,DF,Aston Villa,27-198,1997,29.6,0,0,0,6,42,0,5,21,17,0,0,0,89,31,22,58.5,Matches
Fabian Schär,456,chSUI,DF,Newcastle Utd,33-140,1991,29.6,7,1,0,32,12,4,10,41,21,0,0,0,125,46,61,43.0,Matches
Fabio Carvalho,85,ptPOR,"FW,MF",Brentford,22-252,2002,5.1,1,0,0,5,10,1,10,3,9,0,0,0,30,2,6,25.0,Matches
Facundo Buonanotte,74,arARG,"FW,MF",Leicester City,20-137,2004,16.4,7,0,0,35,33,3,41,11,32,0,0,0,77,17,35,32.7,Matches
Federico Chiesa,95,itITA,FW,Liverpool,27-196,1997,0.5,0,0,0,2,1,0,2,0,0,0,0,0,4,0,1,0.0,Matches
Ferdi Kadioglu,271,trTUR,"DF,MF",Brighton,25-214,1999,4.3,1,0,0,5,3,1,9,8,6,0,0,0,14,3,1,75.0,Matches
Filip Jørgensen,270,dkDEN,GK,Chelsea,23-023,2002,6.0,0,0,0,1,1,0,0,0,0,0,1,0,5,0,0,N/a,Matches
Flynn Downes,148,engENG,MF,Southampton,26-109,1999,20.9,10,0,0,46,35,0,3,30,24,0,0,0,75,14,13,51.9,Matches
Frank Onyeka,395,ngNGA,MF,Brentford,27-128,1998,0.3,0,0,0,2,0,0,0,0,0,0,0,0,2,0,0,N/a,Matches
Fraser Forster,186,engENG,GK,Tottenham,37-053,1988,7.0,0,0,0,0,0,0,0,0,0,0,0,0,1,1,0,100.0,Matches
Gabriel Jesus,258,brBRA,FW,Arsenal,28-036,1997,6.8,4,0,0,14,10,9,7,4,6,0,0,0,28,9,18,33.3,Matches
Gabriel Magalhães,317,brBRA,DF,Arsenal,27-141,1997,26.3,4,0,0,19,19,0,9,16,15,1,0,0,63,53,37,58.9,Matches
Gabriel Martinelli,327,brBRA,"FW,MF",Arsenal,23-325,2001,22.7,1,0,0,14,20,8,83,4,15,0,0,0,72,15,30,33.3,Matches
George Edmundson,155,engENG,DF,Ipswich Town,27-251,1997,0.0,0,0,0,0,0,0,0,0,0,0,0,0,0,0,0,N/a,Matches
George Hirst,239,sctSCO,FW,Ipswich Town,26-083,1999,5.5,2,0,0,12,10,2,3,2,3,0,0,0,8,30,20,60.0,Matches
Georginio Rutter,441,frFRA,"MF,FW",Brighton,23-019,2002,18.4,2,0,0,34,45,7,9,10,15,0,1,0,66,25,46,35.2,Matches
Gonçalo Guedes,215,ptPOR,"MF,FW",Wolves,28-161,1996,8.7,1,0,0,14,15,3,17,5,4,0,0,0,34,3,11,21.4,Matches
Guglielmo Vicario,532,itITA,GK,Tottenham,28-214,1996,23.0,1,0,0,0,2,0,0,1,0,0,0,0,32,9,0,100.0,Matches
Guido Rodríguez,437,arARG,MF,West Ham,31-027,1994,11.3,5,0,0,15,11,1,4,12,16,0,0,0,46,8,7,53.3,Matches
Gustavo Nunes,379,brBRA,"FW,MF",Brentford,19-170,2005,0.1,0,0,0,0,0,0,0,0,2,0,0,0,0,0,0,N/a,Matches
Hamza Choudhury,98,bdBAN,"MF,DF",Leicester City,27-220,1997,1.5,0,0,0,1,0,0,5,5,1,0,0,0,2,0,0,N/a,Matches
Harrison Armstrong,34,engENG,MF,Everton,18-110,2007,0.5,1,0,0,2,2,0,1,0,0,0,0,0,2,0,2,0.0,Matches
Harrison Reed,425,engENG,MF,Fulham,30-102,1995,1.2,2,0,0,6,2,0,6,1,3,0,1,0,10,1,2,33.3,Matches
Harry Amass,20,engENG,DF,Manchester Utd,18-054,2007,2.8,0,0,0,2,4,1,6,2,2,0,0,0,17,5,5,50.0,Matches
Harry Clarke,100,engENG,DF,Ipswich Town,24-068,2001,4.2,3,1,1,5,1,0,5,4,3,0,1,0,17,10,4,71.4,Matches
Harry Maguire,319,engENG,DF,Manchester Utd,32-065,1993,17.1,7,0,0,17,9,1,3,37,13,0,0,0,57,52,22,70.3,Matches
Harry Toffolo,508,engENG,DF,Nott'ham Forest,29-263,1995,1.5,1,0,0,1,0,0,4,2,3,0,0,0,2,1,0,100.0,Matches
Harry Wilson,554,wlsWAL,"FW,MF",Fulham,28-048,1997,11.1,2,0,0,10,20,1,38,5,9,1,0,0,50,4,18,18.2,Matches
Harry Winks,555,engENG,MF,Leicester City,29-096,1996,17.1,4,0,0,9,13,0,34,9,11,0,0,0,106,8,6,57.1,Matches
Harvey Barnes,46,engENG,FW,Newcastle Utd,27-151,1997,16.7,0,0,0,11,20,5,41,6,9,0,0,0,49,5,14,26.3,Matches
Harvey Elliott,161,engENG,"MF,FW",Liverpool,22-035,2003,3.0,1,0,0,0,0,1,10,1,3,0,0,0,10,1,2,33.3,Matches
Hwang Hee-chan,232,krKOR,"MF,FW",Wolves,29-103,1996,7.2,0,0,0,6,8,0,8,2,4,0,0,0,27,3,9,25.0,Matches
Hákon Rafn Valdimarsson,419,isISL,GK,Brentford,23-208,2001,1.6,0,0,0,0,0,0,0,0,0,0,0,0,1,1,0,100.0,Matches
Ian Maatsen,313,nlNED,DF,Aston Villa,23-060,2002,10.6,2,0,0,9,9,3,48,15,15,0,0,0,61,8,6,57.1,Matches
Ibrahim Sangaré,448,ciCIV,MF,Nott'ham Forest,27-158,1997,4.1,3,0,0,11,5,0,0,3,11,0,0,0,29,6,9,40.0,Matches
Ibrahima Konaté,286,frFRA,DF,Liverpool,25-349,1999,25.8,5,0,0,26,18,0,0,12,25,0,0,0,86,72,28,72.0,Matches
Idrissa Gana Gueye,192,snSEN,MF,Everton,35-225,1989,31.0,8,0,0,51,41,0,7,44,74,0,0,0,180,23,15,60.5,Matches
Igor,246,brBRA,DF,Brighton,27-091,1998,10.0,4,0,0,9,6,0,2,4,4,0,0,0,40,8,6,57.1,Matches
Iliman Ndiaye,370,snSEN,FW,Everton,25-064,2000,25.0,3,0,0,24,47,5,38,17,25,0,0,0,163,6,19,24.0,Matches
Illia Zabarnyi,565,uaUKR,DF,Bournemouth,22-250,2002,31.6,3,1,0,18,6,0,5,38,32,0,0,0,143,72,40,64.3,Matches
Ismaila Sarr,451,snSEN,"MF,FW",Crystal Palace,27-073,1998,27.6,4,0,0,13,54,11,55,9,10,1,0,0,103,32,46,41.0,Matches
Issa Diop,136,frFRA,DF,Fulham,28-120,1997,14.9,2,0,0,10,4,0,1,9,12,0,0,1,45,20,12,62.5,Matches
Jack Clarke,101,engENG,"FW,MF",Ipswich Town,24-167,2000,11.7,2,0,0,15,21,3,13,7,17,0,0,0,67,7,14,33.3,Matches
Jack Grealish,211,engENG,"FW,MF",Manchester City,29-241,1995,8.0,3,0,0,5,25,0,20,2,5,0,0,0,26,1,7,12.5,Matches
Jack Harrison,227,engENG,FW,Everton,28-170,1996,21.1,0,0,0,13,26,4,118,9,21,1,0,0,65,4,26,13.3,Matches
Jack Hinshelwood,238,engENG,"DF,MF",Brighton,20-028,2005,19.4,5,0,0,16,7,0,26,15,18,0,0,0,58,19,15,55.9,Matches
Jack Stephens,484,engENG,DF,Southampton,31-102,1994,13.4,2,2,0,12,4,1,1,11,19,0,1,0,41,6,8,42.9,Matches
Jack Taylor,499,ieIRL,MF,Ipswich Town,26-320,1998,8.5,3,0,0,16,4,0,6,9,10,0,0,0,48,7,7,50.0,Matches
Jacob Greaves,212,engENG,DF,Ipswich Town,24-239,2000,21.5,5,0,0,12,19,1,1,18,19,0,0,0,48,65,38,63.1,Matches
Jacob Murphy,368,engENG,FW,Newcastle Utd,30-074,1995,23.8,3,0,0,11,14,3,110,11,15,1,0,0,92,4,15,21.1,Matches
Jacob Ramsey,421,engENG,"FW,MF",Aston Villa,23-346,2001,16.8,2,0,0,12,25,5,10,7,15,1,0,0,77,6,10,37.5,Matches
Jaden Philogene Bidace,410,engENG,"FW,MF",Aston Villa,23-090,2002,3.7,4,1,1,12,8,1,4,3,5,0,0,0,21,0,5,0.0,Matches
Jadon Sancho,447,engENG,FW,Chelsea,25-045,2000,18.7,2,0,0,6,11,6,23,2,6,2,0,0,97,5,10,33.3,Matches
Jahmai Simpson-Pusey,469,engENG,DF,Manchester City,19-186,2005,1.1,1,0,0,0,1,0,0,0,0,0,0,0,3,1,3,25.0,Matches
Jake Evans,170,N/a,FW,Leicester City,N/a,N/a,0.1,0,0,0,0,0,0,0,0,0,0,0,0,0,0,1,0.0,Matches
Jake O'Brien,384,ieIRL,DF,Everton,23-359,2001,15.5,5,0,0,13,4,3,18,4,16,0,0,0,51,33,27,55.0,Matches
Jakub Kiwior,284,plPOL,DF,Arsenal,25-083,2000,9.5,0,0,0,8,3,1,1,3,7,0,0,0,19,8,7,53.3,Matches
Jakub Moder,353,plPOL,MF,Brighton,26-032,1999,0.1,0,0,0,0,0,0,1,0,0,0,0,0,2,0,1,0.0,Matches
Jakub Stolarczyk,487,plPOL,GK,Leicester City,24-141,2000,7.0,1,0,0,0,0,0,0,0,1,0,0,0,8,4,0,100.0,Matches
James Bree,67,engENG,DF,Southampton,27-210,1997,9.9,0,0,0,2,4,0,24,8,10,0,0,0,56,12,5,70.6,Matches
James Garner,195,engENG,"MF,DF",Everton,24-057,2001,14.7,3,0,0,18,14,0,52,17,27,0,0,0,64,10,8,55.6,Matches
James Hill,237,engENG,DF,Bournemouth,23-119,2002,5.0,1,0,0,7,5,0,10,9,8,0,0,0,13,14,12,53.8,Matches
James Justin,269,engENG,DF,Leicester City,27-075,1998,29.7,5,0,0,23,37,2,53,44,29,0,0,0,79,61,48,56.0,Matches
James Maddison,315,engENG,MF,Tottenham,28-167,1996,20.1,6,0,0,32,64,4,98,12,19,0,0,0,76,5,7,41.7,Matches
James Mcatee,336,engENG,"MF,FW",Manchester City,22-203,2002,3.4,1,0,0,5,3,0,5,2,2,0,0,0,8,2,3,40.0,Matches
James Milner,348,engENG,MF,Brighton,39-125,1986,1.9,1,0,0,3,1,0,8,2,2,0,0,0,2,0,1,0.0,Matches
James Tarkowski,496,engENG,DF,Everton,32-171,1992,32.5,6,0,0,35,28,2,1,41,40,0,1,0,98,102,33,75.6,Matches
James Ward-Prowse,540,engENG,MF,West Ham,30-189,1994,9.0,2,0,0,10,2,0,39,5,10,0,0,0,43,6,4,60.0,Matches
Jamie Vardy,526,engENG,FW,Leicester City,38-118,1987,29.5,5,0,0,22,21,25,11,5,13,2,0,0,35,49,51,49.0,Matches
Jan Bednarek,49,plPOL,DF,Southampton,29-027,1996,27.1,7,0,0,31,12,0,1,54,18,0,1,0,106,68,36,65.4,Matches
Jan Paul van Hecke,231,nlNED,DF,Brighton,24-335,2000,29.9,8,1,1,23,23,0,11,23,26,0,0,0,120,78,48,61.9,Matches
Jannik Vestergaard,531,dkDEN,DF,Leicester City,32-279,1992,15.5,5,0,0,12,4,0,0,16,10,0,0,1,46,26,19,57.8,Matches
Jarell Quansah,418,engENG,DF,Liverpool,22-100,2003,4.5,2,0,0,9,1,0,2,6,8,0,1,1,16,6,10,37.5,Matches
Jarrad Branthwaite,66,engENG,DF,Everton,22-316,2002,26.1,4,0,0,10,17,1,5,23,20,0,0,0,84,53,38,58.2,Matches
Jarrod Bowen,64,engENG,"FW,MF",West Ham,28-140,1996,30.2,1,0,0,19,49,10,101,16,24,0,0,0,120,12,46,20.7,Matches
Jason Steele,483,engENG,GK,Brighton,34-264,1990,2.0,0,0,0,0,1,0,0,0,0,0,0,0,7,1,1,50.0,Matches
Jay Robinson,435,engENG,"MF,FW",Southampton,18-055,2007,0.4,0,0,0,1,1,0,0,0,1,0,0,0,5,0,1,0.0,Matches
Jay Stansfield,482,engENG,MF,Fulham,22-166,2002,0.0,0,0,0,1,0,0,0,0,0,0,0,0,0,0,0,N/a,Matches
Jayden Danns,120,engENG,MF,Liverpool,19-113,2006,0.1,0,0,0,0,0,0,0,0,0,0,0,0,0,0,0,N/a,Matches
Jayden Meghoma,343,engENG,DF,Brentford,18-315,2006,0.1,0,0,0,0,0,0,0,0,0,0,0,0,1,0,0,N/a,Matches
Jean-Clair Todibo,507,frFRA,DF,West Ham,25-130,1999,17.4,2,0,0,11,5,0,3,21,24,0,0,0,65,23,24,48.9,Matches
Jean-Philippe Mateta,331,frFRA,FW,Crystal Palace,27-315,1997,28.0,2,0,0,27,26,17,25,2,12,0,0,0,64,60,99,37.7,Matches
Jean-Ricner Bellegarde,51,frFRA,"MF,FW",Wolves,26-316,1998,17.2,3,0,0,29,41,1,40,10,22,0,0,0,57,9,18,33.3,Matches
Jefferson Lerma,300,coCOL,"MF,DF",Crystal Palace,30-196,1994,22.6,8,0,0,34,36,0,11,37,15,0,0,0,139,39,39,50.0,Matches
Jeffrey Schlupp,457,ghGHA,"MF,DF",Crystal Palace,32-137,1992,1.1,0,0,0,1,0,0,4,0,0,0,0,0,6,3,4,42.9,Matches
Jens Cajuste,81,seSWE,MF,Ipswich Town,25-272,1999,19.8,2,0,0,21,21,0,9,25,19,0,0,0,99,12,21,36.4,Matches
Jeremy Doku,142,beBEL,"FW,MF",Manchester City,22-347,2002,15.5,1,0,0,7,31,5,51,4,19,0,0,0,57,0,11,0.0,Matches
Jeremy Monga,354,N/a,"FW,MF",Leicester City,N/a,N/a,0.6,0,0,0,0,1,0,2,0,1,0,0,0,5,0,1,0.0,Matches
Jeremy Sarmiento,450,ecECU,MF,Brighton,22-327,2002,0.1,0,0,0,0,0,0,0,0,0,0,0,0,1,0,0,N/a,Matches
Jesper Lindstrøm,307,dkDEN,FW,Everton,25-069,2000,13.8,2,0,0,15,10,1,71,12,25,0,0,0,70,6,12,33.3,Matches
Joachim Andersen,23,dkDEN,DF,Crystal Palace,28-343,1996,1.0,1,0,0,2,0,0,1,0,1,0,0,0,7,2,0,100.0,Matches
Joe Aribo,32,ngNGA,"MF,DF",Southampton,28-292,1996,21.2,1,0,0,20,28,1,10,20,30,0,1,0,110,25,21,54.3,Matches
Joe Gomez,206,engENG,DF,Liverpool,27-351,1997,5.8,1,0,0,2,3,0,2,7,10,0,0,0,34,9,4,69.2,Matches
Joe Lumley,311,engENG,GK,Southampton,30-083,1995,3.0,0,0,0,0,0,0,0,0,0,0,0,0,2,2,1,66.7,Matches
Joe Willock,552,engENG,"MF,FW",Newcastle Utd,25-262,1999,11.4,3,0,0,22,13,3,16,6,16,0,0,0,40,5,14,26.3,Matches
Joel Ward,539,engENG,DF,Crystal Palace,35-192,1989,0.0,0,0,0,0,0,0,0,0,0,0,0,0,0,1,0,100.0,Matches
Joelinton,262,brBRA,"MF,FW",Newcastle Utd,28-268,1996,26.6,10,0,0,58,35,7,16,23,35,0,0,0,149,59,46,56.2,Matches
John McGinn,339,sctSCO,"MF,FW",Aston Villa,30-203,1994,22.8,7,0,0,43,67,3,54,14,22,1,0,0,94,16,11,59.3,Matches
John Stones,488,engENG,"DF,MF",Manchester City,30-346,1994,6.1,1,0,0,2,2,0,0,4,2,0,0,0,22,8,6,57.1,Matches
Jonny Evans,171,nirNIR,DF,Manchester Utd,37-126,1988,3.2,1,0,0,5,6,0,0,4,5,0,0,0,15,8,3,72.7,Matches
Jordan Ayew,40,ghGHA,"FW,MF",Crystal Palace,33-240,1991,0.2,1,0,0,1,0,0,1,0,0,0,0,0,1,1,1,50.0,Matches
Jordan Pickford,412,engENG,GK,Everton,31-063,1994,35.0,7,0,0,0,7,0,0,1,0,0,0,0,31,4,1,80.0,Matches
Jorge Cuenca,114,esESP,DF,Fulham,25-173,1999,2.9,0,0,0,2,2,0,1,2,2,0,0,0,9,6,3,66.7,Matches
Jorginho,267,itITA,MF,Arsenal,33-140,1991,7.8,5,0,0,15,17,0,1,7,4,0,0,0,54,1,6,14.3,Matches
Joshua Acheampong,2,engENG,DF,Chelsea,19-004,2006,1.9,1,0,0,0,1,0,0,1,1,0,0,0,7,1,6,14.3,Matches
Joshua King,282,engENG,"MF,FW",Fulham,18-126,2007,0.9,0,0,0,2,2,0,1,1,3,0,0,0,3,0,0,N/a,Matches
Joshua Zirkzee,567,nlNED,"FW,MF",Manchester Utd,23-352,2001,15.6,2,0,0,9,13,3,4,6,8,1,0,0,57,21,54,28.0,Matches
José Sá,442,ptPOR,GK,Wolves,32-112,1993,27.0,2,0,0,4,8,0,0,0,2,0,4,0,31,9,1,90.0,Matches
Jota Silva,467,ptPOR,"FW,MF",Nott'ham Forest,25-281,1999,9.4,5,0,0,24,23,8,21,12,13,1,0,0,42,21,27,43.8,Matches
João Félix,176,ptPOR,"FW,MF",Chelsea,25-180,1999,4.1,2,0,0,6,17,1,0,3,3,0,0,0,22,4,5,44.4,Matches
João Gomes,202,brBRA,MF,Wolves,24-086,2001,30.9,10,1,1,67,41,1,27,25,62,0,0,0,178,9,24,27.3,Matches
João Pedro,261,brBRA,"FW,MF",Brighton,23-225,2001,21.6,4,1,0,26,46,2,22,9,12,3,1,0,59,41,43,48.8,Matches
Joël Veltman,528,nlNED,DF,Brighton,33-114,1992,18.5,4,0,0,27,42,0,23,18,28,0,1,0,68,21,18,53.8,Matches
Joško Gvardiol,222,hrCRO,DF,Manchester City,23-106,2002,33.4,2,0,0,13,23,2,19,38,34,0,0,0,132,48,33,59.3,Matches
Julian Araujo,29,mxMEX,DF,Bournemouth,23-269,2001,4.7,1,0,0,5,1,0,6,6,3,0,0,0,28,2,7,22.2,Matches
Julio Enciso,163,pyPAR,"FW,MF",Ipswich Town,21-106,2004,7.9,3,0,0,8,16,0,15,1,8,0,1,0,39,7,16,30.4,Matches
Julio Soler,477,arARG,FW,Bournemouth,20-082,2005,0.0,0,0,0,0,1,0,0,0,1,0,0,0,0,0,0,N/a,Matches
Jurriën Timber,506,nlNED,DF,Arsenal,23-326,2001,26.9,7,0,0,31,29,6,28,22,38,0,0,0,94,22,20,52.4,Matches
Justin Devenny,129,nirNIR,MF,Crystal Palace,21-210,2003,4.8,1,0,0,7,0,1,17,0,9,0,0,0,21,2,13,13.3,Matches
Justin Kluivert,285,nlNED,"MF,FW",Bournemouth,26-004,1999,24.0,8,0,0,42,29,5,80,13,9,1,0,0,73,7,25,21.9,Matches
Jáder Durán,153,coCOL,FW,Aston Villa,21-147,2003,7.1,3,1,0,14,15,5,3,0,7,0,0,0,19,19,19,50.0,Matches
Jørgen Strand Larsen,489,noNOR,FW,Wolves,25-092,2000,27.4,4,0,0,46,18,14,6,5,6,0,0,0,42,66,96,40.7,Matches
Kaelan Casey,87,engENG,DF,West Ham,20-193,2004,0.0,0,0,0,0,0,0,0,0,0,0,0,0,0,1,0,100.0,Matches
Kai Havertz,229,deGER,"FW,MF",Arsenal,25-332,1999,20.4,4,0,0,36,21,14,11,6,9,0,0,0,39,62,73,45.9,Matches
Kalvin Phillips,409,engENG,MF,Ipswich Town,29-158,1995,13.7,6,1,1,28,20,0,20,19,19,0,0,0,68,7,22,24.1,Matches
Kamaldeen Sulemana,491,ghGHA,"FW,MF",Southampton,23-083,2002,13.1,2,0,0,19,10,2,25,6,14,0,0,0,52,9,21,30.0,Matches
Kaoru Mitoma,352,jpJPN,"FW,MF",Brighton,27-354,1997,28.0,1,0,0,39,23,5,72,13,26,0,0,0,92,24,27,47.1,Matches
Kasey McAteer,337,ieIRL,"FW,MF",Leicester City,23-168,2001,6.8,2,0,0,15,14,2,16,3,11,0,0,0,33,10,16,38.5,Matches
Keane Lewis-Potter,302,engENG,"DF,FW",Brentford,24-076,2001,31.5,6,0,0,16,29,4,71,19,26,1,0,0,136,26,34,43.3,Matches
Kenny Tete,501,nlNED,DF,Fulham,29-212,1995,16.7,4,0,0,28,14,1,29,29,34,0,0,0,65,18,12,60.0,Matches
Kepa Arrizabalaga,35,esESP,GK,Bournemouth,30-218,1994,28.0,3,0,0,2,5,0,0,0,0,0,2,0,52,7,1,87.5,Matches
Kevin Danso,121,atAUT,DF,Tottenham,26-232,1998,6.4,0,0,0,7,9,0,1,3,5,0,0,0,22,18,9,66.7,Matches
Kevin De Bruyne,125,beBEL,"MF,FW",Manchester City,33-315,1991,17.1,2,0,0,16,16,5,122,7,9,0,0,0,56,4,15,21.1,Matches
Kevin Schade,455,deGER,FW,Brentford,23-163,2001,23.0,3,0,0,20,33,13,36,5,23,0,0,0,78,81,65,55.5,Matches
Kieran Tierney,505,sctSCO,"DF,FW",Arsenal,27-338,1997,2.0,0,0,0,0,2,2,10,2,4,0,0,0,3,3,5,37.5,Matches
Kieran Trippier,517,engENG,DF,Newcastle Utd,34-232,1990,14.2,1,0,0,16,11,2,79,12,20,0,0,0,65,21,15,58.3,Matches
Kiernan Dewsbury-Hall,130,engENG,"MF,FW",Chelsea,26-245,1998,2.9,0,0,0,4,6,0,2,1,5,0,0,0,9,0,1,0.0,Matches
Kim Jisoo,260,krKOR,DF,Brentford,20-136,2004,0.3,0,0,0,1,0,0,0,0,0,0,0,0,0,0,0,N/a,Matches
Kobbie Mainoo,320,engENG,MF,Manchester Utd,20-020,2005,16.7,5,0,0,27,19,2,5,19,25,0,0,0,79,19,27,41.3,Matches
Konstantinos Mavropanos,333,grGRE,DF,West Ham,27-149,1997,21.6,6,1,1,17,14,3,2,38,22,0,0,0,68,56,24,70.0,Matches
Kosta Nedeljković,372,rsSRB,DF,Aston Villa,19-144,2005,1.4,0,0,0,0,1,0,1,0,5,0,0,0,4,0,1,0.0,Matches
Kostas Tsimikas,519,grGRE,DF,Liverpool,28-362,1996,8.3,2,0,0,9,6,1,61,10,18,0,0,0,27,5,6,45.5,Matches
Kristoffer Ajer,10,noNOR,DF,Brentford,27-022,1998,15.6,5,0,0,12,6,1,14,12,17,0,0,0,42,27,22,55.1,Matches
Kyle Walker,534,engENG,DF,Manchester City,34-346,1990,10.8,3,0,0,6,5,1,14,3,10,0,0,0,46,9,7,56.3,Matches
Kyle Walker-Peters,535,engENG,DF,Southampton,28-026,1997,32.4,5,0,0,28,52,2,51,19,29,0,0,0,135,11,21,34.4,Matches
Lamare Bogarde,61,nlNED,"DF,MF",Aston Villa,21-124,2004,5.3,2,0,0,8,11,0,0,1,6,0,0,0,13,6,6,50.0,Matches
Leandro Trossard,518,beBEL,FW,Arsenal,30-156,1994,26.2,4,1,1,25,43,6,79,9,17,0,0,0,93,6,22,21.4,Matches
Leif Davis,123,engENG,DF,Ipswich Town,25-117,2000,28.5,5,1,0,25,30,3,148,25,26,0,2,0,111,33,22,60.0,Matches
Leny Yoro,563,frFRA,DF,Manchester Utd,19-177,2005,12.4,5,0,0,9,2,1,1,18,11,0,0,0,45,16,15,51.6,Matches
Leon Bailey,43,jmJAM,"FW,MF",Aston Villa,27-273,1997,12.6,3,0,0,12,18,3,34,3,4,1,0,0,59,6,9,40.0,Matches
Lesley Ugochukwu,523,frFRA,MF,Southampton,21-044,2004,16.9,6,0,0,28,14,0,6,14,24,0,1,0,62,20,17,54.1,Matches
Levi Colwill,107,engENG,DF,Chelsea,22-072,2003,32.0,8,0,0,42,19,4,13,32,30,0,1,0,110,76,51,59.8,Matches
Lewis Cook,108,engENG,"MF,DF",Bournemouth,28-095,1997,31.3,8,0,0,46,10,3,127,40,42,0,1,0,182,40,34,54.1,Matches
Lewis Dunk,152,engENG,DF,Brighton,33-169,1991,23.1,5,0,0,7,11,2,5,13,10,0,0,1,104,51,31,62.2,Matches
Lewis Hall,224,engENG,DF,Newcastle Utd,20-243,2004,24.3,3,0,0,9,21,1,110,18,41,0,0,0,119,30,31,49.2,Matches
Lewis Miley,347,engENG,MF,Newcastle Utd,19-008,2006,2.8,0,0,0,3,1,0,0,2,9,0,0,0,16,5,5,50.0,Matches
Lewis Orford,396,engENG,MF,West Ham,19-080,2006,0.5,0,0,0,0,0,0,1,1,0,0,0,0,7,0,1,0.0,Matches
Liam Delap,127,engENG,FW,Ipswich Town,22-090,2003,27.7,10,0,0,67,50,13,5,2,7,2,0,0,66,53,69,43.4,Matches
Lisandro Martínez,329,arARG,DF,Manchester Utd,27-111,1998,19.5,7,0,0,22,7,0,9,32,24,0,0,0,81,16,13,55.2,Matches
Lloyd Kelly,277,engENG,DF,Newcastle Utd,26-215,1998,3.4,2,0,0,5,5,1,1,1,4,0,0,0,19,6,2,75.0,Matches
Lucas Bergvall,55,seSWE,MF,Tottenham,19-096,2006,13.5,3,0,0,20,17,0,21,24,19,0,0,0,73,9,8,52.9,Matches
Lucas Digne,135,frFRA,DF,Aston Villa,31-293,1993,25.1,4,0,0,20,14,7,138,25,37,0,0,0,100,35,27,56.5,Matches
Lucas Paquetá,404,brBRA,"MF,FW",West Ham,27-255,1997,26.0,9,0,0,52,62,6,28,17,37,0,1,0,146,48,57,45.7,Matches
Luis Díaz,133,coCOL,FW,Liverpool,28-116,1997,24.7,2,0,0,48,30,10,30,7,21,2,0,0,98,12,33,26.7,Matches
Luis Guilherme,217,brBRA,"MF,FW",West Ham,19-089,2006,1.5,0,0,0,0,4,0,8,3,0,0,0,0,7,2,1,66.7,Matches
Luis Sinisterra,470,coCOL,"FW,MF",Bournemouth,25-326,1999,2.6,0,0,0,4,2,1,7,1,2,0,0,0,17,3,7,30.0,Matches
Luke Shaw,464,engENG,DF,Manchester Utd,29-301,1995,2.4,1,0,0,2,0,0,9,2,3,0,0,1,9,3,2,60.0,Matches
Luke Thomas,503,engENG,DF,Leicester City,23-333,2001,9.7,1,0,0,6,6,0,23,18,20,0,1,0,36,11,11,50.0,Matches
Luke Woolfenden,560,engENG,DF,Ipswich Town,26-200,1998,13.2,2,0,0,5,2,1,0,19,6,0,0,0,38,15,15,50.0,Matches
Mads Hermansen,235,dkDEN,GK,Leicester City,24-302,2000,26.5,1,0,0,0,3,0,0,0,1,0,0,0,17,4,1,80.0,Matches
Mads Roerslev,438,dkDEN,DF,Brentford,25-319,1999,12.2,2,0,0,6,10,0,31,4,8,0,0,0,39,10,14,41.7,Matches
Malo Gusto,221,frFRA,DF,Chelsea,21-355,2003,20.4,4,0,0,20,19,2,51,23,28,0,0,0,116,8,15,34.8,Matches
Manuel Akanji,11,chSUI,DF,Manchester City,29-294,1995,19.4,3,0,0,16,9,0,11,7,11,0,0,0,89,26,29,47.3,Matches
Manuel Ugarte Ribeiro,522,uyURU,MF,Manchester Utd,24-028,2001,19.0,10,0,0,38,33,0,7,26,46,0,0,1,117,17,18,48.6,Matches
Marc Cucurella,113,esESP,DF,Chelsea,26-291,1998,30.2,10,1,1,34,33,3,29,25,39,0,0,0,119,30,51,37.0,Matches
Marc Guiu,219,esESP,FW,Chelsea,19-125,2006,0.8,0,0,0,0,0,0,0,0,1,0,0,0,2,0,1,0.0,Matches
Marc Guéhi,216,engENG,DF,Crystal Palace,24-300,2000,33.0,9,1,1,23,26,1,13,25,31,0,0,3,137,68,57,54.4,Matches
Marco Asensio,36,esESP,"MF,FW",Aston Villa,29-108,1996,6.0,1,0,0,8,7,2,23,1,5,0,0,0,22,0,1,0.0,Matches
Marcos Senesi,462,arARG,DF,Bournemouth,27-364,1997,11.3,5,0,0,19,7,0,10,11,21,0,0,0,67,23,27,46.0,Matches
Marcus Harness,226,engENG,MF,Ipswich Town,29-074,1996,0.5,0,0,0,0,0,1,0,0,0,0,0,0,2,0,0,N/a,Matches
Marcus Rashford,422,engENG,"FW,MF",Manchester Utd,27-190,1997,10.9,2,0,0,8,7,7,27,4,4,0,0,0,24,5,7,41.7,Matches
Marcus Tavernier,497,engENG,"FW,MF",Bournemouth,26-048,1999,18.6,5,0,0,28,23,4,91,5,24,0,0,0,101,25,31,44.6,Matches
Mario Lemina,298,gaGAB,"MF,DF",Wolves,31-250,1993,15.2,4,0,0,17,8,4,10,27,31,0,1,0,73,25,16,61.0,Matches
Mark Flekken,182,nlNED,GK,Brentford,31-330,1993,33.4,1,0,0,0,3,0,0,0,4,0,0,0,37,4,0,100.0,Matches
Mark Travers,515,ieIRL,GK,Bournemouth,25-356,1999,5.0,0,0,0,0,1,0,0,0,0,0,0,0,3,1,0,100.0,Matches
Marshall Munetsi,363,zwZIM,"MF,FW",Wolves,28-321,1996,9.8,0,0,0,15,10,3,6,6,10,0,0,0,31,24,18,57.1,Matches
Martial Godo,200,engENG,FW,Fulham,22-056,2003,0.2,0,0,0,0,0,0,1,1,0,0,0,0,0,0,1,0.0,Matches
Martin Dúbravka,151,skSVK,GK,Newcastle Utd,36-114,1989,10.0,0,0,0,0,1,0,0,0,0,0,0,0,18,4,0,100.0,Matches
Martin Ødegaard,568,noNOR,MF,Arsenal,26-143,1998,23.7,4,0,0,10,23,1,81,4,11,0,0,0,91,8,7,53.3,Matches
Mason Holgate,240,engENG,"FW,DF",Everton,28-199,1996,0.1,0,0,0,0,0,0,0,0,0,0,0,0,0,0,1,0.0,Matches
Mason Mount,360,engENG,"MF,FW",Manchester Utd,26-119,1999,4.8,3,0,0,14,7,0,9,3,4,0,0,0,15,4,6,40.0,Matches
Massimo Luongo,312,auAUS,MF,Ipswich Town,32-226,1992,2.2,0,0,0,1,2,0,1,2,5,0,0,0,10,1,0,100.0,Matches
Mateo Kovačić,288,hrCRO,MF,Manchester City,31-003,1994,22.8,5,0,0,23,23,0,0,20,38,0,0,0,110,9,8,52.9,Matches
Mateus Fernandes,180,ptPOR,MF,Southampton,20-303,2004,29.3,8,0,0,42,53,4,104,21,46,0,0,0,165,13,9,59.1,Matches
Matheus Cunha,115,brBRA,"MF,FW",Wolves,25-347,1999,26.9,3,0,0,41,69,8,123,17,21,0,0,0,123,10,27,27.0,Matches
Matheus França,187,brBRA,"FW,MF",Crystal Palace,21-038,2004,0.3,0,0,0,0,0,0,1,0,0,0,0,0,2,0,0,N/a,Matches
Matheus Nunes,380,ptPOR,"DF,MF",Manchester City,26-255,1998,16.6,4,0,0,28,17,6,39,13,21,0,1,0,60,13,16,44.8,Matches
Mathias Jensen,257,dkDEN,MF,Brentford,29-128,1996,9.1,2,0,0,7,10,0,31,8,9,0,0,0,45,8,5,61.5,Matches
Mathis Amougou,22,frFRA,MF,Chelsea,19-111,2006,0.1,0,0,0,0,0,0,0,0,0,0,0,0,2,0,0,N/a,Matches
Mathys Tel,500,frFRA,FW,Tottenham,20-012,2005,7.2,1,0,0,8,8,0,29,0,3,0,0,0,29,4,3,57.1,Matches
Mats Wieffer,549,nlNED,"MF,DF",Brighton,25-174,1999,8.3,5,0,0,20,6,1,7,13,22,0,0,0,57,25,19,56.8,Matches
Matt Doherty,141,ieIRL,DF,Wolves,33-113,1992,21.8,6,0,0,18,11,2,18,21,20,0,0,1,99,48,19,71.6,Matches
Matt O'Riley,385,dkDEN,MF,Brighton,24-169,2000,9.4,1,0,0,13,12,1,43,13,9,1,0,1,24,5,7,41.7,Matches
Matt Targett,495,engENG,DF,Newcastle Utd,29-233,1995,0.2,0,0,0,0,0,0,1,1,0,0,0,0,2,0,0,N/a,Matches
Matthijs de Ligt,304,nlNED,DF,Manchester Utd,25-270,1999,23.6,3,0,0,16,12,2,6,33,22,0,2,0,68,58,29,66.7,Matches
Matty Cash,88,plPOL,DF,Aston Villa,27-275,1997,20.0,6,0,0,25,16,1,33,21,27,0,2,0,64,17,19,47.2,Matches
Matz Sels,459,beBEL,GK,Nott'ham Forest,33-072,1992,35.0,4,0,0,1,10,0,0,0,1,0,1,0,11,14,2,87.5,Matches
Max Aarons,1,engENG,DF,Bournemouth,25-125,2000,1.0,0,0,0,0,2,0,2,1,2,0,0,0,7,0,0,N/a,Matches
Max Kilman,281,engENG,DF,West Ham,27-351,1997,34.2,4,0,0,21,13,2,3,38,20,0,0,0,138,105,50,67.7,Matches
Maxence Lacroix,293,frFRA,DF,Crystal Palace,25-033,2000,31.6,5,0,0,33,18,1,6,52,40,0,1,0,123,57,46,55.3,Matches
Maxwel Cornet,109,ciCIV,FW,Southampton,28-224,1996,0.8,1,0,0,0,1,1,3,0,5,0,0,0,2,3,0,100.0,Matches
Michael Golding,201,engENG,MF,Leicester City,18-351,2006,0.0,0,0,0,0,0,0,0,0,0,0,0,0,0,0,0,N/a,Matches
Michael Kayode,274,itITA,DF,Brentford,20-303,2004,3.2,1,0,0,5,2,0,7,4,8,0,0,0,22,2,1,66.7,Matches
Michael Keane,275,engENG,DF,Everton,32-118,1993,9.5,5,0,0,9,0,0,1,10,7,0,0,0,24,20,14,58.8,Matches
Michail Antonio,27,jmJAM,FW,West Ham,35-042,1990,9.3,1,0,0,12,7,4,25,0,2,0,0,0,22,17,22,43.6,Matches
Micky van de Ven,529,nlNED,DF,Tottenham,24-020,2001,10.6,4,0,0,10,8,0,0,10,6,0,0,0,61,19,18,51.4,Matches
Miguel Almirón,17,pyPAR,FW,Newcastle Utd,31-088,1994,1.7,0,0,0,1,3,2,0,0,2,0,0,0,4,0,2,0.0,Matches
Mikel Merino,344,esESP,"MF,FW",Arsenal,28-321,1996,15.8,2,0,0,36,20,7,12,14,22,0,0,0,78,57,52,52.3,Matches
Mikey Moore,355,engENG,FW,Tottenham,17-271,2007,2.3,0,0,0,3,5,3,14,1,0,0,0,0,8,1,4,20.0,Matches
Mikkel Damsgaard,118,dkDEN,"MF,FW",Brentford,24-310,2000,29.5,2,0,0,18,27,6,130,26,43,0,0,0,159,12,25,32.4,Matches
Milos Kerkez,278,huHUN,DF,Bournemouth,21-183,2003,34.2,4,0,0,28,45,1,125,42,26,0,0,0,156,25,47,34.7,Matches
Mohamed Salah,444,egEGY,FW,Liverpool,32-328,1992,34.5,1,0,0,22,36,16,72,7,11,0,0,0,95,9,12,42.9,Matches
Mohammed Kudus,291,ghGHA,"FW,MF",West Ham,24-280,2000,26.9,2,1,0,36,60,18,74,4,21,0,0,0,128,10,38,20.8,Matches
Moisés Caicedo,79,ecECU,"MF,DF",Chelsea,23-188,2001,34.2,10,0,0,62,55,0,9,49,64,2,1,0,203,33,15,68.8,Matches
Morato,356,brBRA,DF,Nott'ham Forest,23-313,2001,9.0,3,0,0,10,2,0,0,10,13,0,0,0,31,5,13,27.8,Matches
Morgan Gibbs-White,197,engENG,MF,Nott'ham Forest,25-102,2000,28.2,11,1,1,34,37,7,39,20,19,1,0,0,118,39,48,44.8,Matches
Morgan Rogers,439,engENG,"FW,MF",Aston Villa,22-287,2002,31.7,9,0,0,46,48,2,22,5,18,1,0,0,108,11,43,20.4,Matches
Murillo,367,brBRA,DF,Nott'ham Forest,22-309,2002,33.4,5,0,0,25,4,0,12,32,36,0,1,0,134,43,21,67.2,Matches
Mykhailo Mudryk,362,uaUKR,FW,Chelsea,24-124,2001,1.7,0,0,0,2,2,1,7,0,2,0,0,0,9,2,4,33.3,Matches
Myles Lewis-Skelly,303,engENG,DF,Arsenal,18-225,2006,13.0,2,2,0,10,38,0,8,6,14,0,1,0,45,8,10,44.4,Matches
Nasser Djiga,140,bfBFA,"DF,FW",Wolves,22-175,2002,0.2,0,0,0,0,0,0,0,2,0,0,0,0,1,1,1,50.0,Matches
Nathan Aké,12,nlNED,DF,Manchester City,30-080,1995,7.5,0,0,0,2,0,0,1,3,7,0,0,0,24,13,10,56.5,Matches
Nathan Broadhead,69,wlsWAL,"MF,FW",Ipswich Town,27-034,1998,6.7,1,0,0,4,13,2,9,4,3,0,0,0,30,1,9,10.0,Matches
Nathan Butler-Oyedeji,78,engENG,FW,Arsenal,22-125,2003,0.1,0,0,0,0,0,0,0,0,0,0,0,0,0,0,0,N/a,Matches
Nathan Collins,105,ieIRL,DF,Brentford,24-009,2001,35.0,5,0,0,24,28,6,7,32,22,2,0,0,149,112,60,65.1,Matches
Nathan Patterson,406,sctSCO,DF,Everton,23-205,2001,3.9,1,0,0,6,1,0,14,2,6,0,0,0,12,1,7,12.5,Matches
Nathan Wood-Gordon,559,engENG,DF,Southampton,22-343,2002,6.9,2,0,0,8,4,0,3,4,7,0,0,0,20,11,7,61.1,Matches
Nathaniel Clyne,102,engENG,"DF,MF",Crystal Palace,34-034,1991,5.4,1,0,0,2,2,0,7,3,8,0,0,0,10,1,7,12.5,Matches
Neco Williams,550,wlsWAL,DF,Nott'ham Forest,24-026,2001,25.8,7,0,0,23,39,1,46,25,45,0,0,0,96,36,29,55.4,Matches
Neto,375,brBRA,GK,Bournemouth,35-294,1989,2.0,0,0,0,0,2,0,0,0,0,0,0,0,3,0,0,N/a,Matches
Nick Pope,416,engENG,GK,Newcastle Utd,33-020,1992,25.0,2,0,0,2,5,0,0,1,0,0,2,0,21,11,1,91.7,Matches
Niclas Füllkrug,190,deGER,FW,West Ham,32-089,1993,7.4,2,0,0,17,5,9,1,0,2,0,0,0,12,31,45,40.8,Matches
Nico O’Reilly,400,engENG,DF,Manchester City,20-049,2005,5.7,0,0,0,6,4,1,8,4,4,0,0,0,29,5,7,41.7,Matches
Nicolas Jackson,252,snSEN,FW,Chelsea,23-323,2001,24.3,7,0,0,33,29,23,3,3,13,0,0,0,48,19,36,34.5,Matches
Nicolás Domínguez,143,arARG,"MF,FW",Nott'ham Forest,26-315,1998,19.3,9,0,0,31,16,1,5,27,40,0,0,0,102,21,20,51.2,Matches
Nicolás González,207,esESP,MF,Manchester City,23-126,2002,7.2,3,0,0,11,4,0,0,5,6,0,0,0,31,16,11,59.3,Matches
Nikola Milenković,346,rsSRB,DF,Nott'ham Forest,27-209,1997,34.0,4,0,0,18,4,1,0,25,26,0,0,0,75,96,37,72.2,Matches
Noni Madueke,316,engENG,FW,Chelsea,23-060,2002,20.1,3,0,0,20,24,5,58,8,15,0,0,0,72,10,16,38.5,Matches
Noussair Mazraoui,334,maMAR,DF,Manchester Utd,27-176,1997,29.3,2,0,0,37,22,3,20,34,60,0,1,0,141,47,28,62.7,Matches
Nélson Semedo,460,ptPOR,DF,Wolves,31-174,1993,29.6,7,0,0,44,28,4,58,23,34,0,1,0,121,27,41,39.7,Matches
Odsonne Édouard,156,frFRA,"MF,FW",Crystal Palace,27-113,1998,1.3,0,0,0,4,0,2,1,0,0,0,0,0,5,1,4,20.0,Matches
Ola Aina,8,ngNGA,DF,Nott'ham Forest,28-213,1996,30.4,3,0,0,21,34,2,47,31,41,0,1,0,173,13,18,41.9,Matches
Oleksandr Zinchenko,566,uaUKR,"DF,MF",Arsenal,28-145,1996,5.1,1,0,0,8,3,1,10,4,1,0,0,0,16,11,11,50.0,Matches
Oliver Scarles,453,engENG,DF,West Ham,19-148,2005,6.6,1,0,0,4,3,1,13,10,11,0,0,0,33,5,5,50.0,Matches
Oliver Skipp,471,engENG,MF,Leicester City,24-235,2000,11.1,8,0,0,19,13,0,5,10,4,0,0,0,40,10,6,62.5,Matches
Ollie Watkins,542,engENG,FW,Aston Villa,29-130,1995,25.9,2,0,0,27,30,13,7,8,6,2,0,0,39,47,62,43.1,Matches
Omar Marmoush,326,egEGY,"FW,MF",Manchester City,26-091,1999,11.1,0,0,0,13,17,9,25,5,6,1,0,0,32,5,8,38.5,Matches
Omari Hutchinson,244,engENG,"MF,FW",Ipswich Town,21-191,2003,25.7,5,0,0,29,36,4,60,10,12,0,0,0,96,6,24,20.0,Matches
Orel Mangala,323,beBEL,MF,Everton,27-052,1998,14.0,2,0,0,24,17,2,6,21,8,0,0,0,49,6,8,42.9,Matches
Oscar Bobb,60,noNOR,FW,Manchester City,21-301,2003,0.2,0,0,0,0,1,0,0,0,0,0,0,0,1,0,0,N/a,Matches
Pablo Sarabia,449,esESP,"MF,FW",Wolves,32-363,1992,8.0,3,0,0,14,15,5,40,4,8,0,0,0,29,4,12,25.0,Matches
Pape Matar Sarr,330,snSEN,MF,Tottenham,22-237,2002,19.2,6,0,0,31,34,2,14,26,32,0,1,0,108,28,40,41.2,Matches
Patrick Dorgu,144,dkDEN,DF,Manchester Utd,20-195,2004,7.0,3,1,0,14,20,3,28,4,17,0,0,0,26,12,7,63.2,Matches
Patson Daka,116,zmZAM,"FW,MF",Leicester City,26-212,1998,7.3,0,0,0,12,17,3,3,1,9,0,0,0,18,10,27,27.0,Matches
Pau Torres,511,esESP,DF,Aston Villa,28-113,1997,20.2,1,0,0,8,7,0,1,9,14,0,0,0,54,16,26,38.1,Matches
Paul Onuachu,394,ngNGA,FW,Southampton,30-346,1994,11.4,4,0,0,28,16,9,0,1,2,0,0,0,17,90,56,61.6,Matches
Pedro Lima,305,brBRA,DF,Wolves,18-312,2006,0.8,0,0,0,1,1,1,5,2,0,0,0,0,3,0,3,0.0,Matches
Pedro Neto,376,ptPOR,FW,Chelsea,25-061,2000,22.4,8,0,0,19,29,3,133,9,9,0,0,0,71,10,26,27.8,Matches
Pedro Porro,417,esESP,DF,Tottenham,25-238,1999,27.4,4,0,0,24,30,1,191,34,46,0,0,0,148,11,22,33.3,Matches
Pervis Estupiñán,168,ecECU,DF,Brighton,27-108,1998,24.7,5,0,0,33,17,3,114,34,39,0,0,0,136,43,26,62.3,Matches
Phil Foden,183,engENG,"MF,FW",Manchester City,24-346,2000,18.8,2,0,0,5,32,3,73,9,5,0,0,0,59,3,8,27.3,Matches
Philip Billing,58,dkDEN,MF,Bournemouth,28-332,1996,2.0,1,0,0,3,2,0,10,5,5,0,0,0,14,6,4,60.0,Matches
Radu Drăgușin,150,roROU,DF,Tottenham,23-095,2002,13.9,1,0,0,6,10,0,1,15,6,0,0,0,48,33,22,60.0,Matches
Raheem Sterling,485,engENG,"FW,MF",Arsenal,30-152,1994,4.9,1,0,0,12,4,4,14,1,4,0,0,0,14,1,3,25.0,Matches
Ramón Sosa,478,pyPAR,"FW,MF",Nott'ham Forest,25-251,1999,3.3,1,0,0,6,8,3,8,4,3,0,0,0,25,4,7,36.4,Matches
Rasmus Højlund,245,dkDEN,FW,Manchester Utd,22-094,2003,19.4,2,0,0,15,26,11,6,1,1,1,0,0,30,23,82,21.9,Matches
Rayan Aït-Nouri,9,dzALG,DF,Wolves,23-337,2001,31.8,7,1,1,30,39,5,86,24,52,0,0,0,133,20,28,41.7,Matches
Raúl Jiménez,259,mxMEX,FW,Fulham,34-004,1991,24.7,4,0,0,37,37,14,22,10,23,1,0,0,74,78,90,46.4,Matches
Reece James,253,engENG,"DF,MF",Chelsea,25-152,1999,9.3,1,0,0,6,10,0,38,12,9,0,0,0,55,21,6,77.8,Matches
Reiss Nelson,373,engENG,FW,Arsenal,25-150,1999,0.0,0,0,0,1,1,0,0,0,0,0,0,0,0,0,0,N/a,Matches
Remy Rees-Dottin,426,engENG,FW,Bournemouth,19-064,2006,0.0,0,0,0,0,0,0,0,0,0,0,0,0,0,0,0,N/a,Matches
Renato Veiga,527,ptPOR,"DF,MF",Chelsea,21-284,2003,2.0,2,0,0,6,1,1,0,1,6,0,0,0,9,3,3,50.0,Matches
Ricardo Pereira,408,ptPOR,DF,Leicester City,31-215,1993,3.8,1,0,0,4,6,0,3,2,6,0,0,0,16,4,2,66.7,Matches
Riccardo Calafiori,82,itITA,DF,Arsenal,22-355,2002,10.3,4,0,0,16,6,3,11,9,18,0,0,0,30,22,13,62.9,Matches
Richarlison,432,brBRA,FW,Tottenham,27-364,1997,5.3,2,0,0,6,13,3,7,0,3,0,0,0,10,9,22,29.0,Matches
Rico Henry,234,engENG,DF,Brentford,27-305,1997,0.9,0,0,0,1,1,0,0,1,0,0,0,0,4,1,1,50.0,Matches
Rico Lewis,301,engENG,"DF,MF",Manchester City,20-169,2004,20.2,5,1,1,11,33,0,3,13,19,0,0,0,94,5,13,27.8,Matches
Robert Sánchez,446,esESP,GK,Chelsea,27-172,1997,29.0,5,0,0,2,4,0,0,2,0,0,2,0,41,9,0,100.0,Matches
Robin Olsen,391,seSWE,GK,Aston Villa,35-121,1990,2.0,0,0,0,0,0,0,0,0,0,0,0,0,2,0,0,N/a,Matches
Rodri,436,esESP,MF,Manchester City,28-321,1996,0.7,0,0,0,1,2,0,0,1,1,0,0,0,7,1,0,100.0,Matches
Rodrigo Bentancur,52,uyURU,MF,Tottenham,27-318,1997,16.9,7,0,0,31,10,1,4,36,20,0,0,0,111,35,27,56.5,Matches
Rodrigo Gomes,203,ptPOR,"DF,FW",Wolves,21-306,2003,7.5,0,0,0,3,5,0,19,5,13,0,0,0,24,6,15,28.6,Matches
Rodrigo Muniz,364,brBRA,FW,Fulham,24-005,2001,10.7,1,0,0,11,31,3,1,5,5,0,0,0,14,67,63,51.5,Matches
Romain Esse,167,engENG,MF,Crystal Palace,19-361,2005,0.4,0,0,0,0,0,0,0,1,2,0,0,0,1,1,0,100.0,Matches
Roman Dixon,139,engENG,DF,Everton,20-134,2004,1.0,0,0,0,0,0,0,0,1,5,0,0,0,6,0,3,0.0,Matches
Roméo Lavia,297,beBEL,MF,Chelsea,21-123,2004,7.6,4,0,0,13,5,0,0,14,13,0,1,0,35,10,2,83.3,Matches
Ronnie Edwards,159,engENG,DF,Southampton,22-042,2003,0.1,0,0,0,0,0,0,0,0,0,0,0,0,0,0,0,N/a,Matches
Ross Barkley,45,engENG,MF,Aston Villa,31-155,1993,6.3,3,0,0,8,3,0,1,10,3,0,0,0,41,6,4,60.0,Matches
Ross Stewart,486,sctSCO,FW,Southampton,28-302,1996,3.2,1,0,0,7,5,1,0,0,2,0,0,0,2,8,15,34.8,Matches
Ryan Christie,99,sctSCO,MF,Bournemouth,30-076,1995,23.5,9,0,0,43,31,1,48,30,33,0,0,0,182,20,28,41.7,Matches
Ryan Fraser,188,sctSCO,"FW,DF",Southampton,31-074,1994,3.4,0,1,0,1,4,1,12,1,2,0,1,0,10,2,3,40.0,Matches
Ryan Gravenberch,209,nlNED,MF,Liverpool,22-358,2002,32.5,5,0,0,42,46,0,6,57,34,0,0,0,182,26,14,65.0,Matches
Ryan Manning,324,ieIRL,"DF,MF",Southampton,28-329,1996,16.2,2,0,0,19,32,0,84,17,17,0,0,0,65,15,5,75.0,Matches
Ryan Sessegnon,463,engENG,"FW,DF",Fulham,24-356,2000,5.2,1,0,0,16,4,1,13,3,11,0,0,0,25,8,10,44.4,Matches
Ryan Trevitt,516,engENG,MF,Brentford,22-058,2003,0.0,0,0,0,0,0,0,0,0,1,0,0,0,2,0,0,N/a,Matches
Ryan Yates,562,engENG,MF,Nott'ham Forest,27-169,1997,20.8,10,0,0,52,49,6,5,26,21,0,0,0,95,44,30,59.5,Matches
Rúben Dias,132,ptPOR,DF,Manchester City,27-360,1997,22.2,4,0,0,12,8,0,3,18,10,0,1,1,68,30,31,49.2,Matches
Sam Johnstone,265,engENG,GK,Wolves,32-045,1993,7.0,0,0,0,0,0,0,0,0,0,0,0,0,9,4,0,100.0,Matches
Sam Morsy,358,egEGY,MF,Ipswich Town,33-241,1991,27.6,10,0,0,45,24,0,12,28,36,0,1,1,138,17,23,42.5,Matches
Sammie Szmodics,493,ieIRL,"FW,MF",Ipswich Town,29-227,1995,10.9,2,0,0,9,8,8,13,6,9,0,1,0,41,6,11,35.3,Matches
Samuel Amo-Ameyaw,21,engENG,"FW,DF",Southampton,18-295,2006,0.3,1,0,0,1,2,0,2,0,0,0,0,0,1,0,1,0.0,Matches
Samuel Edozie,158,engENG,"DF,FW",Southampton,22-101,2003,0.7,1,0,0,2,1,0,4,0,1,0,0,0,1,0,0,N/a,Matches
Sander Berge,54,noNOR,MF,Fulham,27-084,1998,23.2,5,0,0,29,8,0,3,20,28,0,0,0,118,27,20,57.4,Matches
Sandro Tonali,510,itITA,MF,Newcastle Utd,25-001,2000,26.2,5,0,0,36,44,2,31,33,30,1,0,0,163,12,11,52.2,Matches
Santiago Bueno,73,uyURU,DF,Wolves,26-181,1998,18.7,2,0,0,26,5,0,0,15,21,0,0,0,43,35,31,53.0,Matches
Saša Lukić,310,rsSRB,MF,Fulham,28-269,1996,24.1,12,0,0,62,26,0,55,26,37,0,0,0,107,18,24,42.9,Matches
Scott McTominay,341,sctSCO,MF,Manchester Utd,28-152,1996,0.2,0,0,0,0,0,0,0,0,0,0,0,0,1,1,0,100.0,Matches
Sean Longstaff,309,engENG,MF,Newcastle Utd,27-191,1997,8.9,2,0,0,9,6,0,5,7,16,0,0,0,31,7,7,50.0,Matches
Sepp van den Berg,128,nlNED,DF,Brentford,23-140,2001,25.7,2,0,0,20,5,1,7,20,22,1,0,0,87,84,66,56.0,Matches
Sergio Reguilón,427,esESP,DF,Tottenham,28-144,1996,1.4,2,0,0,2,5,0,10,2,3,0,0,0,9,5,2,71.4,Matches
Shumaira Mheuka,345,engENG,MF,Chelsea,17-201,2007,0.0,0,0,0,0,0,0,0,0,0,0,0,0,0,1,0,100.0,Matches
Simon Adingra,5,ciCIV,"FW,MF",Brighton,23-128,2002,10.6,0,0,0,11,3,2,35,8,14,0,0,0,41,6,3,66.7,Matches
Solly March,325,engENG,"FW,MF",Brighton,30-293,1994,1.9,2,0,0,2,2,3,20,2,3,0,0,0,7,1,2,33.3,Matches
Son Heung-min,236,krKOR,FW,Tottenham,32-305,1992,22.3,1,0,0,5,28,11,75,5,9,1,0,0,81,6,11,35.3,Matches
Stefan Ortega,397,deGER,GK,Manchester City,32-184,1992,12.2,1,0,0,1,2,0,0,0,0,0,1,0,8,2,0,100.0,Matches
Stephy Mavididi,332,engENG,FW,Leicester City,26-343,1998,17.9,2,0,0,18,18,3,69,11,19,0,0,0,83,9,15,37.5,Matches
Sven Botman,63,nlNED,DF,Newcastle Utd,25-117,2000,2.6,1,0,0,4,2,0,0,4,4,0,0,0,8,11,6,64.7,Matches
Sávio,452,brBRA,"FW,MF",Manchester City,21-029,2004,19.3,3,0,0,17,27,3,81,6,16,2,0,0,79,1,2,33.3,Matches
Séamus Coleman,104,ieIRL,DF,Everton,36-210,1988,2.2,1,0,0,0,1,0,3,1,1,0,0,0,7,1,1,50.0,Matches
Taiwo Awoniyi,38,ngNGA,FW,Nott'ham Forest,27-270,1997,4.5,0,0,0,8,10,1,2,0,3,0,0,0,18,13,38,25.5,Matches
Takehiro Tomiyasu,509,jpJPN,DF,Arsenal,26-185,1998,0.1,0,0,0,0,0,0,0,0,0,0,0,0,0,0,0,N/a,Matches
Tariq Lamptey,295,ghGHA,DF,Brighton,24-221,2000,8.9,0,0,0,13,10,0,25,6,10,0,1,0,36,1,13,7.1,Matches
Taylor Harwood-Bellis,228,engENG,DF,Southampton,23-099,2002,29.5,9,0,0,34,14,0,10,30,19,0,0,0,120,56,42,57.1,Matches
Thiago,502,brBRA,FW,Brentford,23-317,2001,1.6,0,0,0,3,3,1,1,2,2,0,0,0,10,6,4,60.0,Matches
Thomas Partey,405,ghGHA,"MF,DF",Arsenal,31-330,1993,28.1,4,0,0,40,28,1,12,33,49,0,0,0,123,26,22,54.2,Matches
Tim Iroegbunam,248,engENG,MF,Everton,21-313,2003,6.3,4,0,0,15,12,0,1,15,13,0,0,0,48,11,4,73.3,Matches
Timo Werner,546,deGER,"FW,MF",Tottenham,29-064,1996,5.7,0,0,0,3,5,5,28,1,4,0,0,0,18,0,1,0.0,Matches
Timothy Castagne,90,beBEL,DF,Fulham,29-155,1995,18.3,1,0,0,15,6,1,37,22,29,0,1,0,57,34,35,49.3,Matches
Toby Collyer,106,engENG,MF,Manchester Utd,21-126,2004,2.0,0,0,0,2,4,0,0,2,9,0,0,0,17,3,1,75.0,Matches
Tom Cairney,80,sctSCO,MF,Fulham,34-109,1991,5.5,3,1,0,8,17,0,17,4,5,0,0,0,44,4,8,33.3,Matches
Tommy Doyle,149,engENG,MF,Wolves,23-204,2001,5.4,1,0,0,5,5,0,15,5,6,0,0,0,43,1,6,14.3,Matches
Tomáš Souček,479,czCZE,MF,West Ham,30-071,1995,25.9,8,0,0,44,24,4,13,18,19,1,0,0,57,95,68,58.3,Matches
Tosin Adarabioyo,4,engENG,DF,Chelsea,27-227,1997,13.7,3,0,0,8,6,1,0,10,10,0,0,0,34,36,26,58.1,Matches
Toti Gomes,204,ptPOR,DF,Wolves,26-113,1999,26.0,6,0,0,23,14,4,13,23,38,0,1,0,100,48,24,66.7,Matches
Trent Alexander-Arnold,15,engENG,DF,Liverpool,26-214,1998,25.5,5,0,0,11,8,1,145,30,49,0,0,0,129,3,13,18.8,Matches
Trevoh Chalobah,91,engENG,DF,Crystal Palace,25-308,1999,11.8,1,0,0,10,15,1,7,19,16,0,0,0,56,22,19,53.7,Matches
Tyler Adams,3,usUSA,MF,Bournemouth,26-084,1999,19.0,7,0,0,41,19,0,3,32,46,0,1,0,100,29,17,63.0,Matches
Tyler Dibling,134,engENG,"FW,MF",Southampton,19-058,2006,19.4,6,0,0,28,49,2,28,8,20,2,0,0,75,10,21,32.3,Matches
Tyler Fredricson,189,engENG,DF,Manchester Utd,20-075,2005,1.8,0,0,0,0,2,0,0,1,3,0,0,0,12,7,5,58.3,Matches
Tyrell Malacia,321,nlNED,DF,Manchester Utd,25-265,1999,1.1,1,0,0,3,2,0,1,1,1,0,0,0,3,0,0,N/a,Matches
Tyrick Mitchell,351,engENG,DF,Crystal Palace,25-250,1999,32.7,2,0,0,20,24,2,100,14,54,1,0,0,156,18,21,46.2,Matches
Tyrique George,196,engENG,FW,Chelsea,19-094,2006,1.1,1,0,0,2,0,1,3,1,0,0,0,0,3,0,3,0.0,Matches
Tyrone Mings,349,engENG,DF,Aston Villa,32-057,1993,11.7,1,0,0,3,9,0,1,7,5,0,0,0,33,26,21,55.3,Matches
Valentino Livramento,308,engENG,DF,Newcastle Utd,22-178,2002,28.6,1,0,0,6,34,2,45,21,34,0,0,0,173,23,31,42.6,Matches
Victor Bernth Kristiansen,56,dkDEN,DF,Leicester City,22-144,2002,26.4,1,0,0,17,17,3,96,40,50,0,1,1,97,19,42,31.1,Matches
Victor Lindelöf,306,seSWE,DF,Manchester Utd,30-296,1994,5.4,1,0,0,7,1,0,1,7,1,0,0,0,12,10,13,43.5,Matches
Virgil van Dijk,525,nlNED,DF,Liverpool,33-305,1991,35.0,4,0,0,16,12,0,1,54,17,0,0,0,110,111,46,70.7,Matches
Vitaliy Mykolenko,369,uaUKR,DF,Everton,25-345,1999,31.2,3,0,0,20,28,3,91,37,33,0,1,0,79,46,36,56.1,Matches
Vitaly Janelt,254,deGER,MF,Brentford,26-364,1998,25.0,3,0,0,24,15,1,30,27,22,0,0,2,107,19,11,63.3,Matches
Vitezslav Jaros,255,czCZE,GK,Liverpool,23-290,2001,0.1,0,0,0,0,0,0,0,0,0,0,0,0,0,0,0,N/a,Matches
Vitor Reis,428,brBRA,DF,Manchester City,19-117,2006,0.0,0,0,0,0,0,0,0,0,0,0,0,0,0,0,0,N/a,Matches
Vladimír Coufal,110,czCZE,DF,West Ham,32-260,1992,9.7,4,0,0,20,14,0,21,8,11,0,0,1,29,18,12,60.0,Matches
Wataru Endo,165,jpJPN,MF,Liverpool,32-089,1993,2.6,0,0,0,14,6,0,0,3,8,0,0,0,12,2,3,40.0,Matches
Welington,545,brBRA,"DF,MF",Southampton,24-079,2001,2.4,1,0,0,3,5,0,10,3,5,0,1,0,10,0,2,0.0,Matches
Wes Burns,77,wlsWAL,"FW,DF",Ipswich Town,30-167,1994,10.3,1,0,0,4,11,0,46,10,11,0,0,0,50,8,21,27.6,Matches
Wesley Fofana,184,frFRA,DF,Chelsea,24-143,2000,13.0,7,0,0,24,16,0,1,14,12,0,0,0,54,27,12,69.2,Matches
Wilfred Ndidi,371,ngNGA,MF,Leicester City,28-144,1996,23.9,8,0,0,39,17,3,30,26,50,0,0,1,121,55,55,50.0,Matches
Will Alves,19,engENG,FW,Leicester City,20-095,2005,0.0,0,0,0,0,0,0,0,0,0,0,0,0,0,0,0,N/a,Matches
Will Hughes,242,engENG,MF,Crystal Palace,30-022,1995,21.1,11,0,0,60,30,0,68,19,33,0,1,0,110,17,17,50.0,Matches
Will Lankshear,296,engENG,"FW,MF",Tottenham,20-019,2005,0.1,0,0,0,2,0,0,0,0,0,0,0,0,0,0,0,N/a,Matches
William Osula,398,dkDEN,FW,Newcastle Utd,21-278,2003,1.2,0,0,0,2,1,1,1,4,0,0,0,0,2,4,1,80.0,Matches
William Saliba,445,frFRA,DF,Arsenal,24-046,2001,32.3,2,1,0,28,17,1,3,21,36,0,1,0,146,58,35,62.4,Matches
William Smallbone,472,ieIRL,MF,Southampton,25-077,2000,7.2,1,0,0,11,3,0,34,2,11,0,1,0,23,4,2,66.7,Matches
Willian,551,brBRA,"FW,MF",Fulham,36-273,1988,2.7,0,0,0,1,0,0,13,1,1,0,0,0,14,1,2,33.3,Matches
Willy Boly,62,ciCIV,DF,Nott'ham Forest,34-095,1991,1.7,1,0,0,1,0,0,0,3,1,0,0,0,5,6,2,75.0,Matches
Wilson Odobert,388,frFRA,FW,Tottenham,20-162,2004,7.0,0,0,0,1,3,1,21,3,3,0,0,0,29,3,6,33.3,Matches
Wout Faes,174,beBEL,DF,Leicester City,27-036,1998,28.3,4,0,0,21,10,1,5,26,23,0,0,0,87,41,34,54.7,Matches
Woyo Coulibaly,111,frFRA,DF,Leicester City,25-354,1999,1.2,1,0,0,2,1,0,0,5,4,0,0,0,14,0,3,0.0,Matches
Yankuba Minteh,350,gmGAM,"FW,MF",Brighton,20-291,2004,17.6,6,0,0,20,10,4,76,11,32,0,0,0,75,16,32,33.3,Matches
Yasin Ayari,39,seSWE,MF,Brighton,21-215,2003,19.5,3,0,0,33,23,3,64,20,29,0,1,0,107,14,20,41.2,Matches
Yehor Yarmoliuk,561,uaUKR,MF,Brentford,21-069,2004,13.3,5,0,0,13,9,2,16,10,24,0,0,0,92,8,7,53.3,Matches
Yerson Mosquera,359,coCOL,DF,Wolves,24-007,2001,4.9,2,0,0,6,7,1,2,10,7,0,0,0,24,11,6,64.7,Matches
Yoane Wissa,557,cdCOD,FW,Brentford,28-248,1996,29.4,2,0,0,28,47,14,20,8,12,1,0,0,67,29,34,46.0,Matches
Youri Tielemans,504,beBEL,MF,Aston Villa,28-002,1997,33.3,4,0,0,41,56,0,118,22,57,0,0,0,145,22,18,55.0,Matches
Youssef Chermiti,94,ptPOR,"FW,MF",Everton,20-350,2004,0.5,1,0,0,1,1,2,1,0,0,0,0,0,0,2,1,66.7,Matches
Yukinari Sugawara,490,jpJPN,"DF,MF",Southampton,24-315,2000,16.3,4,0,0,15,9,4,69,10,16,0,2,0,40,5,9,35.7,Matches
Yunus Emre Konak,162,trTUR,"FW,MF",Brentford,19-119,2006,0.5,0,0,0,3,1,0,0,0,4,0,0,0,2,5,8,38.5,Matches
Yves Bissouma,59,mlMLI,MF,Tottenham,28-252,1996,14.4,7,0,0,23,18,0,2,16,29,0,1,0,78,5,7,41.7,Matches
Zain Silcott-Duberry,465,msMSR,FW,Bournemouth,19-304,2005,0.0,0,0,0,0,0,0,0,0,1,0,0,0,0,0,1,0.0,Matches
Álex Moreno,357,esESP,"DF,MF",Nott'ham Forest,31-335,1993,10.6,2,0,0,12,6,0,19,15,18,0,0,0,50,3,11,21.4,Matches
İlkay Gündoğan,220,deGER,MF,Manchester City,34-197,1990,22.8,1,0,0,15,21,0,57,13,13,0,0,0,105,13,11,54.2,Matches
Łukasz Fabiański,173,plPOL,GK,West Ham,40-021,1985,11.9,2,0,0,2,1,0,0,0,0,0,2,0,5,2,1,66.7,Matches
