Player,Rk,Nation,Pos,Squad,Age,Born,MP,Starts,Min,90s,Gls,Ast,G+A,G-PK,PK,PKatt,CrdY,CrdR,xG,npxG,xAG,npxG+xAG,PrgC,PrgP,PrgR,Gls_2,Ast_2,G+A_2,G-PK_2,G+A-PK,xG_2,xAG_2,xG+xAG,npxG_2,npxG+xAG_2,Matches
Aaron Cresswell,112,engENG,DF,West Ham,35-145,1989,15,8,676,7.5,0,0,0,0,0,0,2,0,0.1,0.1,1.1,1.3,4,28,2,0.00,0.00,0.00,0.00,0.00,0.01,0.15,0.17,0.01,0.17,Matches
Aaron Ramsdale,420,engENG,GK,Southampton,26-360,1998,27,27,"2,430",27.0,0,0,0,0,0,0,2,0,0.0,0.0,0.0,0.0,0,0,0,0.00,0.00,0.00,0.00,0.00,0.00,0.00,0.00,0.00,0.00,Matches
Aaron Wan-Bissaka,537,engENG,DF,West Ham,27-164,1997,33,32,"2,884",32.0,2,3,5,2,0,0,1,0,1.2,1.2,3.2,4.4,101,132,150,0.06,0.09,0.16,0.06,0.16,0.04,0.10,0.14,0.04,0.14,Matches
Abdoulaye Doucouré,146,mlMLI,MF,Everton,32-128,1993,30,29,"2,425",26.9,3,1,4,3,0,0,5,1,3.9,3.9,2.3,6.2,40,78,91,0.11,0.04,0.15,0.11,0.15,0.14,0.09,0.23,0.14,0.23,Matches
Abdukodir Khusanov,280,uzUZB,DF,Manchester City,21-069,2004,6,6,503,5.6,0,0,0,0,0,0,1,0,0.0,0.0,0.1,0.1,1,25,2,0.00,0.00,0.00,0.00,0.00,0.00,0.02,0.02,0.00,0.02,Matches
Abdul Fatawu Issahaku,175,ghGHA,FW,Leicester City,21-062,2004,11,6,579,6.4,0,2,2,0,0,0,0,0,0.4,0.4,1.6,2.0,42,17,60,0.00,0.31,0.31,0.00,0.31,0.06,0.24,0.31,0.06,0.31,Matches
Adam Armstrong,33,engENG,"FW,MF",Southampton,28-088,1997,20,15,"1,248",13.9,2,2,4,2,0,1,4,0,3.3,2.3,1.2,3.5,25,21,79,0.14,0.14,0.29,0.14,0.29,0.24,0.09,0.32,0.17,0.25,Matches
Adam Lallana,294,engENG,MF,Southampton,36-364,1988,14,5,361,4.0,0,2,2,0,0,0,4,0,0.2,0.2,0.9,1.1,6,24,10,0.00,0.50,0.50,0.00,0.50,0.04,0.23,0.27,0.04,0.27,Matches
Adam Smith,473,engENG,DF,Bournemouth,34-010,1991,22,17,"1,409",15.7,0,0,0,0,0,0,6,0,0.7,0.7,0.3,1.0,12,40,31,0.00,0.00,0.00,0.00,0.00,0.04,0.02,0.06,0.04,0.06,Matches
Adam Webster,543,engENG,DF,Brighton,30-125,1995,11,8,617,6.9,0,0,0,0,0,0,0,0,0.0,0.0,0.5,0.5,7,40,2,0.00,0.00,0.00,0.00,0.00,0.00,0.07,0.08,0.00,0.08,Matches
Adam Wharton,547,engENG,MF,Crystal Palace,20-341,2004,20,16,"1,318",14.6,0,2,2,0,0,0,2,0,0.4,0.4,3.0,3.4,14,107,11,0.00,0.14,0.14,0.00,0.14,0.03,0.21,0.23,0.03,0.23,Matches
Adama Traoré,513,esESP,"FW,MF",Fulham,29-104,1996,33,16,"1,592",17.7,2,6,8,2,0,0,3,0,3.9,3.9,4.7,8.6,89,61,145,0.11,0.34,0.45,0.11,0.45,0.22,0.27,0.49,0.22,0.49,Matches
Albert Grønbaek,214,dkDEN,"FW,MF",Southampton,23-351,2001,4,2,143,1.6,0,0,0,0,0,0,0,0,0.1,0.1,0.0,0.1,1,1,3,0.00,0.00,0.00,0.00,0.00,0.07,0.01,0.08,0.07,0.08,Matches
Alejandro Garnacho,194,arARG,"MF,FW",Manchester Utd,20-312,2004,34,23,"2,146",23.8,6,2,8,6,0,0,3,0,7.2,7.2,4.5,11.7,139,56,281,0.25,0.08,0.34,0.25,0.34,0.30,0.19,0.49,0.30,0.49,Matches
Alex Iwobi,251,ngNGA,"FW,MF",Fulham,29-006,1996,35,33,"2,796",31.1,9,6,15,9,0,0,1,0,4.6,4.6,6.9,11.5,135,199,224,0.29,0.19,0.48,0.29,0.48,0.15,0.22,0.37,0.15,0.37,Matches
Alex McCarthy,338,engENG,GK,Southampton,35-157,1989,5,5,450,5.0,0,0,0,0,0,0,0,0,0.0,0.0,0.0,0.0,0,0,0,0.00,0.00,0.00,0.00,0.00,0.00,0.00,0.00,0.00,0.00,Matches
Alex Palmer,401,engENG,GK,Ipswich Town,28-272,1996,11,11,990,11.0,0,0,0,0,0,0,2,0,0.0,0.0,0.0,0.0,0,1,0,0.00,0.00,0.00,0.00,0.00,0.00,0.00,0.00,0.00,0.00,Matches
Alex Scott,458,engENG,MF,Bournemouth,21-261,2003,18,7,709,7.9,0,0,0,0,0,0,2,0,0.7,0.7,0.8,1.5,15,49,33,0.00,0.00,0.00,0.00,0.00,0.08,0.11,0.19,0.08,0.19,Matches
Alexander Isak,250,seSWE,FW,Newcastle Utd,25-230,1999,32,32,"2,577",28.6,23,6,29,19,4,4,1,0,19.9,16.8,4.3,21.1,81,80,200,0.80,0.21,1.01,0.66,0.87,0.69,0.15,0.85,0.59,0.74,Matches
Alexis Mac Allister,314,arARG,MF,Liverpool,26-136,1998,34,30,"2,575",28.6,5,5,10,5,0,0,6,0,2.8,2.8,4.6,7.4,34,174,79,0.17,0.17,0.35,0.17,0.35,0.10,0.16,0.26,0.10,0.26,Matches
Alfie Dorrington,145,engENG,DF,Tottenham,20-019,2005,1,0,14,0.2,0,0,0,0,0,0,0,0,0.0,0.0,0.0,0.0,0,0,0,0.00,0.00,0.00,0.00,0.00,0.00,0.00,0.00,0.00,0.00,Matches
Alfie Pond,415,engENG,DF,Wolves,21-069,2004,1,0,1,0.0,0,0,0,0,0,0,0,0,0.0,0.0,0.0,0.0,0,0,0,0.00,0.00,0.00,0.00,0.00,0.00,0.00,0.00,0.00,0.00,Matches
Ali Al Hamadi,225,iqIRQ,FW,Ipswich Town,23-069,2002,11,0,134,1.5,0,0,0,0,0,0,3,0,0.4,0.4,0.1,0.4,4,3,14,0.00,0.00,0.00,0.00,0.00,0.24,0.05,0.28,0.24,0.28,Matches
Alisson,16,brBRA,GK,Liverpool,32-219,1992,25,25,"2,238",24.9,0,0,0,0,0,0,0,0,0.0,0.0,0.6,0.6,0,0,0,0.00,0.00,0.00,0.00,0.00,0.00,0.02,0.02,0.00,0.02,Matches
Alphonse Areola,31,frFRA,GK,West Ham,32-071,1993,24,23,"2,080",23.1,0,0,0,0,0,0,0,0,0.0,0.0,0.0,0.0,0,0,0,0.00,0.00,0.00,0.00,0.00,0.00,0.00,0.00,0.00,0.00,Matches
Altay Bayındır,48,trTUR,GK,Manchester Utd,27-025,1998,2,2,180,2.0,0,0,0,0,0,0,0,0,0.0,0.0,0.0,0.0,0,0,0,0.00,0.00,0.00,0.00,0.00,0.00,0.00,0.00,0.00,0.00,Matches
Amad Diallo,131,ciCIV,"FW,MF",Manchester Utd,22-302,2002,23,17,"1,639",18.2,7,6,13,7,0,0,3,0,4.2,4.2,4.0,8.2,93,55,163,0.38,0.33,0.71,0.38,0.71,0.23,0.22,0.45,0.23,0.45,Matches
Amadou Onana,392,beBEL,MF,Aston Villa,23-266,2001,23,17,"1,378",15.3,3,0,3,3,0,0,4,0,2.1,2.1,0.3,2.4,21,60,14,0.20,0.00,0.20,0.20,0.20,0.14,0.02,0.16,0.14,0.16,Matches
Andreas Pereira,407,brBRA,MF,Fulham,29-128,1996,31,23,"1,879",20.9,2,4,6,2,0,1,7,0,3.5,2.7,4.5,7.2,27,99,78,0.10,0.19,0.29,0.10,0.29,0.17,0.21,0.38,0.13,0.34,Matches
Andrew Robertson,433,sctSCO,DF,Liverpool,31-059,1994,31,27,"2,308",25.6,0,0,0,0,0,0,3,1,1.0,1.0,4.1,5.1,58,165,95,0.00,0.00,0.00,0.00,0.00,0.04,0.16,0.20,0.04,0.20,Matches
André,26,brBRA,MF,Wolves,23-297,2001,30,28,"2,249",25.0,0,0,0,0,0,0,7,0,0.4,0.4,0.7,1.1,8,95,11,0.00,0.00,0.00,0.00,0.00,0.02,0.03,0.05,0.02,0.05,Matches
André Onana,393,cmCMR,GK,Manchester Utd,29-037,1996,33,33,"2,970",33.0,0,0,0,0,0,0,0,0,0.0,0.0,0.2,0.2,0,1,0,0.00,0.00,0.00,0.00,0.00,0.00,0.01,0.01,0.00,0.01,Matches
Andrés García,193,esESP,"DF,MF",Aston Villa,22-091,2003,7,5,318,3.5,0,0,0,0,0,0,0,0,0.0,0.0,0.2,0.2,26,15,28,0.00,0.00,0.00,0.00,0.00,0.01,0.05,0.06,0.01,0.06,Matches
Andy Irving,249,sctSCO,MF,West Ham,24-361,2000,10,1,166,1.8,0,0,0,0,0,0,2,0,0.1,0.1,0.2,0.4,0,9,4,0.00,0.00,0.00,0.00,0.00,0.06,0.13,0.19,0.06,0.19,Matches
Anthony Elanga,160,seSWE,"FW,MF",Nott'ham Forest,23-012,2002,35,28,"2,232",24.8,6,9,15,6,0,0,1,0,4.2,4.2,4.8,9.0,87,54,190,0.24,0.36,0.60,0.24,0.60,0.17,0.19,0.36,0.17,0.36,Matches
Anthony Gordon,208,engENG,FW,Newcastle Utd,24-074,2001,31,25,"2,235",24.8,6,5,11,5,1,2,2,0,8.0,6.4,4.9,11.4,111,93,197,0.24,0.20,0.44,0.20,0.40,0.32,0.20,0.52,0.26,0.46,Matches
Antoine Semenyo,461,ghGHA,FW,Bournemouth,25-122,2000,34,33,"2,933",32.6,9,5,14,9,0,0,9,0,9.3,9.3,5.8,15.1,133,106,259,0.28,0.15,0.43,0.28,0.43,0.29,0.18,0.46,0.29,0.46,Matches
Antonee Robinson,434,usUSA,DF,Fulham,27-274,1997,34,33,"2,989",33.2,0,10,10,0,0,0,8,0,0.7,0.7,4.1,4.8,114,123,265,0.00,0.30,0.30,0.00,0.30,0.02,0.12,0.15,0.02,0.15,Matches
Antony,28,brBRA,"DF,MF",Manchester Utd,25-074,2000,8,0,141,1.6,0,0,0,0,0,0,0,0,1.0,1.0,0.1,1.1,5,6,7,0.00,0.00,0.00,0.00,0.00,0.65,0.08,0.73,0.65,0.73,Matches
Antonín Kinský,283,czCZE,GK,Tottenham,22-057,2003,4,4,360,4.0,0,0,0,0,0,0,0,0,0.0,0.0,0.1,0.1,1,1,0,0.00,0.00,0.00,0.00,0.00,0.00,0.02,0.02,0.00,0.02,Matches
Archie Gray,210,engENG,"DF,MF",Tottenham,19-058,2006,25,16,"1,481",16.5,0,0,0,0,0,0,0,0,0.0,0.0,0.1,0.1,6,34,15,0.00,0.00,0.00,0.00,0.00,0.00,0.01,0.01,0.00,0.01,Matches
Arijanet Muric,366,xkKVX,GK,Ipswich Town,26-183,1998,18,18,"1,620",18.0,0,0,0,0,0,0,1,0,0.0,0.0,0.0,0.0,0,1,0,0.00,0.00,0.00,0.00,0.00,0.00,0.00,0.00,0.00,0.00,Matches
Armando Broja,70,alALB,FW,Everton,23-241,2001,10,4,334,3.7,0,0,0,0,0,0,1,0,0.1,0.1,0.2,0.3,12,2,26,0.00,0.00,0.00,0.00,0.00,0.03,0.05,0.08,0.03,0.08,Matches
Armel Bella Kotchap,50,deGER,DF,Southampton,23-149,2001,4,2,331,3.7,0,0,0,0,0,0,0,0,0.3,0.3,0.0,0.3,0,5,0,0.00,0.00,0.00,0.00,0.00,0.09,0.00,0.09,0.09,0.09,Matches
Asher Agbinone,7,engENG,MF,Crystal Palace,19-223,2005,2,0,6,0.1,0,0,0,0,0,0,0,0,0.0,0.0,0.0,0.1,2,0,1,0.00,0.00,0.00,0.00,0.00,0.29,0.50,0.79,0.29,0.79,Matches
Ashley Young,564,engENG,"DF,FW",Everton,39-304,1985,29,17,"1,622",18.0,1,3,4,1,0,0,6,1,0.3,0.3,1.6,1.8,20,83,27,0.06,0.17,0.22,0.06,0.22,0.01,0.09,0.10,0.01,0.10,Matches
Axel Disasi,137,frFRA,DF,Aston Villa,27-059,1998,7,5,490,5.4,0,0,0,0,0,0,2,0,0.1,0.1,0.4,0.5,10,16,5,0.00,0.00,0.00,0.00,0.00,0.02,0.07,0.09,0.02,0.09,Matches
Axel Tuanzebe,520,cdCOD,DF,Ipswich Town,27-176,1997,19,17,"1,446",16.1,0,1,1,0,0,0,5,1,0.2,0.2,0.3,0.5,9,46,8,0.00,0.06,0.06,0.00,0.06,0.01,0.02,0.03,0.01,0.03,Matches
Ayden Heaven,230,engENG,DF,Manchester Utd,18-229,2006,2,1,95,1.1,0,0,0,0,0,0,0,0,0.0,0.0,0.0,0.0,1,2,1,0.00,0.00,0.00,0.00,0.00,0.00,0.00,0.00,0.00,0.00,Matches
Bart Verbruggen,530,nlNED,GK,Brighton,22-264,2002,33,33,"2,970",33.0,0,1,1,0,0,0,5,0,0.0,0.0,0.0,0.0,0,2,0,0.00,0.03,0.03,0.00,0.03,0.00,0.00,0.00,0.00,0.00,Matches
Ben Brereton,68,clCHI,FW,Southampton,26-021,1999,10,4,449,5.0,0,0,0,0,0,0,1,0,0.9,0.9,0.1,1.0,12,9,42,0.00,0.00,0.00,0.00,0.00,0.18,0.02,0.20,0.18,0.20,Matches
Ben Chilwell,96,engENG,DF,Crystal Palace,28-139,1996,6,0,139,1.5,0,0,0,0,0,0,1,0,0.1,0.1,0.2,0.3,2,3,10,0.00,0.00,0.00,0.00,0.00,0.05,0.13,0.18,0.05,0.18,Matches
Ben Davies,122,wlsWAL,DF,Tottenham,32-015,1993,14,12,"1,126",12.5,0,0,0,0,0,0,4,0,0.3,0.3,0.2,0.5,14,50,6,0.00,0.00,0.00,0.00,0.00,0.02,0.02,0.04,0.02,0.04,Matches
Ben Godfrey,199,engENG,DF,Ipswich Town,27-114,1998,3,2,159,1.8,0,0,0,0,0,0,1,0,0.0,0.0,0.0,0.0,2,4,1,0.00,0.00,0.00,0.00,0.00,0.00,0.00,0.00,0.00,0.00,Matches
Ben Johnson,263,engENG,"DF,FW",Ipswich Town,25-105,2000,22,14,"1,348",15.0,1,2,3,1,0,0,5,1,1.1,1.1,1.3,2.3,16,26,33,0.07,0.13,0.20,0.07,0.20,0.07,0.09,0.16,0.07,0.16,Matches
Ben Mee,342,engENG,DF,Brentford,35-230,1989,7,2,183,2.0,0,0,0,0,0,0,2,0,0.0,0.0,0.0,0.0,3,11,2,0.00,0.00,0.00,0.00,0.00,0.00,0.00,0.00,0.00,0.00,Matches
Ben White,548,engENG,DF,Arsenal,27-213,1997,14,10,941,10.5,0,1,1,0,0,0,2,0,0.4,0.4,0.8,1.2,11,44,28,0.00,0.10,0.10,0.00,0.10,0.04,0.08,0.12,0.04,0.12,Matches
Ben Winterburn,556,engENG,"FW,MF",Bournemouth,20-247,2004,3,0,23,0.3,0,0,0,0,0,0,0,0,0.0,0.0,0.0,0.0,2,0,2,0.00,0.00,0.00,0.00,0.00,0.00,0.00,0.00,0.00,0.00,Matches
Benoît Badiashile,42,frFRA,DF,Chelsea,24-044,2001,5,3,334,3.7,0,0,0,0,0,0,0,0,0.0,0.0,0.0,0.0,3,17,2,0.00,0.00,0.00,0.00,0.00,0.00,0.00,0.00,0.00,0.00,Matches
Bernardo Silva,466,ptPOR,"MF,FW",Manchester City,30-272,1994,30,26,"2,401",26.7,3,4,7,3,0,0,7,0,3.2,3.2,4.4,7.6,94,115,184,0.11,0.15,0.26,0.11,0.26,0.12,0.16,0.29,0.12,0.29,Matches
Bernd Leno,299,deGER,GK,Fulham,33-066,1992,35,35,"3,150",35.0,0,1,1,0,0,0,4,0,0.0,0.0,0.1,0.1,0,0,0,0.00,0.03,0.03,0.00,0.03,0.00,0.00,0.00,0.00,0.00,Matches
Beto,57,gwGNB,FW,Everton,27-098,1998,27,12,"1,268",14.1,7,0,7,7,0,0,2,0,6.6,6.6,0.8,7.3,12,10,66,0.50,0.00,0.50,0.50,0.50,0.47,0.06,0.52,0.47,0.52,Matches
Bilal El Khannouss,279,maMAR,MF,Leicester City,20-364,2004,30,25,"2,003",22.3,2,3,5,2,0,0,4,0,1.1,1.1,4.1,5.2,71,119,83,0.09,0.13,0.22,0.09,0.22,0.05,0.18,0.23,0.05,0.23,Matches
Billy Gilmour,198,sctSCO,MF,Brighton,23-332,2001,2,1,98,1.1,0,0,0,0,0,0,0,0,0.1,0.1,0.0,0.1,2,11,2,0.00,0.00,0.00,0.00,0.00,0.07,0.00,0.07,0.07,0.07,Matches
Bobby De Cordova-Reid,126,jmJAM,FW,Leicester City,32-096,1993,23,9,744,8.3,1,2,3,1,0,0,2,0,0.8,0.8,1.2,2.0,14,15,48,0.12,0.24,0.36,0.12,0.36,0.10,0.15,0.24,0.10,0.24,Matches
Boubacar Kamara,273,frFRA,MF,Aston Villa,25-167,1999,23,17,"1,463",16.3,0,0,0,0,0,0,2,0,0.4,0.4,0.9,1.3,16,74,7,0.00,0.00,0.00,0.00,0.00,0.02,0.05,0.08,0.02,0.08,Matches
Boubacar Traoré,514,mlMLI,MF,Wolves,23-262,2001,1,0,1,0.0,0,0,0,0,0,0,0,0,0.0,0.0,0.0,0.0,0,0,0,0.00,0.00,0.00,0.00,0.00,0.00,0.00,0.00,0.00,0.00,Matches
Boubakary Soumaré,480,frFRA,MF,Leicester City,26-071,1999,28,23,"1,960",21.8,0,0,0,0,0,0,8,0,0.3,0.3,0.4,0.7,31,95,21,0.00,0.00,0.00,0.00,0.00,0.01,0.02,0.03,0.01,0.03,Matches
Brajan Gruda,213,deGER,"FW,MF",Brighton,20-343,2004,18,6,508,5.6,0,3,3,0,0,0,0,0,0.4,0.4,1.5,1.9,16,17,47,0.00,0.53,0.53,0.00,0.53,0.07,0.27,0.34,0.07,0.34,Matches
Brandon Austin,37,engENG,GK,Tottenham,26-121,1999,1,1,90,1.0,0,0,0,0,0,0,0,0,0.0,0.0,0.0,0.0,0,0,0,0.00,0.00,0.00,0.00,0.00,0.00,0.00,0.00,0.00,0.00,Matches
Brennan Johnson,264,wlsWAL,FW,Tottenham,23-351,2001,31,23,"2,083",23.1,11,3,14,11,0,0,5,0,9.8,9.8,2.3,12.1,57,70,194,0.48,0.13,0.60,0.48,0.60,0.43,0.10,0.52,0.43,0.52,Matches
Bruno Fernandes,179,ptPOR,MF,Manchester Utd,30-243,1994,33,32,"2,758",30.6,8,9,17,5,3,3,4,2,9.5,7.1,7.6,14.7,65,281,118,0.26,0.29,0.55,0.16,0.46,0.31,0.25,0.56,0.23,0.48,Matches
Bruno Guimarães,218,brBRA,MF,Newcastle Utd,27-174,1997,35,35,"3,002",33.4,4,6,10,4,0,0,6,0,3.9,3.9,5.8,9.6,54,247,81,0.12,0.18,0.30,0.12,0.30,0.12,0.17,0.29,0.12,0.29,Matches
Bryan Mbeumo,335,cmCMR,FW,Brentford,25-275,1999,35,35,"3,144",34.9,18,6,24,13,5,5,3,0,10.8,6.9,8.0,14.9,118,128,319,0.52,0.17,0.69,0.37,0.54,0.31,0.23,0.54,0.20,0.43,Matches
Bukayo Saka,443,engENG,"FW,MF",Arsenal,23-246,2001,22,18,"1,539",17.1,6,10,16,5,1,1,3,0,6.3,5.5,6.8,12.3,82,62,233,0.35,0.58,0.94,0.29,0.88,0.37,0.40,0.77,0.32,0.72,Matches
Caleb Kporha,289,engENG,DF,Crystal Palace,18-298,2006,2,0,13,0.1,0,0,0,0,0,0,0,0,0.0,0.0,0.0,0.0,1,0,0,0.00,0.00,0.00,0.00,0.00,0.00,0.00,0.00,0.00,0.00,Matches
Caleb Okoli,390,itITA,DF,Leicester City,23-300,2001,18,12,"1,124",12.5,1,0,1,1,0,0,4,0,0.6,0.6,0.0,0.6,3,32,2,0.08,0.00,0.08,0.08,0.08,0.05,0.00,0.05,0.05,0.05,Matches
Callum Hudson-Odoi,241,engENG,"FW,MF",Nott'ham Forest,24-183,2000,29,25,"2,152",23.9,5,2,7,5,0,0,2,0,2.5,2.5,2.7,5.2,127,66,186,0.21,0.08,0.29,0.21,0.29,0.10,0.11,0.22,0.10,0.22,Matches
Callum Wilson,553,engENG,FW,Newcastle Utd,33-071,1992,15,1,285,3.2,0,0,0,0,0,0,1,0,0.4,0.4,0.1,0.4,5,3,12,0.00,0.00,0.00,0.00,0.00,0.12,0.02,0.14,0.12,0.14,Matches
Calvin Bassey,47,ngNGA,DF,Fulham,25-129,1999,33,32,"2,894",32.2,1,0,1,1,0,0,7,0,1.0,1.0,0.1,1.2,36,107,15,0.03,0.00,0.03,0.03,0.03,0.03,0.00,0.04,0.03,0.04,Matches
Cameron Archer,30,engENG,FW,Southampton,23-292,2001,32,13,"1,373",15.3,2,0,2,2,0,1,0,0,5.1,4.3,0.4,4.6,19,14,64,0.13,0.00,0.13,0.13,0.13,0.33,0.02,0.36,0.28,0.31,Matches
Cameron Burgess,75,auAUS,DF,Ipswich Town,29-200,1995,17,15,"1,451",16.1,0,2,2,0,0,0,0,0,0.7,0.7,0.5,1.2,2,41,4,0.00,0.12,0.12,0.00,0.12,0.04,0.03,0.08,0.04,0.08,Matches
Caoimhín Kelleher,276,ieIRL,GK,Liverpool,26-167,1998,10,10,900,10.0,0,0,0,0,0,0,0,0,0.0,0.0,0.0,0.0,0,0,0,0.00,0.00,0.00,0.00,0.00,0.00,0.00,0.00,0.00,0.00,Matches
Carlos Alcaraz,13,arARG,MF,Southampton,22-160,2002,1,0,10,0.1,0,0,0,0,0,0,0,0,0.1,0.1,0.1,0.2,4,6,1,0.00,0.00,0.00,0.00,0.00,0.62,0.86,1.48,0.62,1.48,Matches
Carlos Baleba,44,cmCMR,MF,Brighton,21-126,2004,31,28,"2,403",26.7,3,1,4,3,0,0,8,1,3.0,3.0,1.3,4.3,40,111,27,0.11,0.04,0.15,0.11,0.15,0.11,0.05,0.16,0.11,0.16,Matches
Carlos Forbs,185,ptPOR,"MF,FW",Wolves,21-051,2004,10,1,239,2.7,0,0,0,0,0,0,2,0,0.1,0.1,0.0,0.2,10,8,28,0.00,0.00,0.00,0.00,0.00,0.05,0.01,0.07,0.05,0.07,Matches
Carlos Soler,476,esESP,"MF,FW",West Ham,28-127,1997,29,14,"1,358",15.1,1,1,2,1,0,0,5,0,1.7,1.7,1.2,2.9,16,52,33,0.07,0.07,0.13,0.07,0.13,0.11,0.08,0.19,0.11,0.19,Matches
Carlos Vinícius,533,brBRA,"MF,FW",Fulham,30-045,1995,3,0,16,0.2,0,0,0,0,0,0,0,0,0.0,0.0,0.0,0.0,1,0,3,0.00,0.00,0.00,0.00,0.00,0.21,0.00,0.21,0.21,0.21,Matches
Casemiro,86,brBRA,MF,Manchester Utd,33-075,1992,22,16,"1,335",14.8,1,0,1,1,0,0,3,0,1.7,1.7,2.3,3.9,4,70,26,0.07,0.00,0.07,0.07,0.07,0.11,0.15,0.27,0.11,0.27,Matches
Chadi Riad,429,maMAR,DF,Crystal Palace,21-326,2003,1,1,90,1.0,0,0,0,0,0,0,0,0,0.0,0.0,0.0,0.0,2,7,0,0.00,0.00,0.00,0.00,0.00,0.00,0.00,0.00,0.00,0.00,Matches
Charlie Taylor,498,engENG,DF,Southampton,31-233,1993,7,2,266,3.0,0,0,0,0,0,0,1,0,0.0,0.0,0.1,0.1,3,8,6,0.00,0.00,0.00,0.00,0.00,0.00,0.03,0.03,0.00,0.03,Matches
Cheick Doucouré,147,mlMLI,MF,Crystal Palace,25-121,2000,13,4,452,5.0,0,0,0,0,0,0,1,0,0.4,0.4,0.0,0.4,2,19,7,0.00,0.00,0.00,0.00,0.00,0.08,0.00,0.08,0.08,0.08,Matches
Chidozie Obi-Martin,387,dkDEN,FW,Manchester Utd,17-161,2007,6,1,155,1.7,0,0,0,0,0,0,1,0,0.6,0.6,0.0,0.6,2,1,12,0.00,0.00,0.00,0.00,0.00,0.35,0.00,0.35,0.35,0.35,Matches
Chiedozie Ogbene,389,ieIRL,FW,Ipswich Town,28-008,1997,5,3,238,2.6,0,0,0,0,0,0,0,0,0.0,0.0,0.1,0.1,7,0,15,0.00,0.00,0.00,0.00,0.00,0.00,0.03,0.03,0.00,0.03,Matches
Chiquinho,97,ptPOR,MF,Wolves,25-093,2000,1,0,7,0.1,0,0,0,0,0,0,0,0,0.0,0.0,0.0,0.0,0,0,0,0.00,0.00,0.00,0.00,0.00,0.00,0.42,0.42,0.00,0.42,Matches
Chris Richards,431,usUSA,DF,Crystal Palace,25-042,2000,21,19,"1,652",18.4,1,0,1,1,0,0,4,1,1.3,1.3,0.1,1.4,5,35,1,0.05,0.00,0.05,0.05,0.05,0.07,0.01,0.08,0.07,0.08,Matches
Chris Wood,558,nzNZL,FW,Nott'ham Forest,33-153,1991,33,32,"2,689",29.9,19,3,22,16,3,3,1,0,11.7,9.3,2.5,11.8,13,36,87,0.64,0.10,0.74,0.54,0.64,0.39,0.08,0.47,0.31,0.40,Matches
Christian Eriksen,166,dkDEN,MF,Manchester Utd,33-084,1992,21,11,"1,028",11.4,0,2,2,0,0,0,4,0,0.4,0.4,2.9,3.2,12,53,29,0.00,0.18,0.18,0.00,0.18,0.03,0.25,0.28,0.03,0.28,Matches
Christian Nørgaard,383,dkDEN,MF,Brentford,31-060,1994,31,31,"2,549",28.3,5,3,8,5,0,0,6,1,3.9,3.9,1.0,5.0,12,133,37,0.18,0.11,0.28,0.18,0.28,0.14,0.04,0.17,0.14,0.17,Matches
Christian Walton,536,engENG,GK,Ipswich Town,29-181,1995,6,6,540,6.0,0,0,0,0,0,0,0,0,0.0,0.0,0.0,0.0,0,0,0,0.00,0.00,0.00,0.00,0.00,0.00,0.00,0.00,0.00,0.00,Matches
Christopher Nkunku,378,frFRA,FW,Chelsea,27-176,1997,27,9,921,10.2,3,2,5,3,0,0,2,0,4.8,4.8,2.1,6.9,17,25,68,0.29,0.20,0.49,0.29,0.49,0.47,0.21,0.68,0.47,0.67,Matches
Cody Gakpo,191,nlNED,FW,Liverpool,26-002,1999,32,20,"1,717",19.1,9,3,12,9,0,0,5,0,6.5,6.5,3.5,10.0,51,52,253,0.47,0.16,0.63,0.47,0.63,0.34,0.18,0.52,0.34,0.52,Matches
Cole Palmer,402,engENG,MF,Chelsea,23-003,2002,34,33,"2,921",32.5,15,8,23,11,4,5,6,0,17.0,13.0,10.0,23.0,110,200,169,0.46,0.25,0.71,0.34,0.59,0.52,0.31,0.83,0.40,0.71,Matches
Conor Bradley,65,nirNIR,DF,Liverpool,21-304,2003,16,4,567,6.3,0,1,1,0,0,0,3,0,0.6,0.6,0.5,1.1,28,26,31,0.00,0.16,0.16,0.00,0.16,0.09,0.07,0.17,0.09,0.17,Matches
Conor Chaplin,93,engENG,"MF,FW",Ipswich Town,28-082,1997,19,8,712,7.9,1,1,2,1,0,0,2,0,1.2,1.2,0.7,1.9,11,26,20,0.13,0.13,0.25,0.13,0.25,0.15,0.09,0.24,0.15,0.24,Matches
Conor Coady,103,engENG,DF,Leicester City,32-073,1993,19,16,"1,444",16.0,0,0,0,0,0,0,2,0,0.1,0.1,0.1,0.2,3,30,0,0.00,0.00,0.00,0.00,0.00,0.01,0.00,0.01,0.01,0.01,Matches
Conor Townsend,512,engENG,DF,Ipswich Town,32-066,1993,6,3,335,3.7,0,1,1,0,0,0,1,0,0.0,0.0,0.7,0.7,2,8,13,0.00,0.27,0.27,0.00,0.27,0.01,0.18,0.18,0.01,0.18,Matches
Craig Dawson,124,engENG,DF,Wolves,35-003,1990,15,10,971,10.8,0,0,0,0,0,0,2,0,0.5,0.5,0.0,0.5,6,20,5,0.00,0.00,0.00,0.00,0.00,0.05,0.00,0.05,0.05,0.05,Matches
Cristian Romero,440,arARG,DF,Tottenham,27-012,1998,18,18,"1,416",15.7,1,0,1,1,0,0,3,0,1.6,1.6,0.6,2.2,12,71,3,0.06,0.00,0.06,0.06,0.06,0.10,0.04,0.14,0.10,0.14,Matches
Crysencio Summerville,492,nlNED,"FW,MF",West Ham,23-191,2001,19,7,786,8.7,1,1,2,1,0,0,2,0,1.6,1.6,1.7,3.3,29,18,71,0.11,0.11,0.23,0.11,0.23,0.19,0.19,0.38,0.19,0.38,Matches
Curtis Jones,266,engENG,"MF,DF",Liverpool,24-099,2001,30,17,"1,528",17.0,3,3,6,3,0,0,3,1,4.1,4.1,1.0,5.1,24,95,71,0.18,0.18,0.35,0.18,0.35,0.24,0.06,0.30,0.24,0.30,Matches
Daichi Kamada,272,jpJPN,MF,Crystal Palace,28-277,1996,31,14,"1,424",15.8,0,0,0,0,0,0,4,1,1.1,1.1,1.8,2.9,24,80,54,0.00,0.00,0.00,0.00,0.00,0.07,0.11,0.18,0.07,0.18,Matches
Dan Burn,76,engENG,DF,Newcastle Utd,33-000,1992,34,34,"3,060",34.0,1,0,1,1,0,0,10,0,1.7,1.7,0.9,2.6,9,59,10,0.03,0.00,0.03,0.03,0.03,0.05,0.03,0.08,0.05,0.08,Matches
Dane Scarlett,454,engENG,"FW,MF",Tottenham,21-046,2004,3,0,34,0.4,0,1,1,0,0,0,0,0,0.0,0.0,0.0,0.1,1,1,1,0.00,2.65,2.65,0.00,2.65,0.09,0.12,0.22,0.09,0.22,Matches
Dango Ouattara,399,bfBFA,FW,Bournemouth,23-087,2002,32,21,"2,005",22.3,7,4,11,7,0,0,3,0,8.4,8.4,5.5,13.8,79,43,191,0.31,0.18,0.49,0.31,0.49,0.38,0.25,0.62,0.38,0.62,Matches
Daniel Bentley,53,engENG,GK,Wolves,31-300,1993,1,1,90,1.0,0,0,0,0,0,0,0,0,0.0,0.0,0.0,0.0,0,0,0,0.00,0.00,0.00,0.00,0.00,0.00,0.00,0.00,0.00,0.00,Matches
Daniel Jebbison,256,engENG,FW,Bournemouth,21-269,2003,13,0,80,0.9,0,0,0,0,0,0,1,0,0.2,0.2,0.2,0.4,2,3,11,0.00,0.00,0.00,0.00,0.00,0.23,0.22,0.45,0.23,0.45,Matches
Daniel Muñoz,365,coCOL,DF,Crystal Palace,28-348,1996,34,34,"2,958",32.9,4,4,8,4,0,0,10,0,4.7,4.7,4.5,9.1,54,89,191,0.12,0.12,0.24,0.12,0.24,0.14,0.14,0.28,0.14,0.28,Matches
Daniel Podence,414,ptPOR,"MF,FW",Wolves,29-200,1995,2,0,48,0.5,0,0,0,0,0,0,0,0,0.0,0.0,0.0,0.0,1,2,3,0.00,0.00,0.00,0.00,0.00,0.07,0.00,0.07,0.07,0.07,Matches
Danilo,119,brBRA,"MF,FW",Nott'ham Forest,24-010,2001,7,5,267,3.0,0,0,0,0,0,0,0,0,0.0,0.0,0.0,0.0,2,11,1,0.00,0.00,0.00,0.00,0.00,0.00,0.00,0.00,0.00,0.00,Matches
Danny Ings,247,engENG,"FW,MF",West Ham,32-290,1992,15,1,284,3.2,1,2,3,1,0,0,0,0,2.3,2.3,1.3,3.5,6,5,29,0.32,0.63,0.95,0.32,0.95,0.72,0.41,1.12,0.72,1.12,Matches
Danny Ward,538,wlsWAL,GK,Leicester City,31-321,1993,2,1,135,1.5,0,0,0,0,0,0,0,0,0.0,0.0,0.0,0.0,0,0,0,0.00,0.00,0.00,0.00,0.00,0.00,0.00,0.00,0.00,0.00,Matches
Danny Welbeck,544,engENG,FW,Brighton,34-164,1990,28,22,"1,942",21.6,9,4,13,9,0,0,5,0,8.1,8.1,1.2,9.3,19,42,83,0.42,0.19,0.60,0.42,0.60,0.38,0.06,0.43,0.38,0.43,Matches
Dara O'Shea,386,ieIRL,DF,Ipswich Town,26-066,1999,32,32,"2,852",31.7,0,2,2,0,0,0,6,0,1.2,1.2,0.5,1.7,3,71,8,0.00,0.06,0.06,0.00,0.06,0.04,0.02,0.05,0.04,0.05,Matches
Darwin Núñez,381,uyURU,FW,Liverpool,25-319,1999,27,8,"1,051",11.7,5,2,7,5,0,0,8,0,5.3,5.3,1.2,6.5,22,27,69,0.43,0.17,0.60,0.43,0.60,0.45,0.11,0.56,0.45,0.56,Matches
David Brooks,71,wlsWAL,"FW,MF",Bournemouth,27-305,1997,26,8,832,9.2,2,0,2,2,0,0,3,0,2.2,2.2,1.7,3.9,25,27,75,0.22,0.00,0.22,0.22,0.22,0.24,0.18,0.42,0.24,0.42,Matches
David Raya,424,esESP,GK,Arsenal,29-236,1995,35,35,"3,150",35.0,0,0,0,0,0,0,2,0,0.0,0.0,0.0,0.0,0,13,0,0.00,0.00,0.00,0.00,0.00,0.00,0.00,0.00,0.00,0.00,Matches
Dean Henderson,233,engENG,GK,Crystal Palace,28-058,1997,35,35,"3,150",35.0,0,0,0,0,0,0,3,0,0.0,0.0,0.1,0.1,0,0,0,0.00,0.00,0.00,0.00,0.00,0.00,0.00,0.00,0.00,0.00,Matches
Dean Huijsen,243,esESP,DF,Bournemouth,20-025,2005,29,24,"2,234",24.8,3,1,4,3,0,0,8,0,1.9,1.9,2.0,3.8,36,116,10,0.12,0.04,0.16,0.12,0.16,0.08,0.08,0.15,0.08,0.15,Matches
Declan Rice,430,engENG,MF,Arsenal,26-115,1999,33,31,"2,645",29.4,3,7,10,3,0,0,7,1,3.3,3.3,6.5,9.7,88,180,92,0.10,0.24,0.34,0.10,0.34,0.11,0.22,0.33,0.11,0.33,Matches
Dejan Kulusevski,292,seSWE,"MF,FW",Tottenham,25-014,2000,31,26,"2,371",26.3,7,4,11,7,0,0,3,0,4.2,4.2,6.2,10.4,120,123,210,0.27,0.15,0.42,0.27,0.42,0.16,0.24,0.39,0.16,0.39,Matches
Destiny Udogie,521,itITA,DF,Tottenham,22-162,2002,24,23,"1,834",20.4,0,1,1,0,0,0,2,0,0.3,0.3,1.5,1.8,54,120,93,0.00,0.05,0.05,0.00,0.05,0.01,0.07,0.09,0.01,0.09,Matches
Diego Carlos,84,brBRA,DF,Aston Villa,32-055,1993,10,8,830,9.2,0,0,0,0,0,0,1,0,0.6,0.6,0.0,0.6,3,34,0,0.00,0.00,0.00,0.00,0.00,0.07,0.00,0.07,0.07,0.07,Matches
Diego Gómez,205,pyPAR,MF,Brighton,22-043,2003,13,4,441,4.9,0,0,0,0,0,0,0,0,0.7,0.7,0.5,1.2,5,20,14,0.00,0.00,0.00,0.00,0.00,0.15,0.10,0.25,0.15,0.25,Matches
Diogo Dalot,117,ptPOR,DF,Manchester Utd,26-052,1999,32,31,"2,788",31.0,0,3,3,0,0,0,5,0,2.0,2.0,2.0,4.0,62,102,164,0.00,0.10,0.10,0.00,0.10,0.06,0.07,0.13,0.06,0.13,Matches
Diogo Jota,268,ptPOR,FW,Liverpool,28-156,1996,24,14,"1,154",12.8,6,3,9,6,0,0,2,0,7.5,7.5,1.8,9.3,36,33,86,0.47,0.23,0.70,0.47,0.70,0.59,0.14,0.73,0.59,0.73,Matches
Divin Mubama,361,engENG,FW,Manchester City,20-196,2004,1,0,28,0.3,0,0,0,0,0,0,0,0,0.0,0.0,0.0,0.0,0,1,0,0.00,0.00,0.00,0.00,0.00,0.12,0.00,0.12,0.12,0.12,Matches
Djed Spence,481,engENG,DF,Tottenham,24-273,2000,22,17,"1,604",17.8,1,2,3,1,0,0,4,1,0.6,0.6,1.8,2.3,56,100,70,0.06,0.11,0.17,0.06,0.17,0.03,0.10,0.13,0.03,0.13,Matches
Dominic Calvert-Lewin,83,engENG,FW,Everton,28-054,1997,23,19,"1,588",17.6,3,1,4,3,0,0,2,0,6.2,6.2,0.6,6.8,22,19,107,0.17,0.06,0.23,0.17,0.23,0.35,0.04,0.38,0.35,0.38,Matches
Dominic Solanke,475,engENG,FW,Tottenham,27-237,1997,25,24,"2,119",23.5,8,3,11,8,0,0,0,0,10.1,10.1,2.9,13.1,29,45,88,0.34,0.13,0.47,0.34,0.47,0.43,0.13,0.56,0.43,0.56,Matches
Dominik Szoboszlai,494,huHUN,MF,Liverpool,24-196,2000,33,26,"2,279",25.3,5,5,10,5,0,0,6,0,7.1,7.1,6.2,13.3,65,118,120,0.20,0.20,0.39,0.20,0.39,0.28,0.24,0.53,0.28,0.53,Matches
Donyell Malen,322,nlNED,FW,Aston Villa,26-120,1999,12,2,293,3.3,3,0,3,3,0,0,0,0,2.2,2.2,0.1,2.2,11,5,25,0.92,0.00,0.92,0.92,0.92,0.66,0.02,0.68,0.66,0.68,Matches
Dwight McNeil,340,engENG,"MF,FW",Everton,25-168,1999,18,14,"1,262",14.0,4,4,8,4,0,0,1,0,1.1,1.1,3.8,4.8,35,63,74,0.29,0.29,0.57,0.29,0.57,0.08,0.27,0.35,0.08,0.35,Matches
Eberechi Eze,172,engENG,"MF,FW",Crystal Palace,26-314,1998,31,29,"2,427",27.0,5,8,13,4,1,2,1,0,9.1,7.5,5.2,12.7,67,89,143,0.19,0.30,0.48,0.15,0.44,0.34,0.19,0.53,0.28,0.47,Matches
Eddie Nketiah,377,engENG,"FW,MF",Crystal Palace,25-344,1999,26,8,895,9.9,1,1,2,1,0,0,6,1,4.5,4.5,1.6,6.1,38,17,68,0.10,0.10,0.20,0.10,0.20,0.45,0.16,0.62,0.45,0.62,Matches
Ederson,154,brBRA,GK,Manchester City,31-265,1993,23,23,"2,050",22.8,0,4,4,0,0,0,3,0,0.0,0.0,1.5,1.5,0,1,0,0.00,0.18,0.18,0.00,0.18,0.00,0.07,0.07,0.00,0.07,Matches
Edmond-Paris Maghoma,318,engENG,"MF,FW",Brentford,24-001,2001,8,0,119,1.3,0,0,0,0,0,0,0,0,0.1,0.1,0.1,0.2,4,13,4,0.00,0.00,0.00,0.00,0.00,0.09,0.08,0.17,0.09,0.17,Matches
Edson Álvarez,18,mxMEX,MF,West Ham,27-197,1997,25,19,"1,633",18.1,0,1,1,0,0,0,8,1,0.3,0.3,0.8,1.1,21,75,18,0.00,0.06,0.06,0.00,0.06,0.02,0.04,0.06,0.02,0.06,Matches
Eiran Cashin,89,ieIRL,DF,Brighton,23-181,2001,2,0,20,0.2,0,0,0,0,0,0,0,0,0.0,0.0,0.0,0.0,0,6,1,0.00,0.00,0.00,0.00,0.00,0.00,0.00,0.00,0.00,0.00,Matches
Elliot Anderson,25,engENG,MF,Nott'ham Forest,22-184,2002,34,30,"2,467",27.4,2,6,8,2,0,0,7,0,1.9,1.9,3.1,5.0,46,128,87,0.07,0.22,0.29,0.07,0.29,0.07,0.11,0.18,0.07,0.18,Matches
Emerson Palmieri,403,itITA,DF,West Ham,30-279,1994,30,26,"2,105",23.4,2,1,3,2,0,0,5,0,2.0,2.0,1.5,3.4,47,66,83,0.09,0.04,0.13,0.09,0.13,0.08,0.06,0.15,0.08,0.15,Matches
Emi Buendía,72,arARG,"MF,FW",Aston Villa,28-135,1996,12,0,98,1.1,0,0,0,0,0,0,1,0,0.7,0.7,0.0,0.7,3,7,6,0.00,0.00,0.00,0.00,0.00,0.60,0.02,0.62,0.60,0.62,Matches
Emil Krafth,290,seSWE,DF,Newcastle Utd,30-280,1994,10,2,289,3.2,0,0,0,0,0,0,0,0,0.0,0.0,0.1,0.1,3,7,1,0.00,0.00,0.00,0.00,0.00,0.01,0.03,0.04,0.01,0.04,Matches
Emile Smith Rowe,474,engENG,MF,Fulham,24-285,2000,31,23,"1,886",21.0,6,2,8,6,0,0,2,0,4.4,4.4,1.1,5.5,50,120,115,0.29,0.10,0.38,0.29,0.38,0.21,0.05,0.26,0.21,0.26,Matches
Emiliano Martínez,328,arARG,GK,Aston Villa,32-249,1992,34,34,"2,970",33.0,0,0,0,0,0,0,4,0,0.0,0.0,0.5,0.5,0,4,0,0.00,0.00,0.00,0.00,0.00,0.00,0.02,0.02,0.00,0.02,Matches
Emmanuel Agbadou,6,ciCIV,DF,Wolves,27-326,1997,13,13,"1,140",12.7,0,0,0,0,0,0,2,0,0.3,0.3,0.2,0.5,3,22,1,0.00,0.00,0.00,0.00,0.00,0.02,0.02,0.04,0.02,0.04,Matches
Enes Ünal,524,trTUR,"FW,MF",Bournemouth,27-364,1997,17,2,345,3.8,2,1,3,2,0,0,2,0,2.7,2.7,0.4,3.1,4,12,22,0.52,0.26,0.78,0.52,0.78,0.72,0.10,0.82,0.72,0.82,Matches
Enzo Fernández,181,arARG,MF,Chelsea,24-112,2001,33,29,"2,677",29.7,6,7,13,6,0,0,7,0,6.0,6.0,6.5,12.5,57,199,116,0.20,0.24,0.44,0.20,0.44,0.20,0.22,0.42,0.20,0.42,Matches
Eric da Silva Moreira,468,deGER,"MF,DF",Nott'ham Forest,19-006,2006,2,0,30,0.3,0,0,0,0,0,0,0,0,0.0,0.0,0.0,0.0,1,0,1,0.00,0.00,0.00,0.00,0.00,0.00,0.00,0.00,0.00,0.00,Matches
Erling Haaland,223,noNOR,FW,Manchester City,24-292,2000,28,28,"2,480",27.6,21,3,24,19,2,3,2,0,20.8,18.4,2.8,21.2,19,18,103,0.76,0.11,0.87,0.69,0.80,0.76,0.10,0.86,0.67,0.77,Matches
Ethan Nwaneri,382,engENG,"FW,MF",Arsenal,18-049,2007,25,10,821,9.1,4,2,6,4,0,0,1,0,1.1,1.1,1.0,2.2,44,30,102,0.44,0.22,0.66,0.44,0.66,0.12,0.11,0.24,0.12,0.24,Matches
Ethan Pinnock,413,jmJAM,DF,Brentford,31-345,1993,22,21,"1,913",21.3,2,0,2,2,0,0,2,0,1.1,1.1,1.2,2.3,3,41,9,0.09,0.00,0.09,0.09,0.09,0.05,0.05,0.11,0.05,0.11,Matches
Evan Ferguson,177,ieIRL,FW,West Ham,20-202,2004,8,1,156,1.7,0,0,0,0,0,0,0,0,0.6,0.6,0.3,0.9,1,1,7,0.00,0.00,0.00,0.00,0.00,0.32,0.17,0.50,0.32,0.50,Matches
Evanilson,169,brBRA,FW,Bournemouth,25-215,1999,28,25,"2,058",22.9,10,1,11,10,0,1,1,1,11.6,10.8,1.6,12.5,28,24,88,0.44,0.04,0.48,0.44,0.48,0.51,0.07,0.58,0.47,0.55,Matches
Ezri Konsa,287,engENG,DF,Aston Villa,27-198,1997,31,30,"2,666",29.6,1,0,1,1,0,0,0,0,0.9,0.9,0.4,1.3,17,77,11,0.03,0.00,0.03,0.03,0.03,0.03,0.01,0.04,0.03,0.04,Matches
Fabian Schär,456,chSUI,DF,Newcastle Utd,33-140,1991,31,30,"2,664",29.6,4,0,4,4,0,0,7,1,2.4,2.4,0.4,2.8,14,102,18,0.14,0.00,0.14,0.14,0.14,0.08,0.01,0.10,0.08,0.10,Matches
Fabio Carvalho,85,ptPOR,"FW,MF",Brentford,22-252,2002,19,3,455,5.1,2,1,3,2,0,0,1,0,2.5,2.5,0.7,3.2,9,17,23,0.40,0.20,0.59,0.40,0.59,0.49,0.13,0.62,0.49,0.62,Matches
Facundo Buonanotte,74,arARG,"FW,MF",Leicester City,20-137,2004,29,14,"1,474",16.4,4,2,6,4,0,0,7,0,3.8,3.8,3.1,6.8,38,52,69,0.24,0.12,0.37,0.24,0.37,0.23,0.19,0.42,0.23,0.42,Matches
Federico Chiesa,95,itITA,FW,Liverpool,27-196,1997,5,0,46,0.5,0,0,0,0,0,0,0,0,0.2,0.2,0.0,0.2,3,2,7,0.00,0.00,0.00,0.00,0.00,0.49,0.00,0.49,0.49,0.49,Matches
Ferdi Kadioglu,271,trTUR,"DF,MF",Brighton,25-214,1999,6,5,385,4.3,1,0,1,1,0,0,1,0,0.4,0.4,0.2,0.6,1,15,27,0.23,0.00,0.23,0.23,0.23,0.10,0.04,0.14,0.10,0.14,Matches
Filip Jørgensen,270,dkDEN,GK,Chelsea,23-023,2002,6,6,540,6.0,0,0,0,0,0,0,0,0,0.0,0.0,0.0,0.0,0,0,0,0.00,0.00,0.00,0.00,0.00,0.00,0.00,0.00,0.00,0.00,Matches
Flynn Downes,148,engENG,MF,Southampton,26-109,1999,24,22,"1,881",20.9,1,0,1,1,0,0,10,0,0.6,0.6,1.1,1.7,25,63,28,0.05,0.00,0.05,0.05,0.05,0.03,0.05,0.08,0.03,0.08,Matches
Frank Onyeka,395,ngNGA,MF,Brentford,27-128,1998,2,0,25,0.3,0,0,0,0,0,0,0,0,0.0,0.0,0.0,0.0,0,1,0,0.00,0.00,0.00,0.00,0.00,0.00,0.00,0.00,0.00,0.00,Matches
Fraser Forster,186,engENG,GK,Tottenham,37-053,1988,7,7,630,7.0,0,0,0,0,0,0,0,0,0.0,0.0,0.0,0.0,0,0,0,0.00,0.00,0.00,0.00,0.00,0.00,0.00,0.00,0.00,0.00,Matches
Gabriel Jesus,258,brBRA,FW,Arsenal,28-036,1997,17,6,608,6.8,3,0,3,3,0,0,4,0,3.0,3.0,0.7,3.7,15,19,57,0.44,0.00,0.44,0.44,0.44,0.44,0.10,0.54,0.44,0.54,Matches
Gabriel Magalhães,317,brBRA,DF,Arsenal,27-141,1997,28,28,"2,363",26.3,3,1,4,3,0,0,4,0,2.6,2.6,0.9,3.5,10,126,11,0.11,0.04,0.15,0.11,0.15,0.10,0.03,0.13,0.10,0.13,Matches
Gabriel Martinelli,327,brBRA,"FW,MF",Arsenal,23-325,2001,30,22,"2,041",22.7,7,4,11,7,0,0,1,0,5.9,5.9,4.7,10.6,112,47,267,0.31,0.18,0.49,0.31,0.49,0.26,0.21,0.47,0.26,0.47,Matches
George Edmundson,155,engENG,DF,Ipswich Town,27-251,1997,1,0,2,0.0,0,0,0,0,0,0,0,0,0.0,0.0,0.0,0.0,0,0,0,0.00,0.00,0.00,0.00,0.00,0.00,0.00,0.00,0.00,0.00,Matches
George Hirst,239,sctSCO,FW,Ipswich Town,26-083,1999,23,3,493,5.5,3,1,4,3,0,0,2,0,1.6,1.6,0.3,1.9,9,13,29,0.55,0.18,0.73,0.55,0.73,0.28,0.06,0.35,0.28,0.35,Matches
Georginio Rutter,441,frFRA,"MF,FW",Brighton,23-019,2002,28,19,"1,656",18.4,5,3,8,5,0,0,2,0,4.6,4.6,2.5,7.1,42,67,79,0.27,0.16,0.43,0.27,0.43,0.25,0.14,0.39,0.25,0.39,Matches
Gonçalo Guedes,215,ptPOR,"MF,FW",Wolves,28-161,1996,26,7,783,8.7,2,4,6,2,0,0,1,0,2.2,2.2,1.1,3.3,32,31,60,0.23,0.46,0.69,0.23,0.69,0.26,0.13,0.38,0.26,0.38,Matches
Guglielmo Vicario,532,itITA,GK,Tottenham,28-214,1996,23,23,"2,070",23.0,0,0,0,0,0,0,1,0,0.0,0.0,0.0,0.0,0,1,0,0.00,0.00,0.00,0.00,0.00,0.00,0.00,0.00,0.00,0.00,Matches
Guido Rodríguez,437,arARG,MF,West Ham,31-027,1994,20,14,"1,018",11.3,0,0,0,0,0,0,5,0,0.2,0.2,0.1,0.3,2,31,5,0.00,0.00,0.00,0.00,0.00,0.02,0.01,0.03,0.02,0.03,Matches
Gustavo Nunes,379,brBRA,"FW,MF",Brentford,19-170,2005,3,0,12,0.1,0,0,0,0,0,0,0,0,0.0,0.0,0.0,0.0,1,0,0,0.00,0.00,0.00,0.00,0.00,0.00,0.00,0.00,0.00,0.00,Matches
Hamza Choudhury,98,bdBAN,"MF,DF",Leicester City,27-220,1997,4,1,131,1.5,0,0,0,0,0,0,0,0,0.0,0.0,0.4,0.4,4,3,6,0.00,0.00,0.00,0.00,0.00,0.00,0.27,0.27,0.00,0.27,Matches
Harrison Armstrong,34,engENG,MF,Everton,18-110,2007,3,0,48,0.5,0,0,0,0,0,0,1,0,0.4,0.4,0.1,0.4,1,1,0,0.00,0.00,0.00,0.00,0.00,0.69,0.14,0.82,0.69,0.82,Matches
Harrison Reed,425,engENG,MF,Fulham,30-102,1995,12,0,109,1.2,0,0,0,0,0,0,2,0,0.2,0.2,0.1,0.3,1,4,7,0.00,0.00,0.00,0.00,0.00,0.21,0.07,0.27,0.21,0.27,Matches
Harry Amass,20,engENG,DF,Manchester Utd,18-054,2007,4,3,256,2.8,0,0,0,0,0,0,0,0,0.0,0.0,0.0,0.1,9,5,17,0.00,0.00,0.00,0.00,0.00,0.02,0.01,0.02,0.02,0.02,Matches
Harry Clarke,100,engENG,DF,Ipswich Town,24-068,2001,7,4,379,4.2,0,0,0,0,0,0,3,1,0.1,0.1,0.0,0.1,5,14,2,0.00,0.00,0.00,0.00,0.00,0.02,0.01,0.03,0.02,0.03,Matches
Harry Maguire,319,engENG,DF,Manchester Utd,32-065,1993,24,17,"1,539",17.1,1,0,1,1,0,0,7,0,1.4,1.4,0.3,1.7,6,43,7,0.06,0.00,0.06,0.06,0.06,0.08,0.01,0.10,0.08,0.10,Matches
Harry Toffolo,508,engENG,DF,Nott'ham Forest,29-263,1995,4,1,137,1.5,0,0,0,0,0,0,1,0,0.0,0.0,0.0,0.0,0,2,4,0.00,0.00,0.00,0.00,0.00,0.01,0.00,0.01,0.01,0.01,Matches
Harry Wilson,554,wlsWAL,"FW,MF",Fulham,28-048,1997,22,10,"1,003",11.1,5,1,6,5,0,0,2,0,3.7,3.7,1.1,4.8,17,48,83,0.45,0.09,0.54,0.45,0.54,0.33,0.10,0.43,0.33,0.43,Matches
Harry Winks,555,engENG,MF,Leicester City,29-096,1996,22,17,"1,538",17.1,0,2,2,0,0,0,4,0,0.2,0.2,1.2,1.5,19,101,11,0.00,0.12,0.12,0.00,0.12,0.01,0.07,0.09,0.01,0.09,Matches
Harvey Barnes,46,engENG,FW,Newcastle Utd,27-151,1997,30,14,"1,503",16.7,9,4,13,9,0,0,0,0,6.6,6.6,3.9,10.4,80,72,172,0.54,0.24,0.78,0.54,0.78,0.39,0.23,0.62,0.39,0.62,Matches
Harvey Elliott,161,engENG,"MF,FW",Liverpool,22-035,2003,15,1,267,3.0,0,1,1,0,0,0,1,0,0.8,0.8,0.9,1.7,8,29,25,0.00,0.34,0.34,0.00,0.34,0.28,0.29,0.57,0.28,0.57,Matches
Hwang Hee-chan,232,krKOR,"MF,FW",Wolves,29-103,1996,20,5,651,7.2,2,0,2,2,0,0,0,0,0.8,0.8,0.1,0.9,15,12,41,0.28,0.00,0.28,0.28,0.28,0.11,0.02,0.13,0.11,0.13,Matches
Hákon Rafn Valdimarsson,419,isISL,GK,Brentford,23-208,2001,2,1,145,1.6,0,0,0,0,0,0,0,0,0.0,0.0,0.0,0.0,0,0,0,0.00,0.00,0.00,0.00,0.00,0.00,0.00,0.00,0.00,0.00,Matches
Ian Maatsen,313,nlNED,DF,Aston Villa,23-060,2002,26,8,957,10.6,1,2,3,1,0,0,2,0,0.8,0.8,2.7,3.5,27,40,91,0.09,0.19,0.28,0.09,0.28,0.07,0.25,0.33,0.07,0.33,Matches
Ibrahim Sangaré,448,ciCIV,MF,Nott'ham Forest,27-158,1997,10,4,370,4.1,0,1,1,0,0,0,3,0,0.0,0.0,0.4,0.4,0,16,3,0.00,0.24,0.24,0.00,0.24,0.00,0.09,0.10,0.00,0.10,Matches
Ibrahima Konaté,286,frFRA,DF,Liverpool,25-349,1999,28,27,"2,320",25.8,1,2,3,1,0,0,5,0,1.7,1.7,1.0,2.7,21,103,3,0.04,0.08,0.12,0.04,0.12,0.07,0.04,0.10,0.07,0.10,Matches
Idrissa Gana Gueye,192,snSEN,MF,Everton,35-225,1989,34,32,"2,794",31.0,0,3,3,0,0,0,8,0,1.1,1.1,1.7,2.8,26,134,24,0.00,0.10,0.10,0.00,0.10,0.03,0.05,0.09,0.03,0.09,Matches
Igor,246,brBRA,DF,Brighton,27-091,1998,12,9,903,10.0,0,0,0,0,0,0,4,0,0.0,0.0,0.2,0.2,9,44,0,0.00,0.00,0.00,0.00,0.00,0.00,0.02,0.02,0.00,0.02,Matches
Iliman Ndiaye,370,snSEN,FW,Everton,25-064,2000,30,27,"2,252",25.0,7,0,7,5,2,2,3,0,5.2,3.6,1.6,5.2,81,50,115,0.28,0.00,0.28,0.20,0.20,0.21,0.06,0.27,0.15,0.21,Matches
Illia Zabarnyi,565,uaUKR,DF,Bournemouth,22-250,2002,33,32,"2,842",31.6,0,0,0,0,0,0,3,1,1.1,1.1,0.6,1.6,25,128,4,0.00,0.00,0.00,0.00,0.00,0.03,0.02,0.05,0.03,0.05,Matches
Ismaila Sarr,451,snSEN,"MF,FW",Crystal Palace,27-073,1998,35,27,"2,482",27.6,7,4,11,7,0,0,4,0,9.1,9.1,7.1,16.2,69,79,169,0.25,0.15,0.40,0.25,0.40,0.33,0.26,0.59,0.33,0.59,Matches
Issa Diop,136,frFRA,DF,Fulham,28-120,1997,21,15,"1,339",14.9,0,0,0,0,0,0,2,0,0.5,0.5,0.1,0.6,6,25,3,0.00,0.00,0.00,0.00,0.00,0.04,0.01,0.04,0.04,0.04,Matches
Jack Clarke,101,engENG,"FW,MF",Ipswich Town,24-167,2000,29,11,"1,056",11.7,0,4,4,0,0,0,2,0,1.0,1.0,2.0,2.9,32,35,47,0.00,0.34,0.34,0.00,0.34,0.08,0.17,0.25,0.08,0.25,Matches
Jack Grealish,211,engENG,"FW,MF",Manchester City,29-241,1995,19,7,720,8.0,1,1,2,1,0,0,3,0,1.1,1.1,1.8,3.0,69,52,118,0.12,0.12,0.25,0.12,0.25,0.14,0.23,0.37,0.14,0.37,Matches
Jack Harrison,227,engENG,FW,Everton,28-170,1996,31,22,"1,900",21.1,1,0,1,1,0,0,0,0,3.3,3.3,3.7,7.0,64,45,116,0.05,0.00,0.05,0.05,0.05,0.16,0.17,0.33,0.16,0.33,Matches
Jack Hinshelwood,238,engENG,"DF,MF",Brighton,20-028,2005,23,21,"1,744",19.4,2,2,4,2,0,0,5,0,1.5,1.5,1.3,2.8,18,63,47,0.10,0.10,0.21,0.10,0.21,0.08,0.07,0.14,0.08,0.14,Matches
Jack Stephens,484,engENG,DF,Southampton,31-102,1994,17,15,"1,209",13.4,1,0,1,1,0,0,2,2,0.6,0.6,0.2,0.7,13,53,2,0.07,0.00,0.07,0.07,0.07,0.04,0.01,0.05,0.04,0.05,Matches
Jack Taylor,499,ieIRL,MF,Ipswich Town,26-320,1998,29,3,766,8.5,1,0,1,1,0,0,3,0,0.7,0.7,0.5,1.2,11,41,21,0.12,0.00,0.12,0.12,0.12,0.08,0.06,0.15,0.08,0.15,Matches
Jacob Greaves,212,engENG,DF,Ipswich Town,24-239,2000,22,22,"1,935",21.5,1,0,1,1,0,0,5,0,1.2,1.2,0.0,1.3,7,53,8,0.05,0.00,0.05,0.05,0.05,0.06,0.00,0.06,0.06,0.06,Matches
Jacob Murphy,368,engENG,FW,Newcastle Utd,30-074,1995,32,28,"2,139",23.8,8,11,19,8,0,0,3,0,5.7,5.7,8.1,13.8,70,67,216,0.34,0.46,0.80,0.34,0.80,0.24,0.34,0.58,0.24,0.58,Matches
Jacob Ramsey,421,engENG,"FW,MF",Aston Villa,23-346,2001,27,18,"1,516",16.8,1,3,4,1,0,0,2,0,1.5,1.5,2.3,3.7,57,67,105,0.06,0.18,0.24,0.06,0.24,0.09,0.13,0.22,0.09,0.22,Matches
Jaden Philogene Bidace,410,engENG,"FW,MF",Aston Villa,23-090,2002,11,2,332,3.7,0,0,0,0,0,0,4,1,0.5,0.5,0.3,0.8,7,4,17,0.00,0.00,0.00,0.00,0.00,0.13,0.08,0.20,0.13,0.20,Matches
Jadon Sancho,447,engENG,FW,Chelsea,25-045,2000,29,18,"1,687",18.7,3,4,7,3,0,0,2,0,2.2,2.2,3.6,5.8,98,87,218,0.16,0.21,0.37,0.16,0.37,0.12,0.19,0.31,0.12,0.31,Matches
Jahmai Simpson-Pusey,469,engENG,DF,Manchester City,19-186,2005,2,1,96,1.1,0,0,0,0,0,0,1,0,0.0,0.0,0.0,0.0,1,3,0,0.00,0.00,0.00,0.00,0.00,0.00,0.00,0.00,0.00,0.00,Matches
Jake Evans,170,N/a,FW,Leicester City,N/a,N/a,2,0,8,0.1,0,0,0,0,0,0,0,0,0.0,0.0,0.0,0.0,0,0,1,0.00,0.00,0.00,0.00,0.00,0.00,0.00,0.00,0.00,0.00,Matches
Jake O'Brien,384,ieIRL,DF,Everton,23-359,2001,18,15,"1,391",15.5,2,0,2,2,0,0,5,0,0.7,0.7,0.6,1.3,7,43,24,0.13,0.00,0.13,0.13,0.13,0.05,0.04,0.08,0.05,0.08,Matches
Jakub Kiwior,284,plPOL,DF,Arsenal,25-083,2000,14,7,852,9.5,1,0,1,1,0,0,0,0,0.2,0.2,0.3,0.4,5,36,0,0.11,0.00,0.11,0.11,0.11,0.02,0.03,0.05,0.02,0.05,Matches
Jakub Moder,353,plPOL,MF,Brighton,26-032,1999,4,0,11,0.1,0,0,0,0,0,0,0,0,0.0,0.0,0.2,0.2,2,4,0,0.00,0.00,0.00,0.00,0.00,0.00,1.45,1.45,0.00,1.45,Matches
Jakub Stolarczyk,487,plPOL,GK,Leicester City,24-141,2000,7,7,630,7.0,0,0,0,0,0,0,1,0,0.0,0.0,0.0,0.0,0,1,0,0.00,0.00,0.00,0.00,0.00,0.00,0.00,0.00,0.00,0.00,Matches
James Bree,67,engENG,DF,Southampton,27-210,1997,15,11,895,9.9,0,1,1,0,0,0,0,0,0.1,0.1,0.9,1.0,10,31,34,0.00,0.10,0.10,0.00,0.10,0.01,0.09,0.10,0.01,0.10,Matches
James Garner,195,engENG,"MF,DF",Everton,24-057,2001,18,14,"1,324",14.7,0,1,1,0,0,0,3,0,0.3,0.3,1.3,1.6,12,46,22,0.00,0.07,0.07,0.00,0.07,0.02,0.09,0.11,0.02,0.11,Matches
James Hill,237,engENG,DF,Bournemouth,23-119,2002,10,6,448,5.0,0,1,1,0,0,0,1,0,0.3,0.3,0.3,0.6,3,16,8,0.00,0.20,0.20,0.00,0.20,0.06,0.05,0.11,0.06,0.11,Matches
James Justin,269,engENG,DF,Leicester City,27-075,1998,33,31,"2,669",29.7,2,1,3,2,0,0,5,0,1.5,1.5,0.6,2.1,39,87,92,0.07,0.03,0.10,0.07,0.10,0.05,0.02,0.07,0.05,0.07,Matches
James Maddison,315,engENG,MF,Tottenham,28-167,1996,31,21,"1,809",20.1,9,7,16,9,0,0,6,0,5.8,5.8,4.2,10.0,45,164,95,0.45,0.35,0.80,0.45,0.80,0.29,0.21,0.50,0.29,0.50,Matches
James Mcatee,336,engENG,"MF,FW",Manchester City,22-203,2002,14,2,304,3.4,3,0,3,3,0,0,1,0,2.8,2.8,0.3,3.1,7,6,26,0.89,0.00,0.89,0.89,0.89,0.83,0.10,0.93,0.83,0.93,Matches
James Milner,348,engENG,MF,Brighton,39-125,1986,3,3,169,1.9,0,0,0,0,0,0,1,0,0.2,0.2,0.2,0.4,1,10,10,0.00,0.00,0.00,0.00,0.00,0.09,0.12,0.21,0.09,0.21,Matches
James Tarkowski,496,engENG,DF,Everton,32-171,1992,33,33,"2,922",32.5,1,1,2,1,0,0,6,0,1.3,1.3,2.9,4.2,9,75,3,0.03,0.03,0.06,0.03,0.06,0.04,0.09,0.13,0.04,0.13,Matches
James Ward-Prowse,540,engENG,MF,West Ham,30-189,1994,12,9,813,9.0,0,1,1,0,0,0,2,0,0.6,0.6,1.3,1.9,9,47,4,0.00,0.11,0.11,0.00,0.11,0.07,0.14,0.21,0.07,0.21,Matches
Jamie Vardy,526,engENG,FW,Leicester City,38-118,1987,33,33,"2,655",29.5,8,3,11,7,1,2,5,0,10.7,9.1,2.9,12.0,27,20,110,0.27,0.10,0.37,0.24,0.34,0.36,0.10,0.46,0.31,0.41,Matches
Jan Bednarek,49,plPOL,DF,Southampton,29-027,1996,29,29,"2,441",27.1,2,0,2,2,0,0,7,0,0.7,0.7,0.5,1.2,5,59,2,0.07,0.00,0.07,0.07,0.07,0.02,0.02,0.04,0.02,0.04,Matches
Jan Paul van Hecke,231,nlNED,DF,Brighton,24-335,2000,31,30,"2,688",29.9,1,1,2,1,0,0,8,1,1.3,1.3,1.5,2.7,53,216,5,0.03,0.03,0.07,0.03,0.07,0.04,0.05,0.09,0.04,0.09,Matches
Jannik Vestergaard,531,dkDEN,DF,Leicester City,32-279,1992,18,16,"1,391",15.5,0,0,0,0,0,0,5,0,0.1,0.1,0.1,0.2,3,32,2,0.00,0.00,0.00,0.00,0.00,0.01,0.01,0.01,0.01,0.01,Matches
Jarell Quansah,418,engENG,DF,Liverpool,22-100,2003,12,3,405,4.5,0,0,0,0,0,0,2,0,0.1,0.1,0.1,0.2,2,16,4,0.00,0.00,0.00,0.00,0.00,0.02,0.02,0.04,0.02,0.04,Matches
Jarrad Branthwaite,66,engENG,DF,Everton,22-316,2002,28,26,"2,348",26.1,0,1,1,0,0,0,4,0,1.1,1.1,0.7,1.8,9,61,2,0.00,0.04,0.04,0.00,0.04,0.04,0.03,0.07,0.04,0.07,Matches
Jarrod Bowen,64,engENG,"FW,MF",West Ham,28-140,1996,31,31,"2,721",30.2,10,7,17,9,1,1,1,0,8.0,7.3,6.3,13.6,98,86,188,0.33,0.23,0.56,0.30,0.53,0.26,0.21,0.47,0.24,0.45,Matches
Jason Steele,483,engENG,GK,Brighton,34-264,1990,2,2,180,2.0,0,0,0,0,0,0,0,0,0.0,0.0,0.0,0.0,0,0,0,0.00,0.00,0.00,0.00,0.00,0.00,0.00,0.00,0.00,0.00,Matches
Jay Robinson,435,engENG,"MF,FW",Southampton,18-055,2007,2,0,36,0.4,0,0,0,0,0,0,0,0,0.0,0.0,0.0,0.0,1,0,2,0.00,0.00,0.00,0.00,0.00,0.00,0.10,0.10,0.00,0.10,Matches
Jay Stansfield,482,engENG,MF,Fulham,22-166,2002,1,0,1,0.0,0,0,0,0,0,0,0,0,0.0,0.0,0.0,0.0,0,0,0,0.00,0.00,0.00,0.00,0.00,0.00,0.00,0.00,0.00,0.00,Matches
Jayden Danns,120,engENG,MF,Liverpool,19-113,2006,1,0,11,0.1,0,0,0,0,0,0,0,0,0.0,0.0,0.0,0.0,0,0,0,0.00,0.00,0.00,0.00,0.00,0.00,0.00,0.00,0.00,0.00,Matches
Jayden Meghoma,343,engENG,DF,Brentford,18-315,2006,1,0,5,0.1,0,0,0,0,0,0,0,0,0.0,0.0,0.0,0.0,0,0,0,0.00,0.00,0.00,0.00,0.00,0.00,0.00,0.00,0.00,0.00,Matches
Jean-Clair Todibo,507,frFRA,DF,West Ham,25-130,1999,24,17,"1,564",17.4,0,0,0,0,0,0,2,0,0.2,0.2,0.0,0.2,9,31,5,0.00,0.00,0.00,0.00,0.00,0.01,0.00,0.01,0.01,0.01,Matches
Jean-Philippe Mateta,331,frFRA,FW,Crystal Palace,27-315,1997,34,31,"2,517",28.0,14,2,16,12,2,2,2,0,12.1,10.6,3.1,13.6,38,47,114,0.50,0.07,0.57,0.43,0.50,0.43,0.11,0.54,0.38,0.49,Matches
Jean-Ricner Bellegarde,51,frFRA,"MF,FW",Wolves,26-316,1998,32,19,"1,551",17.2,2,6,8,2,0,0,3,0,1.3,1.3,3.6,4.9,49,39,83,0.12,0.35,0.46,0.12,0.46,0.08,0.21,0.28,0.08,0.28,Matches
Jefferson Lerma,300,coCOL,"MF,DF",Crystal Palace,30-196,1994,30,23,"2,034",22.6,0,1,1,0,0,0,8,0,1.0,1.0,1.5,2.5,11,86,25,0.00,0.04,0.04,0.00,0.04,0.04,0.06,0.11,0.04,0.11,Matches
Jeffrey Schlupp,457,ghGHA,"MF,DF",Crystal Palace,32-137,1992,12,0,103,1.1,0,0,0,0,0,0,0,0,0.2,0.2,0.2,0.3,4,5,9,0.00,0.00,0.00,0.00,0.00,0.14,0.14,0.28,0.14,0.28,Matches
Jens Cajuste,81,seSWE,MF,Ipswich Town,25-272,1999,27,23,"1,783",19.8,1,0,1,1,0,0,2,0,0.5,0.5,0.6,1.1,23,46,16,0.05,0.00,0.05,0.05,0.05,0.02,0.03,0.06,0.02,0.06,Matches
Jeremy Doku,142,beBEL,"FW,MF",Manchester City,22-347,2002,26,15,"1,397",15.5,3,6,9,3,0,0,1,0,1.0,1.0,4.4,5.4,189,66,259,0.19,0.39,0.58,0.19,0.58,0.07,0.28,0.35,0.07,0.35,Matches
Jeremy Monga,354,N/a,"FW,MF",Leicester City,N/a,N/a,4,0,52,0.6,0,0,0,0,0,0,0,0,0.0,0.0,0.0,0.0,3,2,5,0.00,0.00,0.00,0.00,0.00,0.00,0.00,0.00,0.00,0.00,Matches
Jeremy Sarmiento,450,ecECU,MF,Brighton,22-327,2002,1,0,9,0.1,0,0,0,0,0,0,0,0,0.0,0.0,0.0,0.0,0,0,2,0.00,0.00,0.00,0.00,0.00,0.00,0.00,0.00,0.00,0.00,Matches
Jesper Lindstrøm,307,dkDEN,FW,Everton,25-069,2000,25,15,"1,239",13.8,0,1,1,0,0,0,2,0,2.1,2.1,2.0,4.1,30,25,81,0.00,0.07,0.07,0.00,0.07,0.15,0.15,0.30,0.15,0.30,Matches
Joachim Andersen,23,dkDEN,DF,Crystal Palace,28-343,1996,1,1,90,1.0,0,0,0,0,0,0,1,0,0.0,0.0,0.0,0.0,1,4,1,0.00,0.00,0.00,0.00,0.00,0.04,0.00,0.04,0.04,0.04,Matches
Joe Aribo,32,ngNGA,"MF,DF",Southampton,28-292,1996,30,20,"1,909",21.2,3,0,3,3,0,0,1,0,2.7,2.7,1.6,4.3,35,71,64,0.14,0.00,0.14,0.14,0.14,0.13,0.07,0.20,0.13,0.20,Matches
Joe Gomez,206,engENG,DF,Liverpool,27-351,1997,9,6,519,5.8,0,0,0,0,0,0,1,0,0.3,0.3,0.1,0.4,5,35,2,0.00,0.00,0.00,0.00,0.00,0.06,0.02,0.08,0.06,0.08,Matches
Joe Lumley,311,engENG,GK,Southampton,30-083,1995,3,3,270,3.0,0,0,0,0,0,0,0,0,0.0,0.0,0.0,0.0,0,0,0,0.00,0.00,0.00,0.00,0.00,0.00,0.00,0.00,0.00,0.00,Matches
Joe Willock,552,engENG,"MF,FW",Newcastle Utd,25-262,1999,30,11,"1,026",11.4,0,2,2,0,0,0,3,0,1.6,1.6,1.9,3.5,36,38,82,0.00,0.18,0.18,0.00,0.18,0.14,0.17,0.31,0.14,0.31,Matches
Joel Ward,539,engENG,DF,Crystal Palace,35-192,1989,1,0,1,0.0,0,0,0,0,0,0,0,0,0.0,0.0,0.0,0.0,0,0,0,0.00,0.00,0.00,0.00,0.00,0.00,0.00,0.00,0.00,0.00,Matches
Joelinton,262,brBRA,"MF,FW",Newcastle Utd,28-268,1996,29,29,"2,393",26.6,4,3,7,4,0,0,10,0,3.9,3.9,2.5,6.4,40,116,110,0.15,0.11,0.26,0.15,0.26,0.15,0.09,0.24,0.15,0.24,Matches
John McGinn,339,sctSCO,"MF,FW",Aston Villa,30-203,1994,31,25,"2,052",22.8,1,4,5,1,0,0,7,0,2.9,2.6,3.4,6.0,31,96,72,0.04,0.18,0.22,0.04,0.22,0.13,0.15,0.28,0.11,0.27,Matches
John Stones,488,engENG,"DF,MF",Manchester City,30-346,1994,11,6,548,6.1,2,0,2,2,0,0,1,0,0.4,0.4,0.1,0.5,10,21,2,0.33,0.00,0.33,0.33,0.33,0.07,0.01,0.08,0.07,0.08,Matches
Jonny Evans,171,nirNIR,DF,Manchester Utd,37-126,1988,6,3,290,3.2,0,0,0,0,0,0,1,0,0.1,0.1,0.0,0.1,1,8,2,0.00,0.00,0.00,0.00,0.00,0.03,0.00,0.03,0.03,0.03,Matches
Jordan Ayew,40,ghGHA,"FW,MF",Crystal Palace,33-240,1991,1,0,21,0.2,0,0,0,0,0,0,1,0,0.5,0.5,0.0,0.5,0,0,1,0.00,0.00,0.00,0.00,0.00,1.96,0.21,2.17,1.96,2.17,Matches
Jordan Pickford,412,engENG,GK,Everton,31-063,1994,35,35,"3,150",35.0,0,1,1,0,0,0,7,0,0.0,0.0,0.4,0.4,0,0,0,0.00,0.03,0.03,0.00,0.03,0.00,0.01,0.01,0.00,0.01,Matches
Jorge Cuenca,114,esESP,DF,Fulham,25-173,1999,6,3,259,2.9,0,0,0,0,0,0,0,0,0.0,0.0,0.0,0.0,0,9,0,0.00,0.00,0.00,0.00,0.00,0.01,0.00,0.01,0.01,0.01,Matches
Jorginho,267,itITA,MF,Arsenal,33-140,1991,14,9,703,7.8,0,0,0,0,0,0,5,0,0.1,0.1,0.4,0.5,12,48,6,0.00,0.00,0.00,0.00,0.00,0.01,0.05,0.06,0.01,0.06,Matches
Joshua Acheampong,2,engENG,DF,Chelsea,19-004,2006,4,2,170,1.9,0,0,0,0,0,0,1,0,0.2,0.2,0.0,0.2,0,8,0,0.00,0.00,0.00,0.00,0.00,0.12,0.00,0.12,0.12,0.12,Matches
Joshua King,282,engENG,"MF,FW",Fulham,18-126,2007,5,1,80,0.9,0,0,0,0,0,0,0,0,0.2,0.2,0.4,0.6,1,4,9,0.00,0.00,0.00,0.00,0.00,0.22,0.48,0.70,0.22,0.70,Matches
Joshua Zirkzee,567,nlNED,"FW,MF",Manchester Utd,23-352,2001,32,14,"1,402",15.6,3,1,4,3,0,0,2,0,4.8,4.8,1.5,6.3,14,44,69,0.19,0.06,0.26,0.19,0.26,0.31,0.10,0.41,0.31,0.41,Matches
José Sá,442,ptPOR,GK,Wolves,32-112,1993,27,27,"2,430",27.0,0,0,0,0,0,0,2,0,0.0,0.0,0.1,0.1,0,2,0,0.00,0.00,0.00,0.00,0.00,0.00,0.01,0.01,0.00,0.01,Matches
Jota Silva,467,ptPOR,"FW,MF",Nott'ham Forest,25-281,1999,28,5,844,9.4,3,1,4,3,0,0,5,0,2.0,2.0,2.9,4.9,20,18,58,0.32,0.11,0.43,0.32,0.43,0.22,0.31,0.52,0.22,0.52,Matches
João Félix,176,ptPOR,"FW,MF",Chelsea,25-180,1999,12,3,369,4.1,1,1,2,1,0,0,2,0,2.2,2.2,1.0,3.2,21,26,30,0.24,0.24,0.49,0.24,0.49,0.54,0.23,0.78,0.54,0.78,Matches
João Gomes,202,brBRA,MF,Wolves,24-086,2001,33,33,"2,781",30.9,3,1,4,3,0,0,10,1,2.7,2.7,1.2,3.9,53,148,68,0.10,0.03,0.13,0.10,0.13,0.09,0.04,0.13,0.09,0.13,Matches
João Pedro,261,brBRA,"FW,MF",Brighton,23-225,2001,27,23,"1,948",21.6,10,6,16,5,5,5,4,1,8.9,5.0,5.0,10.0,66,78,128,0.46,0.28,0.74,0.23,0.51,0.41,0.23,0.64,0.23,0.46,Matches
Joël Veltman,528,nlNED,DF,Brighton,33-114,1992,20,19,"1,665",18.5,0,0,0,0,0,0,4,0,0.5,0.5,0.5,0.9,30,80,32,0.00,0.00,0.00,0.00,0.00,0.03,0.02,0.05,0.03,0.05,Matches
Joško Gvardiol,222,hrCRO,DF,Manchester City,23-106,2002,34,33,"3,007",33.4,5,0,5,5,0,0,2,0,4.4,4.0,2.0,6.0,81,251,98,0.15,0.00,0.15,0.15,0.15,0.13,0.06,0.19,0.12,0.18,Matches
Julian Araujo,29,mxMEX,DF,Bournemouth,23-269,2001,10,6,426,4.7,0,0,0,0,0,0,1,0,0.0,0.0,0.0,0.0,3,14,19,0.00,0.00,0.00,0.00,0.00,0.00,0.00,0.00,0.00,0.00,Matches
Julio Enciso,163,pyPAR,"FW,MF",Ipswich Town,21-106,2004,11,10,709,7.9,2,3,5,2,0,0,3,0,1.5,1.5,1.2,2.7,16,22,33,0.25,0.38,0.63,0.25,0.63,0.19,0.16,0.35,0.19,0.35,Matches
Julio Soler,477,arARG,FW,Bournemouth,20-082,2005,1,0,2,0.0,0,0,0,0,0,0,0,0,0.0,0.0,0.0,0.0,0,0,0,0.00,0.00,0.00,0.00,0.00,0.00,0.00,0.00,0.00,0.00,Matches
Jurriën Timber,506,nlNED,DF,Arsenal,23-326,2001,30,27,"2,417",26.9,1,3,4,1,0,0,7,0,1.2,1.2,0.8,2.1,57,146,104,0.04,0.11,0.15,0.04,0.15,0.05,0.03,0.08,0.05,0.08,Matches
Justin Devenny,129,nirNIR,MF,Crystal Palace,21-210,2003,20,4,429,4.8,1,0,1,1,0,0,1,0,0.7,0.7,0.4,1.1,4,16,12,0.21,0.00,0.21,0.21,0.21,0.14,0.09,0.22,0.14,0.22,Matches
Justin Kluivert,285,nlNED,"MF,FW",Bournemouth,26-004,1999,31,27,"2,161",24.0,12,6,18,6,6,6,8,0,10.0,5.3,4.8,10.1,74,95,153,0.50,0.25,0.75,0.25,0.50,0.42,0.20,0.62,0.22,0.42,Matches
Jáder Durán,153,coCOL,FW,Aston Villa,21-147,2003,20,4,638,7.1,7,0,7,7,0,0,3,1,4.9,4.9,0.2,5.1,7,13,44,0.99,0.00,0.99,0.99,0.99,0.69,0.03,0.71,0.69,0.71,Matches
Jørgen Strand Larsen,489,noNOR,FW,Wolves,25-092,2000,32,29,"2,463",27.4,13,2,15,13,0,0,4,0,10.0,10.0,2.4,12.4,16,28,106,0.48,0.07,0.55,0.48,0.55,0.37,0.09,0.45,0.37,0.45,Matches
Kaelan Casey,87,engENG,DF,West Ham,20-193,2004,1,0,1,0.0,0,0,0,0,0,0,0,0,0.0,0.0,0.0,0.0,0,0,0,0.00,0.00,0.00,0.00,0.00,0.00,0.00,0.00,0.00,0.00,Matches
Kai Havertz,229,deGER,"FW,MF",Arsenal,25-332,1999,21,21,"1,839",20.4,9,3,12,9,0,0,4,0,9.4,9.4,2.4,11.8,34,59,110,0.44,0.15,0.59,0.44,0.59,0.46,0.12,0.58,0.46,0.58,Matches
Kalvin Phillips,409,engENG,MF,Ipswich Town,29-158,1995,19,14,"1,237",13.7,0,0,0,0,0,0,6,1,0.4,0.4,0.2,0.7,4,51,4,0.00,0.00,0.00,0.00,0.00,0.03,0.02,0.05,0.03,0.05,Matches
Kamaldeen Sulemana,491,ghGHA,"FW,MF",Southampton,23-083,2002,23,14,"1,178",13.1,1,1,2,1,0,0,2,0,1.4,1.4,1.0,2.4,57,26,76,0.08,0.08,0.15,0.08,0.15,0.10,0.08,0.18,0.10,0.18,Matches
Kaoru Mitoma,352,jpJPN,"FW,MF",Brighton,27-354,1997,33,28,"2,521",28.0,9,3,12,9,0,0,1,0,8.8,8.8,4.4,13.2,138,82,277,0.32,0.11,0.43,0.32,0.43,0.31,0.16,0.47,0.31,0.47,Matches
Kasey McAteer,337,ieIRL,"FW,MF",Leicester City,23-168,2001,15,6,612,6.8,0,1,1,0,0,0,2,0,0.7,0.7,0.6,1.3,16,11,52,0.00,0.15,0.15,0.00,0.15,0.10,0.09,0.19,0.10,0.19,Matches
Keane Lewis-Potter,302,engENG,"DF,FW",Brentford,24-076,2001,35,33,"2,839",31.5,1,3,4,1,0,0,6,0,2.6,2.6,3.0,5.6,92,90,144,0.03,0.10,0.13,0.03,0.13,0.08,0.10,0.18,0.08,0.18,Matches
Kenny Tete,501,nlNED,DF,Fulham,29-212,1995,19,18,"1,504",16.7,0,2,2,0,0,0,4,0,1.2,1.2,0.9,2.1,33,50,47,0.00,0.12,0.12,0.00,0.12,0.07,0.05,0.13,0.07,0.13,Matches
Kepa Arrizabalaga,35,esESP,GK,Bournemouth,30-218,1994,28,28,"2,520",28.0,0,0,0,0,0,0,3,0,0.1,0.1,0.0,0.1,0,2,0,0.00,0.00,0.00,0.00,0.00,0.00,0.00,0.00,0.00,0.00,Matches
Kevin Danso,121,atAUT,DF,Tottenham,26-232,1998,7,6,572,6.4,0,0,0,0,0,0,0,0,0.4,0.4,0.1,0.5,11,17,1,0.00,0.00,0.00,0.00,0.00,0.06,0.01,0.07,0.06,0.07,Matches
Kevin De Bruyne,125,beBEL,"MF,FW",Manchester City,33-315,1991,25,17,"1,538",17.1,4,7,11,4,0,0,2,0,3.8,3.8,7.6,11.4,47,135,137,0.23,0.41,0.64,0.23,0.64,0.22,0.44,0.67,0.22,0.67,Matches
Kevin Schade,455,deGER,FW,Brentford,23-163,2001,35,23,"2,069",23.0,10,2,12,10,0,0,3,0,7.7,7.7,3.4,11.1,56,32,146,0.43,0.09,0.52,0.43,0.52,0.33,0.15,0.48,0.33,0.48,Matches
Kieran Tierney,505,sctSCO,"DF,FW",Arsenal,27-338,1997,10,1,181,2.0,0,0,0,0,0,0,0,0,0.2,0.2,0.9,1.1,5,12,22,0.00,0.00,0.00,0.00,0.00,0.10,0.43,0.53,0.10,0.53,Matches
Kieran Trippier,517,engENG,DF,Newcastle Utd,34-232,1990,24,14,"1,281",14.2,0,3,3,0,0,0,1,0,0.1,0.1,1.3,1.3,25,111,53,0.00,0.21,0.21,0.00,0.21,0.01,0.09,0.09,0.01,0.09,Matches
Kiernan Dewsbury-Hall,130,engENG,"MF,FW",Chelsea,26-245,1998,12,2,259,2.9,0,1,1,0,0,0,0,0,0.2,0.2,1.1,1.3,5,14,11,0.00,0.35,0.35,0.00,0.35,0.08,0.37,0.45,0.08,0.45,Matches
Kim Jisoo,260,krKOR,DF,Brentford,20-136,2004,3,0,30,0.3,0,0,0,0,0,0,0,0,0.0,0.0,0.0,0.0,0,2,0,0.00,0.00,0.00,0.00,0.00,0.00,0.00,0.00,0.00,0.00,Matches
Kobbie Mainoo,320,engENG,MF,Manchester Utd,20-020,2005,22,18,"1,506",16.7,0,0,0,0,0,0,5,0,0.6,0.6,1.6,2.2,21,59,42,0.00,0.00,0.00,0.00,0.00,0.03,0.09,0.13,0.03,0.13,Matches
Konstantinos Mavropanos,333,grGRE,DF,West Ham,27-149,1997,31,20,"1,947",21.6,0,0,0,0,0,0,6,1,1.5,1.5,0.5,2.0,16,60,2,0.00,0.00,0.00,0.00,0.00,0.07,0.02,0.09,0.07,0.09,Matches
Kosta Nedeljković,372,rsSRB,DF,Aston Villa,19-144,2005,5,0,126,1.4,0,0,0,0,0,0,0,0,0.0,0.0,0.0,0.0,1,6,0,0.00,0.00,0.00,0.00,0.00,0.00,0.00,0.00,0.00,0.00,Matches
Kostas Tsimikas,519,grGRE,DF,Liverpool,28-362,1996,17,8,747,8.3,0,1,1,0,0,0,2,0,0.4,0.4,2.1,2.5,16,71,42,0.00,0.12,0.12,0.00,0.12,0.05,0.26,0.30,0.05,0.30,Matches
Kristoffer Ajer,10,noNOR,DF,Brentford,27-022,1998,22,17,"1,405",15.6,0,0,0,0,0,0,5,0,0.8,0.8,1.2,2.1,27,54,42,0.00,0.00,0.00,0.00,0.00,0.05,0.08,0.13,0.05,0.13,Matches
Kyle Walker,534,engENG,DF,Manchester City,34-346,1990,15,9,970,10.8,0,0,0,0,0,0,3,0,0.1,0.1,0.4,0.6,12,64,11,0.00,0.00,0.00,0.00,0.00,0.01,0.04,0.05,0.01,0.05,Matches
Kyle Walker-Peters,535,engENG,DF,Southampton,28-026,1997,33,33,"2,918",32.4,0,2,2,0,0,0,5,0,0.8,0.8,2.8,3.6,114,139,144,0.00,0.06,0.06,0.00,0.06,0.03,0.09,0.11,0.03,0.11,Matches
Lamare Bogarde,61,nlNED,"DF,MF",Aston Villa,21-124,2004,8,5,476,5.3,0,0,0,0,0,0,2,0,0.0,0.0,0.1,0.2,12,14,9,0.00,0.00,0.00,0.00,0.00,0.01,0.02,0.03,0.01,0.03,Matches
Leandro Trossard,518,beBEL,FW,Arsenal,30-156,1994,35,26,"2,354",26.2,8,5,13,8,0,0,4,1,6.8,6.8,5.3,12.0,75,95,207,0.31,0.19,0.50,0.31,0.50,0.26,0.20,0.46,0.26,0.46,Matches
Leif Davis,123,engENG,DF,Ipswich Town,25-117,2000,31,30,"2,563",28.5,1,2,3,1,0,0,5,1,0.9,0.9,4.3,5.2,48,55,117,0.04,0.07,0.11,0.04,0.11,0.03,0.15,0.18,0.03,0.18,Matches
Leny Yoro,563,frFRA,DF,Manchester Utd,19-177,2005,20,11,"1,114",12.4,0,0,0,0,0,0,5,0,0.7,0.7,0.1,0.8,19,52,4,0.00,0.00,0.00,0.00,0.00,0.06,0.01,0.06,0.06,0.06,Matches
Leon Bailey,43,jmJAM,"FW,MF",Aston Villa,27-273,1997,23,14,"1,138",12.6,1,2,3,1,0,0,3,0,1.7,1.7,1.5,3.3,57,35,121,0.08,0.16,0.24,0.08,0.24,0.14,0.12,0.26,0.14,0.26,Matches
Lesley Ugochukwu,523,frFRA,MF,Southampton,21-044,2004,24,16,"1,525",16.9,1,1,2,1,0,0,6,0,0.9,0.9,1.0,1.9,29,49,20,0.06,0.06,0.12,0.06,0.12,0.05,0.06,0.11,0.05,0.11,Matches
Levi Colwill,107,engENG,DF,Chelsea,22-072,2003,32,32,"2,879",32.0,1,1,2,1,0,0,8,0,1.3,1.3,1.1,2.5,13,125,11,0.03,0.03,0.06,0.03,0.06,0.04,0.04,0.08,0.04,0.08,Matches
Lewis Cook,108,engENG,"MF,DF",Bournemouth,28-095,1997,34,30,"2,816",31.3,1,3,4,1,0,0,8,0,0.9,0.9,4.1,5.1,33,153,49,0.03,0.10,0.13,0.03,0.13,0.03,0.13,0.16,0.03,0.16,Matches
Lewis Dunk,152,engENG,DF,Brighton,33-169,1991,25,23,"2,083",23.1,0,0,0,0,0,0,5,0,0.8,0.8,0.5,1.3,20,142,3,0.00,0.00,0.00,0.00,0.00,0.03,0.02,0.06,0.03,0.06,Matches
Lewis Hall,224,engENG,DF,Newcastle Utd,20-243,2004,27,24,"2,189",24.3,0,4,4,0,0,0,3,0,0.4,0.4,4.3,4.7,41,123,80,0.00,0.16,0.16,0.00,0.16,0.02,0.18,0.19,0.02,0.19,Matches
Lewis Miley,347,engENG,MF,Newcastle Utd,19-008,2006,12,1,249,2.8,1,0,1,1,0,0,0,0,0.5,0.5,0.0,0.6,2,14,7,0.36,0.00,0.36,0.36,0.36,0.20,0.01,0.21,0.20,0.21,Matches
Lewis Orford,396,engENG,MF,West Ham,19-080,2006,2,0,49,0.5,0,0,0,0,0,0,0,0,0.0,0.0,0.0,0.0,0,0,1,0.00,0.00,0.00,0.00,0.00,0.05,0.04,0.09,0.05,0.09,Matches
Liam Delap,127,engENG,FW,Ipswich Town,22-090,2003,34,31,"2,491",27.7,12,2,14,10,2,2,10,0,9.3,7.7,1.9,9.6,60,30,105,0.43,0.07,0.51,0.36,0.43,0.34,0.07,0.40,0.28,0.35,Matches
Lisandro Martínez,329,arARG,DF,Manchester Utd,27-111,1998,20,20,"1,751",19.5,2,1,3,2,0,0,7,0,1.3,1.3,1.1,2.4,23,117,7,0.10,0.05,0.15,0.10,0.15,0.07,0.06,0.13,0.07,0.13,Matches
Lloyd Kelly,277,engENG,DF,Newcastle Utd,26-215,1998,10,4,303,3.4,0,1,1,0,0,0,2,0,0.4,0.4,0.5,0.9,0,9,5,0.00,0.30,0.30,0.00,0.30,0.12,0.14,0.26,0.12,0.26,Matches
Lucas Bergvall,55,seSWE,MF,Tottenham,19-096,2006,27,11,"1,212",13.5,0,1,1,0,0,0,3,0,0.7,0.7,0.6,1.3,33,49,31,0.00,0.07,0.07,0.00,0.07,0.05,0.04,0.09,0.05,0.09,Matches
Lucas Digne,135,frFRA,DF,Aston Villa,31-293,1993,31,27,"2,261",25.1,0,4,4,0,0,0,4,0,0.8,0.8,4.4,5.1,23,55,140,0.00,0.16,0.16,0.00,0.16,0.03,0.17,0.20,0.03,0.20,Matches
Lucas Paquetá,404,brBRA,"MF,FW",West Ham,27-255,1997,31,27,"2,336",26.0,4,0,4,2,2,2,9,0,5.2,3.6,3.1,6.7,22,145,82,0.15,0.00,0.15,0.08,0.08,0.20,0.12,0.32,0.14,0.26,Matches
Luis Díaz,133,coCOL,FW,Liverpool,28-116,1997,33,26,"2,225",24.7,12,5,17,12,0,0,2,0,10.0,10.0,4.9,14.9,103,103,269,0.49,0.20,0.69,0.49,0.69,0.40,0.20,0.60,0.40,0.60,Matches
Luis Guilherme,217,brBRA,"MF,FW",West Ham,19-089,2006,11,1,138,1.5,0,0,0,0,0,0,0,0,0.3,0.3,0.1,0.4,3,3,13,0.00,0.00,0.00,0.00,0.00,0.19,0.05,0.24,0.19,0.24,Matches
Luis Sinisterra,470,coCOL,"FW,MF",Bournemouth,25-326,1999,12,1,236,2.6,1,1,2,1,0,0,0,0,1.2,1.2,1.4,2.6,19,6,38,0.38,0.38,0.76,0.38,0.76,0.46,0.54,1.00,0.46,1.00,Matches
Luke Shaw,464,engENG,DF,Manchester Utd,29-301,1995,5,2,218,2.4,0,0,0,0,0,0,1,0,0.0,0.0,0.7,0.7,6,18,7,0.00,0.00,0.00,0.00,0.00,0.01,0.29,0.31,0.01,0.31,Matches
Luke Thomas,503,engENG,DF,Leicester City,23-333,2001,11,10,873,9.7,0,0,0,0,0,0,1,0,0.4,0.4,0.3,0.6,3,30,13,0.00,0.00,0.00,0.00,0.00,0.04,0.03,0.06,0.04,0.06,Matches
Luke Woolfenden,560,engENG,DF,Ipswich Town,26-200,1998,15,12,"1,187",13.2,0,0,0,0,0,0,2,0,0.0,0.0,0.0,0.0,7,15,0,0.00,0.00,0.00,0.00,0.00,0.00,0.00,0.00,0.00,0.00,Matches
Mads Hermansen,235,dkDEN,GK,Leicester City,24-302,2000,27,27,"2,385",26.5,0,0,0,0,0,0,1,0,0.0,0.0,0.0,0.0,0,1,0,0.00,0.00,0.00,0.00,0.00,0.00,0.00,0.00,0.00,0.00,Matches
Mads Roerslev,438,dkDEN,DF,Brentford,25-319,1999,19,11,"1,101",12.2,0,2,2,0,0,0,2,0,0.2,0.2,3.0,3.2,17,51,54,0.00,0.16,0.16,0.00,0.16,0.02,0.24,0.26,0.02,0.26,Matches
Malo Gusto,221,frFRA,DF,Chelsea,21-355,2003,29,19,"1,832",20.4,0,1,1,0,0,0,4,0,1.7,1.7,1.3,3.0,49,119,84,0.00,0.05,0.05,0.00,0.05,0.08,0.06,0.15,0.08,0.15,Matches
Manuel Akanji,11,chSUI,DF,Manchester City,29-294,1995,23,20,"1,744",19.4,0,0,0,0,0,0,3,0,0.7,0.7,0.4,1.1,38,138,6,0.00,0.00,0.00,0.00,0.00,0.04,0.02,0.06,0.04,0.06,Matches
Manuel Ugarte Ribeiro,522,uyURU,MF,Manchester Utd,24-028,2001,27,21,"1,706",19.0,1,2,3,1,0,0,10,0,1.0,1.0,1.1,2.1,16,59,20,0.05,0.11,0.16,0.05,0.16,0.05,0.06,0.11,0.05,0.11,Matches
Marc Cucurella,113,esESP,DF,Chelsea,26-291,1998,33,30,"2,718",30.2,4,1,5,4,0,0,10,1,2.6,2.6,2.1,4.7,31,107,108,0.13,0.03,0.17,0.13,0.17,0.09,0.07,0.16,0.09,0.16,Matches
Marc Guiu,219,esESP,FW,Chelsea,19-125,2006,3,0,73,0.8,0,0,0,0,0,0,0,0,0.0,0.0,0.0,0.0,0,0,3,0.00,0.00,0.00,0.00,0.00,0.00,0.04,0.04,0.00,0.04,Matches
Marc Guéhi,216,engENG,DF,Crystal Palace,24-300,2000,33,33,"2,969",33.0,3,2,5,3,0,0,9,1,2.0,2.0,1.5,3.5,22,128,10,0.09,0.06,0.15,0.09,0.15,0.06,0.05,0.11,0.06,0.11,Matches
Marco Asensio,36,esESP,"MF,FW",Aston Villa,29-108,1996,10,6,540,6.0,3,1,4,3,0,2,1,0,4.2,2.6,0.8,3.4,16,34,26,0.50,0.17,0.67,0.50,0.67,0.70,0.14,0.84,0.43,0.57,Matches
Marcos Senesi,462,arARG,DF,Bournemouth,27-364,1997,15,12,"1,014",11.3,0,0,0,0,0,0,5,0,0.8,0.8,0.2,1.0,12,51,5,0.00,0.00,0.00,0.00,0.00,0.07,0.02,0.09,0.07,0.09,Matches
Marcus Harness,226,engENG,MF,Ipswich Town,29-074,1996,2,0,45,0.5,0,0,0,0,0,0,0,0,0.0,0.0,0.0,0.0,0,2,1,0.00,0.00,0.00,0.00,0.00,0.00,0.00,0.00,0.00,0.00,Matches
Marcus Rashford,422,engENG,"FW,MF",Manchester Utd,27-190,1997,15,12,978,10.9,4,1,5,4,0,0,2,0,1.7,1.7,2.1,3.8,20,21,79,0.37,0.09,0.46,0.37,0.46,0.16,0.19,0.35,0.16,0.35,Matches
Marcus Tavernier,497,engENG,"FW,MF",Bournemouth,26-048,1999,26,17,"1,670",18.6,3,5,8,3,0,0,5,0,5.3,5.3,2.8,8.1,41,102,106,0.16,0.27,0.43,0.16,0.43,0.29,0.15,0.44,0.29,0.44,Matches
Mario Lemina,298,gaGAB,"MF,DF",Wolves,31-250,1993,17,15,"1,364",15.2,1,3,4,1,0,0,4,0,1.4,1.4,1.1,2.5,8,48,21,0.07,0.20,0.26,0.07,0.26,0.09,0.07,0.17,0.09,0.17,Matches
Mark Flekken,182,nlNED,GK,Brentford,31-330,1993,34,34,"3,005",33.4,0,2,2,0,0,0,1,0,0.0,0.0,0.5,0.5,0,0,0,0.00,0.06,0.06,0.00,0.06,0.00,0.02,0.02,0.00,0.02,Matches
Mark Travers,515,ieIRL,GK,Bournemouth,25-356,1999,5,5,450,5.0,0,0,0,0,0,0,0,0,0.0,0.0,0.0,0.0,0,0,0,0.00,0.00,0.00,0.00,0.00,0.00,0.00,0.00,0.00,0.00,Matches
Marshall Munetsi,363,zwZIM,"MF,FW",Wolves,28-321,1996,11,10,878,9.8,1,1,2,1,0,0,0,0,3.0,3.0,1.5,4.5,7,8,26,0.10,0.10,0.21,0.10,0.21,0.31,0.15,0.46,0.31,0.46,Matches
Martial Godo,200,engENG,FW,Fulham,22-056,2003,1,0,16,0.2,0,0,0,0,0,0,0,0,0.0,0.0,0.0,0.0,0,0,3,0.00,0.00,0.00,0.00,0.00,0.00,0.00,0.00,0.00,0.00,Matches
Martin Dúbravka,151,skSVK,GK,Newcastle Utd,36-114,1989,10,10,900,10.0,0,0,0,0,0,0,0,0,0.0,0.0,0.0,0.0,0,0,0,0.00,0.00,0.00,0.00,0.00,0.00,0.00,0.00,0.00,0.00,Matches
Martin Ødegaard,568,noNOR,MF,Arsenal,26-143,1998,27,24,"2,130",23.7,2,7,9,1,1,1,4,0,4.6,3.8,5.0,8.8,82,240,144,0.08,0.30,0.38,0.04,0.34,0.19,0.21,0.41,0.16,0.37,Matches
Mason Holgate,240,engENG,"FW,DF",Everton,28-199,1996,1,0,6,0.1,0,0,0,0,0,0,0,0,0.0,0.0,0.0,0.0,0,0,0,0.00,0.00,0.00,0.00,0.00,0.00,0.00,0.00,0.00,0.00,Matches
Mason Mount,360,engENG,"MF,FW",Manchester Utd,26-119,1999,14,5,430,4.8,1,0,1,1,0,0,3,0,2.3,2.3,0.2,2.5,11,21,23,0.21,0.00,0.21,0.21,0.21,0.48,0.04,0.52,0.48,0.52,Matches
Massimo Luongo,312,auAUS,MF,Ipswich Town,32-226,1992,9,2,196,2.2,0,0,0,0,0,0,0,0,0.0,0.0,0.0,0.0,0,5,1,0.00,0.00,0.00,0.00,0.00,0.00,0.00,0.00,0.00,0.00,Matches
Mateo Kovačić,288,hrCRO,MF,Manchester City,31-003,1994,29,23,"2,049",22.8,6,1,7,6,0,0,5,0,1.7,1.7,3.6,5.3,52,149,15,0.26,0.04,0.31,0.26,0.31,0.08,0.16,0.23,0.08,0.23,Matches
Mateus Fernandes,180,ptPOR,MF,Southampton,20-303,2004,33,31,"2,640",29.3,2,3,5,2,0,0,8,0,3.8,3.8,2.6,6.4,73,131,102,0.07,0.10,0.17,0.07,0.17,0.13,0.09,0.22,0.13,0.22,Matches
Matheus Cunha,115,brBRA,"MF,FW",Wolves,25-347,1999,30,27,"2,425",26.9,15,6,21,15,0,0,3,0,7.9,7.9,7.3,15.2,104,131,147,0.56,0.22,0.78,0.56,0.78,0.29,0.27,0.57,0.29,0.57,Matches
Matheus França,187,brBRA,"FW,MF",Crystal Palace,21-038,2004,2,0,26,0.3,1,0,1,1,0,0,0,0,0.1,0.1,0.0,0.1,1,2,2,3.46,0.00,3.46,3.46,3.46,0.43,0.00,0.43,0.43,0.43,Matches
Matheus Nunes,380,ptPOR,"DF,MF",Manchester City,26-255,1998,24,17,"1,494",16.6,1,5,6,1,0,0,4,0,0.9,0.9,4.2,5.1,59,69,156,0.06,0.30,0.36,0.06,0.36,0.05,0.25,0.31,0.05,0.31,Matches
Mathias Jensen,257,dkDEN,MF,Brentford,29-128,1996,21,8,816,9.1,0,2,2,0,0,0,2,0,0.2,0.2,1.6,1.8,6,56,26,0.00,0.22,0.22,0.00,0.22,0.03,0.18,0.20,0.03,0.20,Matches
Mathis Amougou,22,frFRA,MF,Chelsea,19-111,2006,1,0,8,0.1,0,0,0,0,0,0,0,0,0.0,0.0,0.0,0.0,0,1,0,0.00,0.00,0.00,0.00,0.00,0.00,0.00,0.00,0.00,0.00,Matches
Mathys Tel,500,frFRA,FW,Tottenham,20-012,2005,10,8,649,7.2,2,1,3,1,1,1,1,0,2.3,1.5,1.4,2.9,18,16,57,0.28,0.14,0.42,0.14,0.28,0.32,0.19,0.51,0.21,0.40,Matches
Mats Wieffer,549,nlNED,"MF,DF",Brighton,25-174,1999,22,7,745,8.3,1,3,4,1,0,0,5,0,0.7,0.7,1.5,2.2,13,52,18,0.12,0.36,0.48,0.12,0.48,0.09,0.18,0.27,0.09,0.27,Matches
Matt Doherty,141,ieIRL,DF,Wolves,33-113,1992,28,23,"1,965",21.8,2,1,3,2,0,0,6,0,1.0,1.0,1.5,2.5,29,76,40,0.09,0.05,0.14,0.09,0.14,0.05,0.07,0.12,0.05,0.12,Matches
Matt O'Riley,385,dkDEN,MF,Brighton,24-169,2000,18,10,847,9.4,1,1,2,1,0,0,1,0,2.0,2.0,1.7,3.6,19,34,47,0.11,0.11,0.21,0.11,0.21,0.21,0.18,0.39,0.21,0.39,Matches
Matt Targett,495,engENG,DF,Newcastle Utd,29-233,1995,2,0,21,0.2,0,0,0,0,0,0,0,0,0.0,0.0,0.0,0.0,0,0,1,0.00,0.00,0.00,0.00,0.00,0.00,0.00,0.00,0.00,0.00,Matches
Matthijs de Ligt,304,nlNED,DF,Manchester Utd,25-270,1999,29,25,"2,123",23.6,2,0,2,2,0,0,3,0,2.5,2.5,0.3,2.8,7,55,6,0.08,0.00,0.08,0.08,0.08,0.10,0.01,0.12,0.10,0.12,Matches
Matty Cash,88,plPOL,DF,Aston Villa,27-275,1997,24,21,"1,800",20.0,1,1,2,1,0,0,6,0,0.3,0.3,1.1,1.4,46,39,75,0.05,0.05,0.10,0.05,0.10,0.02,0.05,0.07,0.02,0.07,Matches
Matz Sels,459,beBEL,GK,Nott'ham Forest,33-072,1992,35,35,"3,150",35.0,0,0,0,0,0,0,4,0,0.0,0.0,0.0,0.0,0,1,0,0.00,0.00,0.00,0.00,0.00,0.00,0.00,0.00,0.00,0.00,Matches
Max Aarons,1,engENG,DF,Bournemouth,25-125,2000,3,1,86,1.0,0,0,0,0,0,0,0,0,0.0,0.0,0.0,0.0,1,8,3,0.00,0.00,0.00,0.00,0.00,0.00,0.00,0.00,0.00,0.00,Matches
Max Kilman,281,engENG,DF,West Ham,27-351,1997,35,35,"3,078",34.2,0,1,1,0,0,0,4,0,1.4,1.4,1.2,2.6,29,107,6,0.00,0.03,0.03,0.00,0.03,0.04,0.03,0.08,0.04,0.08,Matches
Maxence Lacroix,293,frFRA,DF,Crystal Palace,25-033,2000,32,32,"2,846",31.6,1,1,2,1,0,0,5,0,3.1,3.1,0.8,3.9,8,61,7,0.03,0.03,0.06,0.03,0.06,0.10,0.02,0.12,0.10,0.12,Matches
Maxwel Cornet,109,ciCIV,FW,Southampton,28-224,1996,2,1,72,0.8,0,0,0,0,0,0,1,0,0.2,0.2,0.0,0.2,1,0,5,0.00,0.00,0.00,0.00,0.00,0.20,0.00,0.20,0.20,0.20,Matches
Michael Golding,201,engENG,MF,Leicester City,18-351,2006,1,0,1,0.0,0,0,0,0,0,0,0,0,0.0,0.0,0.0,0.0,0,0,0,0.00,0.00,0.00,0.00,0.00,0.00,0.00,0.00,0.00,0.00,Matches
Michael Kayode,274,itITA,DF,Brentford,20-303,2004,9,3,291,3.2,0,1,1,0,0,0,1,0,0.1,0.1,1.0,1.1,8,5,16,0.00,0.31,0.31,0.00,0.31,0.02,0.30,0.33,0.02,0.33,Matches
Michael Keane,275,engENG,DF,Everton,32-118,1993,11,9,852,9.5,2,0,2,2,0,0,5,0,0.4,0.4,0.1,0.5,1,12,3,0.21,0.00,0.21,0.21,0.21,0.05,0.01,0.06,0.05,0.06,Matches
Michail Antonio,27,jmJAM,FW,West Ham,35-042,1990,14,11,836,9.3,1,1,2,1,0,0,1,0,2.2,2.2,1.6,3.8,29,18,59,0.11,0.11,0.22,0.11,0.22,0.24,0.17,0.41,0.24,0.41,Matches
Micky van de Ven,529,nlNED,DF,Tottenham,24-020,2001,12,11,950,10.6,0,2,2,0,0,0,4,0,0.6,0.6,1.2,1.7,8,51,1,0.00,0.19,0.19,0.00,0.19,0.05,0.11,0.16,0.05,0.16,Matches
Miguel Almirón,17,pyPAR,FW,Newcastle Utd,31-088,1994,9,1,157,1.7,0,0,0,0,0,0,0,0,0.5,0.5,0.3,0.8,3,6,18,0.00,0.00,0.00,0.00,0.00,0.30,0.15,0.45,0.30,0.45,Matches
Mikel Merino,344,esESP,"MF,FW",Arsenal,28-321,1996,26,15,"1,418",15.8,6,2,8,6,0,0,2,0,4.4,4.4,1.9,6.3,9,62,88,0.38,0.13,0.51,0.38,0.51,0.28,0.12,0.40,0.28,0.40,Matches
Mikey Moore,355,engENG,FW,Tottenham,17-271,2007,8,2,208,2.3,0,1,1,0,0,0,0,0,0.2,0.2,0.3,0.5,9,7,31,0.00,0.43,0.43,0.00,0.43,0.09,0.15,0.23,0.09,0.23,Matches
Mikkel Damsgaard,118,dkDEN,"MF,FW",Brentford,24-310,2000,35,31,"2,658",29.5,2,10,12,2,0,0,2,0,2.6,2.6,7.8,10.4,64,213,121,0.07,0.34,0.41,0.07,0.41,0.09,0.26,0.35,0.09,0.35,Matches
Milos Kerkez,278,huHUN,DF,Bournemouth,21-183,2003,35,35,"3,077",34.2,2,5,7,2,0,0,4,0,0.5,0.5,3.7,4.2,96,144,169,0.06,0.15,0.20,0.06,0.20,0.02,0.11,0.12,0.01,0.12,Matches
Mohamed Salah,444,egEGY,FW,Liverpool,32-328,1992,35,35,"3,101",34.5,28,18,46,19,9,9,1,0,24.0,17.0,13.2,30.1,143,133,440,0.81,0.52,1.34,0.55,1.07,0.70,0.38,1.08,0.49,0.87,Matches
Mohammed Kudus,291,ghGHA,"FW,MF",West Ham,24-280,2000,29,29,"2,421",26.9,4,2,6,4,0,0,2,1,6.6,6.6,2.5,9.0,93,76,201,0.15,0.07,0.22,0.15,0.22,0.24,0.09,0.34,0.24,0.34,Matches
Moisés Caicedo,79,ecECU,"MF,DF",Chelsea,23-188,2001,35,35,"3,081",34.2,1,2,3,1,0,0,10,0,0.8,0.8,3.0,3.7,38,197,33,0.03,0.06,0.09,0.03,0.09,0.02,0.09,0.11,0.02,0.11,Matches
Morato,356,brBRA,DF,Nott'ham Forest,23-313,2001,24,5,809,9.0,0,0,0,0,0,0,3,0,0.2,0.2,0.0,0.2,0,14,1,0.00,0.00,0.00,0.00,0.00,0.02,0.00,0.02,0.02,0.02,Matches
Morgan Gibbs-White,197,engENG,MF,Nott'ham Forest,25-102,2000,31,31,"2,541",28.2,5,7,12,5,0,0,11,1,4.7,4.7,4.5,9.3,64,153,118,0.18,0.25,0.43,0.18,0.43,0.17,0.16,0.33,0.17,0.33,Matches
Morgan Rogers,439,engENG,"FW,MF",Aston Villa,22-287,2002,34,34,"2,853",31.7,8,8,16,8,0,0,9,0,6.2,6.2,7.4,13.6,108,117,177,0.25,0.25,0.50,0.25,0.50,0.20,0.23,0.43,0.20,0.43,Matches
Murillo,367,brBRA,DF,Nott'ham Forest,22-309,2002,34,34,"3,008",33.4,2,0,2,2,0,0,5,0,1.4,1.4,1.1,2.5,20,103,5,0.06,0.00,0.06,0.06,0.06,0.04,0.03,0.07,0.04,0.07,Matches
Mykhailo Mudryk,362,uaUKR,FW,Chelsea,24-124,2001,7,1,151,1.7,0,0,0,0,0,0,0,0,0.3,0.3,1.0,1.2,7,5,12,0.00,0.00,0.00,0.00,0.00,0.15,0.58,0.73,0.15,0.73,Matches
Myles Lewis-Skelly,303,engENG,DF,Arsenal,18-225,2006,20,13,"1,168",13.0,1,0,1,1,0,0,2,2,0.1,0.1,0.4,0.5,32,62,33,0.08,0.00,0.08,0.08,0.08,0.01,0.03,0.04,0.01,0.04,Matches
Nasser Djiga,140,bfBFA,"DF,FW",Wolves,22-175,2002,4,0,21,0.2,0,0,0,0,0,0,0,0,0.0,0.0,0.0,0.0,0,0,1,0.00,0.00,0.00,0.00,0.00,0.00,0.00,0.00,0.00,0.00,Matches
Nathan Aké,12,nlNED,DF,Manchester City,30-080,1995,10,8,678,7.5,0,0,0,0,0,0,0,0,0.2,0.2,0.0,0.2,12,50,2,0.00,0.00,0.00,0.00,0.00,0.03,0.00,0.03,0.03,0.03,Matches
Nathan Broadhead,69,wlsWAL,"MF,FW",Ipswich Town,27-034,1998,16,6,605,6.7,1,0,1,1,0,0,1,0,1.5,1.5,0.6,2.1,17,12,27,0.15,0.00,0.15,0.15,0.15,0.22,0.10,0.32,0.22,0.32,Matches
Nathan Butler-Oyedeji,78,engENG,FW,Arsenal,22-125,2003,1,0,7,0.1,0,0,0,0,0,0,0,0,0.1,0.1,0.0,0.1,0,0,0,0.00,0.00,0.00,0.00,0.00,0.94,0.00,0.94,0.94,0.94,Matches
Nathan Collins,105,ieIRL,DF,Brentford,24-009,2001,35,35,"3,150",35.0,2,3,5,2,0,0,5,0,2.5,2.5,1.8,4.3,28,117,18,0.06,0.09,0.14,0.06,0.14,0.07,0.05,0.12,0.07,0.12,Matches
Nathan Patterson,406,sctSCO,DF,Everton,23-205,2001,10,3,347,3.9,0,1,1,0,0,0,1,0,0.1,0.1,0.4,0.5,6,13,18,0.00,0.26,0.26,0.00,0.26,0.02,0.11,0.13,0.02,0.13,Matches
Nathan Wood-Gordon,559,engENG,DF,Southampton,22-343,2002,9,7,624,6.9,0,0,0,0,0,0,2,0,0.2,0.2,0.0,0.3,2,17,0,0.00,0.00,0.00,0.00,0.00,0.03,0.00,0.04,0.03,0.04,Matches
Nathaniel Clyne,102,engENG,"DF,MF",Crystal Palace,34-034,1991,13,5,483,5.4,0,0,0,0,0,0,1,0,0.0,0.0,0.3,0.3,6,7,8,0.00,0.00,0.00,0.00,0.00,0.00,0.06,0.06,0.00,0.06,Matches
Neco Williams,550,wlsWAL,DF,Nott'ham Forest,24-026,2001,32,25,"2,324",25.8,1,3,4,1,0,0,7,0,2.3,2.3,1.5,3.8,60,82,86,0.04,0.12,0.15,0.04,0.15,0.09,0.06,0.15,0.09,0.15,Matches
Neto,375,brBRA,GK,Bournemouth,35-294,1989,2,2,180,2.0,0,0,0,0,0,0,0,0,0.0,0.0,0.0,0.0,0,0,0,0.00,0.00,0.00,0.00,0.00,0.00,0.00,0.00,0.00,0.00,Matches
Nick Pope,416,engENG,GK,Newcastle Utd,33-020,1992,25,25,"2,250",25.0,0,0,0,0,0,0,2,0,0.0,0.0,0.0,0.0,0,1,0,0.00,0.00,0.00,0.00,0.00,0.00,0.00,0.00,0.00,0.00,Matches
Niclas Füllkrug,190,deGER,FW,West Ham,32-089,1993,15,5,668,7.4,3,2,5,3,0,0,2,0,2.0,2.0,1.9,3.9,6,11,25,0.40,0.27,0.67,0.40,0.67,0.27,0.25,0.52,0.27,0.52,Matches
Nico O’Reilly,400,engENG,DF,Manchester City,20-049,2005,8,6,513,5.7,2,0,2,2,0,0,0,0,1.3,1.3,0.4,1.6,16,17,25,0.35,0.00,0.35,0.35,0.35,0.23,0.06,0.29,0.23,0.29,Matches
Nicolas Jackson,252,snSEN,FW,Chelsea,23-323,2001,29,27,"2,185",24.3,10,5,15,10,0,0,7,0,12.3,12.3,4.3,16.6,46,37,127,0.41,0.21,0.62,0.41,0.62,0.51,0.18,0.68,0.51,0.68,Matches
Nicolás Domínguez,143,arARG,"MF,FW",Nott'ham Forest,26-315,1998,31,20,"1,734",19.3,0,1,1,0,0,0,9,0,1.4,1.4,1.3,2.7,13,68,27,0.00,0.05,0.05,0.00,0.05,0.07,0.07,0.14,0.07,0.14,Matches
Nicolás González,207,esESP,MF,Manchester City,23-126,2002,9,8,648,7.2,0,0,0,0,0,0,3,0,0.3,0.3,0.1,0.3,5,46,10,0.00,0.00,0.00,0.00,0.00,0.04,0.01,0.05,0.04,0.05,Matches
Nikola Milenković,346,rsSRB,DF,Nott'ham Forest,27-209,1997,34,34,"3,060",34.0,4,2,6,4,0,0,4,0,3.6,3.6,1.0,4.6,3,49,6,0.12,0.06,0.18,0.12,0.18,0.10,0.03,0.13,0.10,0.13,Matches
Noni Madueke,316,engENG,FW,Chelsea,23-060,2002,29,24,"1,813",20.1,7,3,10,7,0,0,3,0,9.1,9.1,4.0,13.1,142,66,212,0.35,0.15,0.50,0.35,0.50,0.45,0.20,0.65,0.45,0.65,Matches
Noussair Mazraoui,334,maMAR,DF,Manchester Utd,27-176,1997,34,31,"2,639",29.3,0,1,1,0,0,0,2,0,0.7,0.7,1.3,2.0,37,102,51,0.00,0.03,0.03,0.00,0.03,0.02,0.05,0.07,0.02,0.07,Matches
Nélson Semedo,460,ptPOR,DF,Wolves,31-174,1993,31,30,"2,661",29.6,0,4,4,0,0,0,7,0,0.8,0.8,2.7,3.5,61,70,109,0.00,0.14,0.14,0.00,0.14,0.03,0.09,0.12,0.03,0.12,Matches
Odsonne Édouard,156,frFRA,"MF,FW",Crystal Palace,27-113,1998,2,1,115,1.3,0,0,0,0,0,0,0,0,0.4,0.4,0.0,0.4,2,4,7,0.00,0.00,0.00,0.00,0.00,0.31,0.04,0.34,0.31,0.34,Matches
Ola Aina,8,ngNGA,DF,Nott'ham Forest,28-213,1996,32,32,"2,733",30.4,2,1,3,2,0,0,3,0,0.6,0.6,1.1,1.8,59,97,56,0.07,0.03,0.10,0.07,0.10,0.02,0.04,0.06,0.02,0.06,Matches
Oleksandr Zinchenko,566,uaUKR,"DF,MF",Arsenal,28-145,1996,13,4,455,5.1,0,1,1,0,0,0,1,0,0.3,0.3,0.1,0.4,10,37,12,0.00,0.20,0.20,0.00,0.20,0.05,0.03,0.08,0.05,0.08,Matches
Oliver Scarles,453,engENG,DF,West Ham,19-148,2005,14,6,594,6.6,0,0,0,0,0,0,1,0,0.1,0.1,0.0,0.1,11,21,39,0.00,0.00,0.00,0.00,0.00,0.02,0.00,0.02,0.02,0.02,Matches
Oliver Skipp,471,engENG,MF,Leicester City,24-235,2000,21,8,996,11.1,0,0,0,0,0,0,8,0,0.2,0.2,0.3,0.4,16,31,19,0.00,0.00,0.00,0.00,0.00,0.01,0.02,0.04,0.01,0.04,Matches
Ollie Watkins,542,engENG,FW,Aston Villa,29-130,1995,35,28,"2,333",25.9,15,7,22,13,2,2,2,0,14.7,13.2,3.0,16.2,52,29,148,0.58,0.27,0.85,0.50,0.77,0.57,0.12,0.69,0.51,0.62,Matches
Omar Marmoush,326,egEGY,"FW,MF",Manchester City,26-091,1999,13,12,998,11.1,6,0,6,6,0,0,0,0,4.8,4.8,1.7,6.5,21,29,68,0.54,0.00,0.54,0.54,0.54,0.43,0.15,0.59,0.43,0.59,Matches
Omari Hutchinson,244,engENG,"MF,FW",Ipswich Town,21-191,2003,28,27,"2,313",25.7,3,2,5,3,0,0,5,0,2.4,2.4,2.7,5.1,74,71,135,0.12,0.08,0.19,0.12,0.19,0.09,0.11,0.20,0.09,0.20,Matches
Orel Mangala,323,beBEL,MF,Everton,27-052,1998,19,14,"1,261",14.0,1,0,1,1,0,0,2,0,1.1,1.1,0.6,1.8,6,34,19,0.07,0.00,0.07,0.07,0.07,0.08,0.05,0.13,0.08,0.13,Matches
Oscar Bobb,60,noNOR,FW,Manchester City,21-301,2003,2,0,15,0.2,0,0,0,0,0,0,0,0,0.0,0.0,0.1,0.1,1,1,1,0.00,0.00,0.00,0.00,0.00,0.00,0.44,0.44,0.00,0.44,Matches
Pablo Sarabia,449,esESP,"MF,FW",Wolves,32-363,1992,21,6,716,8.0,3,2,5,3,0,0,3,0,2.9,2.9,1.6,4.5,12,51,52,0.38,0.25,0.63,0.38,0.63,0.36,0.20,0.56,0.36,0.56,Matches
Pape Matar Sarr,330,snSEN,MF,Tottenham,22-237,2002,33,19,"1,726",19.2,3,2,5,3,0,0,6,0,3.3,3.3,1.6,4.9,32,85,50,0.16,0.10,0.26,0.16,0.26,0.17,0.08,0.26,0.17,0.26,Matches
Patrick Dorgu,144,dkDEN,DF,Manchester Utd,20-195,2004,9,8,630,7.0,0,0,0,0,0,0,3,1,0.4,0.4,0.4,0.8,27,23,54,0.00,0.00,0.00,0.00,0.00,0.05,0.06,0.12,0.05,0.12,Matches
Patson Daka,116,zmZAM,"FW,MF",Leicester City,26-212,1998,21,5,653,7.3,1,0,1,1,0,0,0,0,1.3,1.3,0.1,1.3,10,8,34,0.14,0.00,0.14,0.14,0.14,0.17,0.01,0.18,0.17,0.18,Matches
Pau Torres,511,esESP,DF,Aston Villa,28-113,1997,21,21,"1,819",20.2,0,0,0,0,0,0,1,0,0.5,0.5,0.1,0.6,33,77,4,0.00,0.00,0.00,0.00,0.00,0.03,0.00,0.03,0.03,0.03,Matches
Paul Onuachu,394,ngNGA,FW,Southampton,30-346,1994,24,11,"1,029",11.4,4,1,5,4,0,0,4,0,3.6,3.6,0.5,4.1,7,13,40,0.35,0.09,0.44,0.35,0.44,0.32,0.04,0.36,0.32,0.36,Matches
Pedro Lima,305,brBRA,DF,Wolves,18-312,2006,3,1,70,0.8,0,0,0,0,0,0,0,0,0.1,0.1,0.1,0.1,4,4,11,0.00,0.00,0.00,0.00,0.00,0.07,0.09,0.16,0.07,0.16,Matches
Pedro Neto,376,ptPOR,FW,Chelsea,25-061,2000,32,21,"2,013",22.4,4,5,9,4,0,0,8,0,2.9,2.9,6.1,9.0,118,57,229,0.18,0.22,0.40,0.18,0.40,0.13,0.27,0.40,0.13,0.40,Matches
Pedro Porro,417,esESP,DF,Tottenham,25-238,1999,31,26,"2,463",27.4,2,6,8,2,0,0,4,0,1.5,1.5,4.0,5.5,63,147,106,0.07,0.22,0.29,0.07,0.29,0.06,0.15,0.20,0.06,0.20,Matches
Pervis Estupiñán,168,ecECU,DF,Brighton,27-108,1998,28,24,"2,222",24.7,1,1,2,1,0,0,5,0,1.1,1.1,2.1,3.1,55,116,107,0.04,0.04,0.08,0.04,0.08,0.04,0.08,0.13,0.04,0.13,Matches
Phil Foden,183,engENG,"MF,FW",Manchester City,24-346,2000,26,19,"1,693",18.8,7,2,9,7,0,0,2,0,5.1,5.1,4.7,9.8,47,95,119,0.37,0.11,0.48,0.37,0.48,0.27,0.25,0.52,0.27,0.52,Matches
Philip Billing,58,dkDEN,MF,Bournemouth,28-332,1996,10,1,184,2.0,0,0,0,0,0,0,1,0,0.6,0.6,1.1,1.7,3,15,13,0.00,0.00,0.00,0.00,0.00,0.28,0.54,0.82,0.28,0.82,Matches
Radu Drăgușin,150,roROU,DF,Tottenham,23-095,2002,16,14,"1,252",13.9,0,0,0,0,0,0,1,0,0.1,0.1,0.4,0.5,7,37,2,0.00,0.00,0.00,0.00,0.00,0.01,0.03,0.04,0.01,0.04,Matches
Raheem Sterling,485,engENG,"FW,MF",Arsenal,30-152,1994,16,6,437,4.9,0,2,2,0,0,0,1,0,1.3,1.3,0.5,1.8,25,17,73,0.00,0.41,0.41,0.00,0.41,0.27,0.10,0.37,0.27,0.37,Matches
Ramón Sosa,478,pyPAR,"FW,MF",Nott'ham Forest,25-251,1999,19,1,295,3.3,1,0,1,1,0,0,1,0,1.0,1.0,0.5,1.5,12,6,17,0.31,0.00,0.31,0.31,0.31,0.31,0.15,0.45,0.31,0.45,Matches
Rasmus Højlund,245,dkDEN,FW,Manchester Utd,22-094,2003,29,20,"1,744",19.4,4,0,4,4,0,0,2,0,3.8,3.8,1.3,5.1,26,16,83,0.21,0.00,0.21,0.21,0.21,0.20,0.06,0.26,0.20,0.26,Matches
Rayan Aït-Nouri,9,dzALG,DF,Wolves,23-337,2001,34,34,"2,865",31.8,4,7,11,4,0,0,7,1,2.6,2.6,4.7,7.3,79,100,158,0.13,0.22,0.35,0.13,0.35,0.08,0.15,0.23,0.08,0.23,Matches
Raúl Jiménez,259,mxMEX,FW,Fulham,34-004,1991,35,27,"2,224",24.7,10,3,13,7,3,3,4,0,11.2,8.8,3.2,12.0,32,56,119,0.40,0.12,0.53,0.28,0.40,0.45,0.13,0.58,0.36,0.48,Matches
Reece James,253,engENG,"DF,MF",Chelsea,25-152,1999,16,10,838,9.3,1,0,1,1,0,0,1,0,0.3,0.3,0.5,0.8,6,51,10,0.11,0.00,0.11,0.11,0.11,0.03,0.06,0.09,0.03,0.09,Matches
Reiss Nelson,373,engENG,FW,Arsenal,25-150,1999,1,0,3,0.0,0,0,0,0,0,0,0,0,0.0,0.0,0.0,0.0,0,0,0,0.00,0.00,0.00,0.00,0.00,0.00,0.00,0.00,0.00,0.00,Matches
Remy Rees-Dottin,426,engENG,FW,Bournemouth,19-064,2006,1,0,1,0.0,0,0,0,0,0,0,0,0,0.0,0.0,0.0,0.0,0,0,0,0.00,0.00,0.00,0.00,0.00,0.00,0.00,0.00,0.00,0.00,Matches
Renato Veiga,527,ptPOR,"DF,MF",Chelsea,21-284,2003,7,1,181,2.0,0,0,0,0,0,0,2,0,0.1,0.1,0.0,0.1,4,7,3,0.00,0.00,0.00,0.00,0.00,0.07,0.00,0.07,0.07,0.07,Matches
Ricardo Pereira,408,ptPOR,DF,Leicester City,31-215,1993,8,4,342,3.8,0,0,0,0,0,0,1,0,0.1,0.1,0.0,0.1,3,14,5,0.00,0.00,0.00,0.00,0.00,0.02,0.00,0.02,0.02,0.02,Matches
Riccardo Calafiori,82,itITA,DF,Arsenal,22-355,2002,17,11,925,10.3,2,1,3,2,0,0,4,0,0.9,0.9,0.3,1.1,21,54,29,0.19,0.10,0.29,0.19,0.29,0.08,0.03,0.11,0.08,0.11,Matches
Richarlison,432,brBRA,FW,Tottenham,27-364,1997,13,4,475,5.3,4,1,5,4,0,0,2,0,3.7,3.7,0.9,4.6,8,11,22,0.76,0.19,0.95,0.76,0.95,0.70,0.17,0.87,0.70,0.87,Matches
Rico Henry,234,engENG,DF,Brentford,27-305,1997,4,0,83,0.9,0,0,0,0,0,0,0,0,0.0,0.0,0.0,0.0,0,1,1,0.00,0.00,0.00,0.00,0.00,0.00,0.00,0.00,0.00,0.00,Matches
Rico Lewis,301,engENG,"DF,MF",Manchester City,20-169,2004,27,20,"1,818",20.2,1,2,3,1,0,0,5,1,1.4,1.4,0.3,1.7,36,104,68,0.05,0.10,0.15,0.05,0.15,0.07,0.02,0.08,0.07,0.08,Matches
Robert Sánchez,446,esESP,GK,Chelsea,27-172,1997,29,29,"2,610",29.0,0,0,0,0,0,0,5,0,0.0,0.0,0.1,0.1,0,1,0,0.00,0.00,0.00,0.00,0.00,0.00,0.00,0.00,0.00,0.00,Matches
Robin Olsen,391,seSWE,GK,Aston Villa,35-121,1990,3,1,180,2.0,0,0,0,0,0,0,0,0,0.0,0.0,0.0,0.0,0,0,0,0.00,0.00,0.00,0.00,0.00,0.00,0.00,0.00,0.00,0.00,Matches
Rodri,436,esESP,MF,Manchester City,28-321,1996,2,1,65,0.7,0,0,0,0,0,0,0,0,0.0,0.0,0.0,0.0,0,4,1,0.00,0.00,0.00,0.00,0.00,0.00,0.06,0.06,0.00,0.06,Matches
Rodrigo Bentancur,52,uyURU,MF,Tottenham,27-318,1997,23,19,"1,518",16.9,2,0,2,2,0,0,7,0,1.3,1.3,0.4,1.7,26,99,34,0.12,0.00,0.12,0.12,0.12,0.08,0.03,0.10,0.08,0.10,Matches
Rodrigo Gomes,203,ptPOR,"DF,FW",Wolves,21-306,2003,22,6,672,7.5,2,0,2,2,0,0,0,0,0.6,0.6,0.9,1.5,22,25,65,0.27,0.00,0.27,0.27,0.27,0.08,0.12,0.20,0.08,0.20,Matches
Rodrigo Muniz,364,brBRA,FW,Fulham,24-005,2001,31,8,964,10.7,8,1,9,8,0,0,1,0,5.8,5.8,0.7,6.5,6,27,31,0.75,0.09,0.84,0.75,0.84,0.54,0.07,0.61,0.54,0.61,Matches
Romain Esse,167,engENG,MF,Crystal Palace,19-361,2005,4,0,34,0.4,1,0,1,1,0,0,0,0,0.3,0.3,0.1,0.5,0,1,6,2.65,0.00,2.65,2.65,2.65,0.83,0.35,1.17,0.83,1.17,Matches
Roman Dixon,139,engENG,DF,Everton,20-134,2004,1,1,90,1.0,0,0,0,0,0,0,0,0,0.0,0.0,0.0,0.0,0,0,1,0.00,0.00,0.00,0.00,0.00,0.00,0.00,0.00,0.00,0.00,Matches
Roméo Lavia,297,beBEL,MF,Chelsea,21-123,2004,13,10,684,7.6,0,1,1,0,0,0,4,0,0.2,0.2,0.7,0.9,3,24,7,0.00,0.13,0.13,0.00,0.13,0.02,0.10,0.12,0.02,0.12,Matches
Ronnie Edwards,159,engENG,DF,Southampton,22-042,2003,1,0,12,0.1,0,0,0,0,0,0,0,0,0.0,0.0,0.0,0.0,0,0,0,0.00,0.00,0.00,0.00,0.00,0.00,0.00,0.00,0.00,0.00,Matches
Ross Barkley,45,engENG,MF,Aston Villa,31-155,1993,18,3,571,6.3,3,1,4,3,0,0,3,0,1.7,1.7,0.6,2.3,15,33,10,0.47,0.16,0.63,0.47,0.63,0.27,0.10,0.37,0.27,0.37,Matches
Ross Stewart,486,sctSCO,FW,Southampton,28-302,1996,9,3,286,3.2,0,0,0,0,0,0,1,0,0.3,0.3,0.0,0.3,1,1,6,0.00,0.00,0.00,0.00,0.00,0.08,0.00,0.08,0.08,0.08,Matches
Ryan Christie,99,sctSCO,MF,Bournemouth,30-076,1995,29,27,"2,117",23.5,2,3,5,2,0,0,9,0,1.8,1.8,3.5,5.4,34,137,44,0.09,0.13,0.21,0.09,0.21,0.08,0.15,0.23,0.08,0.23,Matches
Ryan Fraser,188,sctSCO,"FW,DF",Southampton,31-074,1994,8,4,306,3.4,0,0,0,0,0,0,0,1,0.0,0.0,0.1,0.1,10,8,18,0.00,0.00,0.00,0.00,0.00,0.01,0.03,0.04,0.01,0.04,Matches
Ryan Gravenberch,209,nlNED,MF,Liverpool,22-358,2002,34,34,"2,921",32.5,0,4,4,0,0,0,5,0,1.0,1.0,2.9,3.9,65,168,54,0.00,0.12,0.12,0.00,0.12,0.03,0.09,0.12,0.03,0.12,Matches
Ryan Manning,324,ieIRL,"DF,MF",Southampton,28-329,1996,23,18,"1,459",16.2,0,1,1,0,0,0,2,0,0.3,0.3,3.2,3.6,14,35,74,0.00,0.06,0.06,0.00,0.06,0.02,0.20,0.22,0.02,0.22,Matches
Ryan Sessegnon,463,engENG,"FW,DF",Fulham,24-356,2000,13,6,470,5.2,4,2,6,4,0,0,1,0,1.6,1.6,1.0,2.5,14,14,51,0.77,0.38,1.15,0.77,1.15,0.30,0.18,0.49,0.30,0.49,Matches
Ryan Trevitt,516,engENG,MF,Brentford,22-058,2003,1,0,4,0.0,0,0,0,0,0,0,0,0,0.0,0.0,0.0,0.0,0,0,1,0.00,0.00,0.00,0.00,0.00,0.00,0.00,0.00,0.00,0.00,Matches
Ryan Yates,562,engENG,MF,Nott'ham Forest,27-169,1997,32,18,"1,874",20.8,2,1,3,2,0,0,10,0,2.3,2.3,1.1,3.4,17,48,14,0.10,0.05,0.14,0.10,0.14,0.11,0.05,0.16,0.11,0.16,Matches
Rúben Dias,132,ptPOR,DF,Manchester City,27-360,1997,24,22,"2,001",22.2,0,0,0,0,0,0,4,0,1.4,1.4,0.3,1.7,35,122,6,0.00,0.00,0.00,0.00,0.00,0.06,0.01,0.07,0.06,0.07,Matches
Sam Johnstone,265,engENG,GK,Wolves,32-045,1993,7,7,630,7.0,0,0,0,0,0,0,0,0,0.0,0.0,0.0,0.0,0,0,0,0.00,0.00,0.00,0.00,0.00,0.00,0.00,0.00,0.00,0.00,Matches
Sam Morsy,358,egEGY,MF,Ipswich Town,33-241,1991,30,28,"2,486",27.6,1,1,2,1,0,0,10,0,0.3,0.3,0.8,1.2,16,104,9,0.04,0.04,0.07,0.04,0.07,0.01,0.03,0.04,0.01,0.04,Matches
Sammie Szmodics,493,ieIRL,"FW,MF",Ipswich Town,29-227,1995,19,13,979,10.9,4,0,4,4,0,0,2,0,3.4,3.4,0.2,3.6,16,18,46,0.37,0.00,0.37,0.37,0.37,0.31,0.02,0.33,0.31,0.33,Matches
Samuel Amo-Ameyaw,21,engENG,"FW,DF",Southampton,18-295,2006,2,0,28,0.3,0,0,0,0,0,0,1,0,0.0,0.0,0.1,0.1,1,0,3,0.00,0.00,0.00,0.00,0.00,0.07,0.22,0.29,0.07,0.29,Matches
Samuel Edozie,158,engENG,"DF,FW",Southampton,22-101,2003,2,0,65,0.7,0,0,0,0,0,0,1,0,0.0,0.0,0.1,0.1,6,4,23,0.00,0.00,0.00,0.00,0.00,0.00,0.14,0.14,0.00,0.14,Matches
Sander Berge,54,noNOR,MF,Fulham,27-084,1998,28,24,"2,091",23.2,0,0,0,0,0,0,5,0,0.2,0.2,0.6,0.8,27,116,8,0.00,0.00,0.00,0.00,0.00,0.01,0.03,0.03,0.01,0.03,Matches
Sandro Tonali,510,itITA,MF,Newcastle Utd,25-001,2000,33,25,"2,360",26.2,3,2,5,3,0,0,5,0,3.7,3.7,1.4,5.0,33,116,48,0.11,0.08,0.19,0.11,0.19,0.14,0.05,0.19,0.14,0.19,Matches
Santiago Bueno,73,uyURU,DF,Wolves,26-181,1998,28,18,"1,683",18.7,0,0,0,0,0,0,2,0,0.4,0.4,0.0,0.4,1,28,1,0.00,0.00,0.00,0.00,0.00,0.02,0.00,0.02,0.02,0.02,Matches
Saša Lukić,310,rsSRB,MF,Fulham,28-269,1996,28,26,"2,169",24.1,0,2,2,0,0,0,12,0,1.2,1.2,2.6,3.8,37,92,29,0.00,0.08,0.08,0.00,0.08,0.05,0.11,0.16,0.05,0.16,Matches
Scott McTominay,341,sctSCO,MF,Manchester Utd,28-152,1996,2,0,19,0.2,0,0,0,0,0,0,0,0,0.1,0.1,0.0,0.1,0,1,2,0.00,0.00,0.00,0.00,0.00,0.33,0.00,0.33,0.33,0.33,Matches
Sean Longstaff,309,engENG,MF,Newcastle Utd,27-191,1997,24,8,797,8.9,0,0,0,0,0,0,2,0,0.6,0.6,0.2,0.8,4,40,22,0.00,0.00,0.00,0.00,0.00,0.07,0.02,0.09,0.07,0.09,Matches
Sepp van den Berg,128,nlNED,DF,Brentford,23-140,2001,28,26,"2,316",25.7,0,0,0,0,0,0,2,0,1.7,1.7,0.5,2.2,10,72,27,0.00,0.00,0.00,0.00,0.00,0.07,0.02,0.09,0.07,0.09,Matches
Sergio Reguilón,427,esESP,DF,Tottenham,28-144,1996,3,0,123,1.4,0,0,0,0,0,0,2,0,0.1,0.1,0.0,0.1,4,12,10,0.00,0.00,0.00,0.00,0.00,0.05,0.02,0.07,0.05,0.07,Matches
Shumaira Mheuka,345,engENG,MF,Chelsea,17-201,2007,1,0,1,0.0,0,0,0,0,0,0,0,0,0.1,0.1,0.0,0.1,0,0,0,0.00,0.00,0.00,0.00,0.00,5.06,0.00,5.06,5.06,5.06,Matches
Simon Adingra,5,ciCIV,"FW,MF",Brighton,23-128,2002,26,10,956,10.6,2,1,3,2,0,0,0,0,2.2,2.2,1.8,4.0,37,14,119,0.19,0.09,0.28,0.19,0.28,0.21,0.17,0.38,0.21,0.38,Matches
Solly March,325,engENG,"FW,MF",Brighton,30-293,1994,8,1,168,1.9,0,0,0,0,0,0,2,0,0.1,0.1,0.3,0.4,5,2,20,0.00,0.00,0.00,0.00,0.00,0.05,0.15,0.19,0.05,0.19,Matches
Son Heung-min,236,krKOR,FW,Tottenham,32-305,1992,28,23,"2,004",22.3,7,9,16,6,1,2,1,0,7.0,5.4,8.2,13.7,87,104,259,0.31,0.40,0.72,0.27,0.67,0.31,0.37,0.68,0.24,0.61,Matches
Stefan Ortega,397,deGER,GK,Manchester City,32-184,1992,13,12,"1,100",12.2,0,0,0,0,0,0,1,0,0.0,0.0,0.0,0.0,0,0,0,0.00,0.00,0.00,0.00,0.00,0.00,0.00,0.00,0.00,0.00,Matches
Stephy Mavididi,332,engENG,FW,Leicester City,26-343,1998,30,16,"1,615",17.9,4,1,5,4,0,0,2,0,1.8,1.8,2.6,4.4,91,57,138,0.22,0.06,0.28,0.22,0.28,0.10,0.15,0.25,0.10,0.25,Matches
Sven Botman,63,nlNED,DF,Newcastle Utd,25-117,2000,5,3,233,2.6,0,0,0,0,0,0,1,0,0.0,0.0,0.0,0.0,0,3,0,0.00,0.00,0.00,0.00,0.00,0.01,0.00,0.01,0.01,0.01,Matches
Sávio,452,brBRA,"FW,MF",Manchester City,21-029,2004,27,21,"1,734",19.3,1,8,9,1,0,0,3,0,4.9,4.9,6.8,11.6,133,66,239,0.05,0.42,0.47,0.05,0.47,0.25,0.35,0.60,0.25,0.60,Matches
Séamus Coleman,104,ieIRL,DF,Everton,36-210,1988,3,2,197,2.2,0,0,0,0,0,0,1,0,0.6,0.6,0.0,0.6,1,8,2,0.00,0.00,0.00,0.00,0.00,0.26,0.00,0.26,0.26,0.26,Matches
Taiwo Awoniyi,38,ngNGA,FW,Nott'ham Forest,27-270,1997,25,3,408,4.5,1,0,1,1,0,0,0,0,2.1,2.1,0.1,2.2,6,7,20,0.22,0.00,0.22,0.22,0.22,0.47,0.02,0.49,0.47,0.49,Matches
Takehiro Tomiyasu,509,jpJPN,DF,Arsenal,26-185,1998,1,0,7,0.1,0,0,0,0,0,0,0,0,0.2,0.2,0.0,0.2,0,1,0,0.00,0.00,0.00,0.00,0.00,2.37,0.00,2.37,2.37,2.37,Matches
Tariq Lamptey,295,ghGHA,DF,Brighton,24-221,2000,14,9,802,8.9,2,2,4,2,0,0,0,0,0.4,0.4,0.8,1.2,28,12,43,0.22,0.22,0.45,0.22,0.45,0.04,0.09,0.13,0.04,0.13,Matches
Taylor Harwood-Bellis,228,engENG,DF,Southampton,23-099,2002,32,30,"2,654",29.5,1,0,1,1,0,0,9,0,1.8,1.8,1.0,2.8,29,119,9,0.03,0.00,0.03,0.03,0.03,0.06,0.03,0.09,0.06,0.09,Matches
Thiago,502,brBRA,FW,Brentford,23-317,2001,5,1,142,1.6,0,0,0,0,0,0,0,0,0.1,0.1,0.1,0.2,3,2,4,0.00,0.00,0.00,0.00,0.00,0.06,0.04,0.10,0.06,0.10,Matches
Thomas Partey,405,ghGHA,"MF,DF",Arsenal,31-330,1993,32,28,"2,527",28.1,4,2,6,4,0,0,4,0,2.0,2.0,1.9,4.0,32,171,47,0.14,0.07,0.21,0.14,0.21,0.07,0.07,0.14,0.07,0.14,Matches
Tim Iroegbunam,248,engENG,MF,Everton,21-313,2003,17,5,567,6.3,0,1,1,0,0,0,4,0,0.2,0.2,0.2,0.4,8,14,9,0.00,0.16,0.16,0.00,0.16,0.04,0.03,0.07,0.04,0.07,Matches
Timo Werner,546,deGER,"FW,MF",Tottenham,29-064,1996,18,4,516,5.7,0,3,3,0,0,0,0,0,1.0,1.0,2.5,3.5,42,30,89,0.00,0.52,0.52,0.00,0.52,0.17,0.44,0.61,0.17,0.61,Matches
Timothy Castagne,90,beBEL,DF,Fulham,29-155,1995,24,17,"1,649",18.3,0,1,1,0,0,0,1,0,0.4,0.4,1.2,1.6,17,62,67,0.00,0.05,0.05,0.00,0.05,0.02,0.07,0.09,0.02,0.09,Matches
Toby Collyer,106,engENG,MF,Manchester Utd,21-126,2004,6,0,179,2.0,0,0,0,0,0,0,0,0,0.2,0.2,0.3,0.4,0,5,2,0.00,0.00,0.00,0.00,0.00,0.09,0.13,0.22,0.09,0.22,Matches
Tom Cairney,80,sctSCO,MF,Fulham,34-109,1991,22,2,494,5.5,1,0,1,1,0,0,3,1,0.2,0.2,1.0,1.2,14,47,29,0.18,0.00,0.18,0.18,0.18,0.04,0.17,0.21,0.04,0.21,Matches
Tommy Doyle,149,engENG,MF,Wolves,23-204,2001,24,3,488,5.4,0,1,1,0,0,0,1,0,0.6,0.6,0.5,1.1,6,40,4,0.00,0.18,0.18,0.00,0.18,0.10,0.09,0.20,0.10,0.20,Matches
Tomáš Souček,479,czCZE,MF,West Ham,30-071,1995,32,27,"2,330",25.9,8,1,9,8,0,0,8,0,6.0,6.0,1.0,7.0,6,70,65,0.31,0.04,0.35,0.31,0.35,0.23,0.04,0.27,0.23,0.27,Matches
Tosin Adarabioyo,4,engENG,DF,Chelsea,27-227,1997,20,13,"1,229",13.7,1,1,2,1,0,0,3,0,0.9,0.9,0.2,1.1,5,37,1,0.07,0.07,0.15,0.07,0.15,0.07,0.02,0.08,0.07,0.08,Matches
Toti Gomes,204,ptPOR,DF,Wolves,26-113,1999,28,27,"2,344",26.0,0,1,1,0,0,0,6,0,0.7,0.7,0.9,1.7,21,67,15,0.00,0.04,0.04,0.00,0.04,0.03,0.04,0.06,0.03,0.06,Matches
Trent Alexander-Arnold,15,engENG,DF,Liverpool,26-214,1998,31,28,"2,296",25.5,3,6,9,3,0,0,5,0,1.8,1.8,6.7,8.5,50,221,90,0.12,0.24,0.35,0.12,0.35,0.07,0.26,0.33,0.07,0.33,Matches
Trevoh Chalobah,91,engENG,DF,Crystal Palace,25-308,1999,12,12,"1,060",11.8,3,0,3,3,0,0,1,0,1.2,1.2,0.4,1.6,11,34,6,0.25,0.00,0.25,0.25,0.25,0.10,0.03,0.14,0.10,0.14,Matches
Tyler Adams,3,usUSA,MF,Bournemouth,26-084,1999,25,18,"1,710",19.0,0,3,3,0,0,0,7,0,1.6,1.6,1.0,2.5,12,65,9,0.00,0.16,0.16,0.00,0.16,0.08,0.05,0.13,0.08,0.13,Matches
Tyler Dibling,134,engENG,"FW,MF",Southampton,19-058,2006,31,18,"1,742",19.4,2,0,2,2,0,0,6,0,2.5,2.5,1.5,4.1,68,61,93,0.10,0.00,0.10,0.10,0.10,0.13,0.08,0.21,0.13,0.21,Matches
Tyler Fredricson,189,engENG,DF,Manchester Utd,20-075,2005,2,2,165,1.8,0,0,0,0,0,0,0,0,0.0,0.0,0.0,0.0,2,8,0,0.00,0.00,0.00,0.00,0.00,0.00,0.00,0.00,0.00,0.00,Matches
Tyrell Malacia,321,nlNED,DF,Manchester Utd,25-265,1999,3,2,100,1.1,0,0,0,0,0,0,1,0,0.0,0.0,0.0,0.0,3,3,6,0.00,0.00,0.00,0.00,0.00,0.00,0.03,0.03,0.00,0.03,Matches
Tyrick Mitchell,351,engENG,DF,Crystal Palace,25-250,1999,35,35,"2,942",32.7,0,4,4,0,0,0,2,0,1.2,1.2,5.7,7.0,56,64,166,0.00,0.12,0.12,0.00,0.12,0.04,0.18,0.21,0.04,0.21,Matches
Tyrique George,196,engENG,FW,Chelsea,19-094,2006,7,0,103,1.1,1,1,2,1,0,0,1,0,0.2,0.2,0.7,0.9,9,2,18,0.87,0.87,1.75,0.87,1.75,0.17,0.63,0.80,0.17,0.80,Matches
Tyrone Mings,349,engENG,DF,Aston Villa,32-057,1993,13,11,"1,051",11.7,0,0,0,0,0,0,1,0,0.8,0.8,0.2,1.0,6,39,0,0.00,0.00,0.00,0.00,0.00,0.07,0.02,0.09,0.07,0.09,Matches
Valentino Livramento,308,engENG,DF,Newcastle Utd,22-178,2002,34,29,"2,570",28.6,0,1,1,0,0,0,1,0,0.2,0.2,2.3,2.6,73,144,98,0.00,0.04,0.04,0.00,0.04,0.01,0.08,0.09,0.01,0.09,Matches
Victor Bernth Kristiansen,56,dkDEN,DF,Leicester City,22-144,2002,28,28,"2,380",26.4,0,1,1,0,0,0,1,0,0.3,0.3,1.4,1.7,39,69,75,0.00,0.04,0.04,0.00,0.04,0.01,0.05,0.06,0.01,0.06,Matches
Victor Lindelöf,306,seSWE,DF,Manchester Utd,30-296,1994,13,4,485,5.4,0,0,0,0,0,0,1,0,0.0,0.0,0.1,0.1,1,10,1,0.00,0.00,0.00,0.00,0.00,0.00,0.01,0.01,0.00,0.01,Matches
Virgil van Dijk,525,nlNED,DF,Liverpool,33-305,1991,35,35,"3,150",35.0,3,1,4,3,0,0,4,0,2.2,2.2,0.7,3.0,18,180,6,0.09,0.03,0.11,0.09,0.11,0.06,0.02,0.08,0.06,0.08,Matches
Vitaliy Mykolenko,369,uaUKR,DF,Everton,25-345,1999,32,32,"2,812",31.2,0,1,1,0,0,0,3,0,0.4,0.4,1.6,2.1,31,105,90,0.00,0.03,0.03,0.00,0.03,0.01,0.05,0.07,0.01,0.07,Matches
Vitaly Janelt,254,deGER,MF,Brentford,26-364,1998,32,27,"2,254",25.0,1,3,4,1,0,0,3,0,0.8,0.8,2.2,3.0,17,80,38,0.04,0.12,0.16,0.04,0.16,0.03,0.09,0.12,0.03,0.12,Matches
Vitezslav Jaros,255,czCZE,GK,Liverpool,23-290,2001,1,0,12,0.1,0,0,0,0,0,0,0,0,0.0,0.0,0.0,0.0,0,0,0,0.00,0.00,0.00,0.00,0.00,0.00,0.00,0.00,0.00,0.00,Matches
Vitor Reis,428,brBRA,DF,Manchester City,19-117,2006,1,0,1,0.0,0,0,0,0,0,0,0,0,0.0,0.0,0.0,0.0,0,0,0,0.00,0.00,0.00,0.00,0.00,0.00,0.00,0.00,0.00,0.00,Matches
Vladimír Coufal,110,czCZE,DF,West Ham,32-260,1992,19,9,876,9.7,0,0,0,0,0,0,4,0,0.2,0.2,0.6,0.8,15,33,25,0.00,0.00,0.00,0.00,0.00,0.02,0.06,0.08,0.02,0.08,Matches
Wataru Endo,165,jpJPN,MF,Liverpool,32-089,1993,18,1,237,2.6,0,0,0,0,0,0,0,0,0.0,0.0,0.1,0.1,0,14,5,0.00,0.00,0.00,0.00,0.00,0.00,0.02,0.02,0.00,0.02,Matches
Welington,545,brBRA,"DF,MF",Southampton,24-079,2001,7,3,215,2.4,0,0,0,0,0,0,1,0,0.0,0.0,0.0,0.1,3,6,10,0.00,0.00,0.00,0.00,0.00,0.02,0.01,0.03,0.02,0.03,Matches
Wes Burns,77,wlsWAL,"FW,DF",Ipswich Town,30-167,1994,18,12,926,10.3,0,1,1,0,0,0,1,0,0.5,0.5,1.6,2.2,38,8,65,0.00,0.10,0.10,0.00,0.10,0.05,0.16,0.21,0.05,0.21,Matches
Wesley Fofana,184,frFRA,DF,Chelsea,24-143,2000,14,14,"1,172",13.0,0,0,0,0,0,0,7,0,0.4,0.4,0.4,0.8,19,32,4,0.00,0.00,0.00,0.00,0.00,0.03,0.03,0.07,0.03,0.06,Matches
Wilfred Ndidi,371,ngNGA,MF,Leicester City,28-144,1996,26,26,"2,147",23.9,0,4,4,0,0,0,8,0,2.0,2.0,1.8,3.9,17,65,75,0.00,0.17,0.17,0.00,0.17,0.09,0.08,0.16,0.09,0.16,Matches
Will Alves,19,engENG,FW,Leicester City,20-095,2005,1,0,1,0.0,0,0,0,0,0,0,0,0,0.0,0.0,0.0,0.0,0,0,1,0.00,0.00,0.00,0.00,0.00,0.00,0.00,0.00,0.00,0.00,Matches
Will Hughes,242,engENG,MF,Crystal Palace,30-022,1995,30,21,"1,899",21.1,0,3,3,0,0,0,11,0,1.0,1.0,2.7,3.8,19,83,24,0.00,0.14,0.14,0.00,0.14,0.05,0.13,0.18,0.05,0.18,Matches
Will Lankshear,296,engENG,"FW,MF",Tottenham,20-019,2005,3,0,11,0.1,0,0,0,0,0,0,0,0,0.0,0.0,0.0,0.0,0,0,1,0.00,0.00,0.00,0.00,0.00,0.00,0.00,0.00,0.00,0.00,Matches
William Osula,398,dkDEN,FW,Newcastle Utd,21-278,2003,12,0,104,1.2,1,0,1,1,0,0,0,0,0.1,0.1,0.1,0.2,2,2,12,0.87,0.00,0.87,0.87,0.87,0.10,0.08,0.18,0.10,0.18,Matches
William Saliba,445,frFRA,DF,Arsenal,24-046,2001,33,33,"2,904",32.3,2,0,2,2,0,0,2,1,2.3,2.3,0.9,3.1,16,134,6,0.06,0.00,0.06,0.06,0.06,0.07,0.03,0.10,0.07,0.10,Matches
William Smallbone,472,ieIRL,MF,Southampton,25-077,2000,15,6,646,7.2,1,0,1,1,0,0,1,0,0.4,0.4,0.6,1.1,5,25,23,0.14,0.00,0.14,0.14,0.14,0.06,0.09,0.15,0.06,0.15,Matches
Willian,551,brBRA,"FW,MF",Fulham,36-273,1988,9,2,241,2.7,0,0,0,0,0,0,0,0,0.3,0.3,0.5,0.7,9,38,31,0.00,0.00,0.00,0.00,0.00,0.10,0.17,0.27,0.10,0.27,Matches
Willy Boly,62,ciCIV,DF,Nott'ham Forest,34-095,1991,6,1,150,1.7,0,0,0,0,0,0,1,0,0.1,0.1,0.0,0.1,0,2,0,0.00,0.00,0.00,0.00,0.00,0.04,0.00,0.04,0.04,0.04,Matches
Wilson Odobert,388,frFRA,FW,Tottenham,20-162,2004,13,7,629,7.0,1,0,1,1,0,0,0,0,1.2,1.2,0.9,2.1,40,21,56,0.14,0.00,0.14,0.14,0.14,0.17,0.13,0.30,0.17,0.30,Matches
Wout Faes,174,beBEL,DF,Leicester City,27-036,1998,31,27,"2,545",28.3,1,0,1,1,0,0,4,0,1.4,1.4,0.1,1.5,12,80,1,0.04,0.00,0.04,0.04,0.04,0.05,0.00,0.05,0.05,0.05,Matches
Woyo Coulibaly,111,frFRA,DF,Leicester City,25-354,1999,4,1,109,1.2,0,0,0,0,0,0,1,0,0.0,0.0,0.0,0.0,4,3,2,0.00,0.00,0.00,0.00,0.00,0.04,0.00,0.04,0.04,0.04,Matches
Yankuba Minteh,350,gmGAM,"FW,MF",Brighton,20-291,2004,29,17,"1,587",17.6,6,4,10,6,0,0,6,0,4.0,4.0,4.7,8.7,71,40,163,0.34,0.23,0.57,0.34,0.57,0.22,0.27,0.49,0.22,0.49,Matches
Yasin Ayari,39,seSWE,MF,Brighton,21-215,2003,31,19,"1,759",19.5,1,1,2,1,0,0,3,0,2.2,2.2,2.2,4.4,30,69,59,0.05,0.05,0.10,0.05,0.10,0.11,0.11,0.23,0.11,0.23,Matches
Yehor Yarmoliuk,561,uaUKR,MF,Brentford,21-069,2004,28,12,"1,196",13.3,0,0,0,0,0,0,5,0,0.6,0.6,0.9,1.5,15,52,44,0.00,0.00,0.00,0.00,0.00,0.05,0.07,0.11,0.05,0.11,Matches
Yerson Mosquera,359,coCOL,DF,Wolves,24-007,2001,5,5,441,4.9,0,0,0,0,0,0,2,0,0.3,0.3,0.1,0.4,0,7,0,0.00,0.00,0.00,0.00,0.00,0.07,0.02,0.09,0.07,0.09,Matches
Yoane Wissa,557,cdCOD,FW,Brentford,28-248,1996,32,31,"2,650",29.4,18,3,21,18,0,0,2,0,16.5,16.5,1.8,18.3,51,57,135,0.61,0.10,0.71,0.61,0.71,0.56,0.06,0.62,0.56,0.62,Matches
Youri Tielemans,504,beBEL,MF,Aston Villa,28-002,1997,35,35,"2,997",33.3,3,7,10,3,0,1,4,0,3.1,2.3,6.9,9.2,39,234,48,0.09,0.21,0.30,0.09,0.30,0.09,0.21,0.30,0.07,0.28,Matches
Youssef Chermiti,94,ptPOR,"FW,MF",Everton,20-350,2004,4,0,45,0.5,0,0,0,0,0,0,1,0,0.1,0.1,0.0,0.1,0,1,6,0.00,0.00,0.00,0.00,0.00,0.22,0.00,0.22,0.22,0.22,Matches
Yukinari Sugawara,490,jpJPN,"DF,MF",Southampton,24-315,2000,29,15,"1,467",16.3,1,1,2,1,0,0,4,0,0.5,0.5,2.2,2.7,32,68,76,0.06,0.06,0.12,0.06,0.12,0.03,0.14,0.17,0.03,0.17,Matches
Yunus Emre Konak,162,trTUR,"FW,MF",Brentford,19-119,2006,9,0,41,0.5,0,0,0,0,0,0,0,0,0.2,0.2,0.0,0.2,1,2,2,0.00,0.00,0.00,0.00,0.00,0.34,0.00,0.34,0.34,0.34,Matches
Yves Bissouma,59,mlMLI,MF,Tottenham,28-252,1996,25,16,"1,300",14.4,2,0,2,2,0,0,7,0,0.6,0.6,0.3,0.9,15,72,3,0.14,0.00,0.14,0.14,0.14,0.04,0.02,0.06,0.04,0.06,Matches
Zain Silcott-Duberry,465,msMSR,FW,Bournemouth,19-304,2005,1,0,1,0.0,0,0,0,0,0,0,0,0,0.0,0.0,0.0,0.0,0,0,0,0.00,0.00,0.00,0.00,0.00,0.00,0.00,0.00,0.00,0.00,Matches
Álex Moreno,357,esESP,"DF,MF",Nott'ham Forest,31-335,1993,15,11,955,10.6,0,1,1,0,0,0,2,0,0.2,0.2,1.3,1.4,26,34,34,0.00,0.09,0.09,0.00,0.09,0.02,0.12,0.13,0.02,0.13,Matches
İlkay Gündoğan,220,deGER,MF,Manchester City,34-197,1990,31,23,"2,050",22.8,0,5,5,0,0,0,1,0,2.7,2.7,2.8,5.5,57,115,86,0.00,0.22,0.22,0.00,0.22,0.12,0.12,0.24,0.12,0.24,Matches
Łukasz Fabiański,173,plPOL,GK,West Ham,40-021,1985,13,12,"1,070",11.9,0,0,0,0,0,0,2,0,0.0,0.0,0.0,0.0,0,0,0,0.00,0.00,0.00,0.00,0.00,0.00,0.00,0.00,0.00,0.00,Matches
