Player,Rk,Nation,Pos,Squad,Age,Born,90s,Cmp,Att,Cmp%,TotDist,PrgDist,Cmp_2,Att_2,Cmp%_2,Cmp_3,Att_3,Cmp%_3,Cmp_4,Att_4,Cmp%_4,Ast,xAG,xA,A-xAG,KP,1/3,PPA,CrsPA,PrgP,Matches
Aaron Cresswell,112,engENG,DF,West Ham,35-145,1989,7.5,415,509,81.5,7803,3045,189,206,91.7,173,198,87.4,51,96,53.1,0,1.1,1.3,-1.1,7,43,4,1,28,Matches
Aaron Ramsdale,420,engENG,GK,Southampton,26-360,1998,27.0,715,1106,64.6,20052,15538,199,200,99.5,276,287,96.2,234,606,38.6,0,0.0,0.1,0.0,0,33,1,0,0,Matches
Aaron Wan-Bissaka,537,engENG,DF,West Ham,27-164,1997,32.0,1321,1641,80.5,18817,6928,846,941,89.9,411,507,81.1,46,100,46.0,3,3.2,2.5,-0.2,30,89,32,11,132,Matches
Abdoulaye Doucouré,146,mlMLI,MF,Everton,32-128,1993,26.9,676,849,79.6,10229,2133,354,416,85.1,250,301,83.1,40,55,72.7,1,2.3,1.2,-1.3,26,44,14,0,78,Matches
Abdukodir Khusanov,280,uzUZB,DF,Manchester City,21-069,2004,5.6,360,395,91.1,6126,1976,160,169,94.7,191,197,97.0,6,23,26.1,0,0.1,0.1,-0.1,2,23,0,0,25,Matches
Abdul Fatawu Issahaku,175,ghGHA,FW,Leicester City,21-062,2004,6.4,123,197,62.4,2150,601,59,81,72.8,45,59,76.3,16,33,48.5,2,1.6,1.4,+0.4,6,7,7,2,17,Matches
Adam Armstrong,33,engENG,"FW,MF",Southampton,28-088,1997,13.9,231,288,80.2,3320,446,138,158,87.3,81,95,85.3,6,13,46.2,2,1.2,0.6,+0.8,9,10,8,2,21,Matches
Adam Lallana,294,engENG,MF,Southampton,36-364,1988,4.0,221,260,85.0,2891,980,147,165,89.1,61,67,91.0,4,9,44.4,2,0.9,0.5,+1.1,4,21,9,3,24,Matches
Adam Smith,473,engENG,DF,Bournemouth,34-010,1991,15.7,436,576,75.7,7088,2372,213,242,88.0,182,233,78.1,27,72,37.5,0,0.3,0.4,-0.3,7,41,8,5,40,Matches
Adam Webster,543,engENG,DF,Brighton,30-125,1995,6.9,429,501,85.6,7934,3140,169,177,95.5,213,232,91.8,40,79,50.6,0,0.5,0.2,-0.5,3,32,2,0,40,Matches
Adam Wharton,547,engENG,MF,Crystal Palace,20-341,2004,14.6,548,725,75.6,10271,3780,208,252,82.5,258,322,80.1,70,107,65.4,2,3.0,2.2,-1.0,26,78,18,5,107,Matches
Adama Traoré,513,esESP,"FW,MF",Fulham,29-104,1996,17.7,386,536,72.0,6023,1529,214,263,81.4,130,177,73.4,27,49,55.1,6,4.7,4.4,+1.3,38,32,33,18,61,Matches
Albert Grønbaek,214,dkDEN,"FW,MF",Southampton,23-351,2001,1.6,13,18,72.2,135,43,9,11,81.8,2,4,50.0,0,0,N/a,0,0.0,0.0,0.0,1,2,0,0,1,Matches
Alejandro Garnacho,194,arARG,"MF,FW",Manchester Utd,20-312,2004,23.8,635,803,79.1,8921,1152,395,446,88.6,180,217,82.9,30,50,60.0,2,4.5,2.7,-2.5,35,21,24,4,56,Matches
Alex Iwobi,251,ngNGA,"FW,MF",Fulham,29-006,1996,31.1,1057,1420,74.4,18132,5331,526,613,85.8,419,539,77.7,93,173,53.8,6,6.9,6.7,-0.9,56,107,78,17,199,Matches
Alex McCarthy,338,engENG,GK,Southampton,35-157,1989,5.0,117,156,75.0,2823,1985,41,43,95.3,45,49,91.8,30,61,49.2,0,0.0,0.0,0.0,0,5,0,0,0,Matches
Alex Palmer,401,engENG,GK,Ipswich Town,28-272,1996,11.0,241,356,67.7,7340,5386,46,48,95.8,107,107,100.0,88,201,43.8,0,0.0,0.0,0.0,1,7,0,0,1,Matches
Alex Scott,458,engENG,MF,Bournemouth,21-261,2003,7.9,265,319,83.1,4257,1298,131,148,88.5,102,111,91.9,20,33,60.6,0,0.8,0.9,-0.8,11,37,4,0,49,Matches
Alexander Isak,250,seSWE,FW,Newcastle Utd,25-230,1999,28.6,479,643,74.5,6849,1510,285,340,83.8,147,190,77.4,24,38,63.2,6,4.3,3.5,+1.7,41,33,26,1,80,Matches
Alexis Mac Allister,314,arARG,MF,Liverpool,26-136,1998,28.6,1260,1509,83.5,20147,5698,650,721,90.2,489,553,88.4,88,158,55.7,5,4.6,5.6,+0.4,44,121,34,2,174,Matches
Alfie Dorrington,145,engENG,DF,Tottenham,20-019,2005,0.2,15,16,93.8,304,39,6,7,85.7,7,7,100.0,2,2,100.0,0,0.0,0.0,0.0,0,0,0,0,0,Matches
Alfie Pond,415,engENG,DF,Wolves,21-069,2004,0.0,1,1,100.0,23,0,0,0,N/a,1,1,100.0,0,0,N/a,0,0.0,0.0,0.0,0,0,0,0,0,Matches
Ali Al Hamadi,225,iqIRQ,FW,Ipswich Town,23-069,2002,1.5,25,30,83.3,278,29,20,23,87.0,5,7,71.4,0,0,N/a,0,0.1,0.0,-0.1,2,0,0,0,3,Matches
Alisson,16,brBRA,GK,Liverpool,32-219,1992,24.9,681,815,83.6,14999,9692,205,207,99.0,360,365,98.6,115,239,48.1,0,0.6,0.2,-0.6,1,11,0,0,0,Matches
Alphonse Areola,31,frFRA,GK,West Ham,32-071,1993,23.1,633,913,69.3,16971,11613,137,138,99.3,306,321,95.3,187,443,42.2,0,0.0,0.0,0.0,0,10,0,0,0,Matches
Altay Bayındır,48,trTUR,GK,Manchester Utd,27-025,1998,2.0,61,110,55.5,1625,873,7,7,100.0,35,38,92.1,19,63,30.2,0,0.0,0.0,0.0,0,1,0,0,0,Matches
Amad Diallo,131,ciCIV,"FW,MF",Manchester Utd,22-302,2002,18.2,676,815,82.9,9329,1915,417,461,90.5,192,225,85.3,34,64,53.1,6,4.0,3.7,+2.0,40,25,30,5,55,Matches
Amadou Onana,392,beBEL,MF,Aston Villa,23-266,2001,15.3,607,686,88.5,9552,2430,312,331,94.3,255,284,89.8,27,37,73.0,0,0.3,0.6,-0.3,8,56,9,1,60,Matches
Andreas Pereira,407,brBRA,MF,Fulham,29-128,1996,20.9,641,931,68.9,11658,3703,296,354,83.6,245,313,78.3,87,212,41.0,4,4.5,4.3,-0.5,56,64,19,4,99,Matches
Andrew Robertson,433,sctSCO,DF,Liverpool,31-059,1994,25.6,1456,1754,83.0,24521,7781,713,758,94.1,623,718,86.8,103,220,46.8,0,4.1,3.9,-4.1,38,144,28,16,165,Matches
André,26,brBRA,MF,Wolves,23-297,2001,25.0,1111,1197,92.8,17503,4913,568,596,95.3,431,452,95.4,68,85,80.0,0,0.7,0.6,-0.7,15,101,4,0,95,Matches
André Onana,393,cmCMR,GK,Manchester Utd,29-037,1996,33.0,920,1259,73.1,21868,13211,218,220,99.1,511,516,99.0,186,513,36.3,0,0.2,0.2,-0.2,1,24,0,0,1,Matches
Andrés García,193,esESP,"DF,MF",Aston Villa,22-091,2003,3.5,174,201,86.6,2725,577,89,96,92.7,74,82,90.2,7,13,53.8,0,0.2,0.4,-0.2,3,9,8,5,15,Matches
Andy Irving,249,sctSCO,MF,West Ham,24-361,2000,1.8,109,124,87.9,1705,439,61,64,95.3,36,43,83.7,9,9,100.0,0,0.2,0.1,-0.2,1,14,1,1,9,Matches
Anthony Elanga,160,seSWE,"FW,MF",Nott'ham Forest,23-012,2002,24.8,479,735,65.2,6909,2292,289,349,82.8,127,198,64.1,38,115,33.0,9,4.8,4.2,+4.2,44,29,24,7,54,Matches
Anthony Gordon,208,engENG,FW,Newcastle Utd,24-074,2001,24.8,671,916,73.3,10367,3422,373,434,85.9,226,289,78.2,51,118,43.2,5,4.9,4.9,+0.1,50,61,52,17,93,Matches
Antoine Semenyo,461,ghGHA,FW,Bournemouth,25-122,2000,32.6,737,1007,73.2,10554,2740,442,522,84.7,235,307,76.5,32,83,38.6,5,5.8,4.2,-0.8,45,48,44,8,106,Matches
Antonee Robinson,434,usUSA,DF,Fulham,27-274,1997,33.2,1523,1987,76.6,26058,9482,732,844,86.7,644,815,79.0,128,227,56.4,10,4.1,4.0,+5.9,42,113,54,28,123,Matches
Antony,28,brBRA,"DF,MF",Manchester Utd,25-074,2000,1.6,56,69,81.2,688,111,45,51,88.2,9,14,64.3,1,1,100.0,0,0.1,0.2,-0.1,3,1,5,2,6,Matches
Antonín Kinský,283,czCZE,GK,Tottenham,22-057,2003,4.0,116,145,80.0,2699,1686,17,17,100.0,73,76,96.1,23,48,47.9,0,0.1,0.0,-0.1,1,2,0,0,1,Matches
Archie Gray,210,engENG,"DF,MF",Tottenham,19-058,2006,16.5,939,1065,88.2,16414,5046,360,390,92.3,511,551,92.7,55,93,59.1,0,0.1,0.2,-0.1,2,39,0,0,34,Matches
Arijanet Muric,366,xkKVX,GK,Ipswich Town,26-183,1998,18.0,454,633,71.7,11705,8247,122,122,100.0,215,221,97.3,115,283,40.6,0,0.0,0.0,0.0,0,14,0,0,1,Matches
Armando Broja,70,alALB,FW,Everton,23-241,2001,3.7,53,73,72.6,594,101,35,45,77.8,10,12,83.3,2,3,66.7,0,0.2,0.1,-0.2,4,3,0,0,2,Matches
Armel Bella Kotchap,50,deGER,DF,Southampton,23-149,2001,3.7,202,224,90.2,3829,956,65,66,98.5,119,123,96.7,16,29,55.2,0,0.0,0.0,0.0,0,6,0,0,5,Matches
Asher Agbinone,7,engENG,MF,Crystal Palace,19-223,2005,0.1,2,3,66.7,32,0,1,1,100.0,1,2,50.0,0,0,N/a,0,0.0,0.0,0.0,1,0,0,0,0,Matches
Ashley Young,564,engENG,"DF,FW",Everton,39-304,1985,18.0,610,873,69.9,11228,5051,292,332,88.0,237,312,76.0,75,186,40.3,3,1.6,1.9,+1.4,19,72,18,9,83,Matches
Axel Disasi,137,frFRA,DF,Aston Villa,27-059,1998,5.4,243,280,86.8,4080,1517,103,109,94.5,131,146,89.7,8,15,53.3,0,0.4,0.3,-0.4,3,14,3,0,16,Matches
Axel Tuanzebe,520,cdCOD,DF,Ipswich Town,27-176,1997,16.1,538,648,83.0,8269,3189,296,325,91.1,207,253,81.8,23,41,56.1,1,0.3,0.2,+0.7,4,50,3,0,46,Matches
Ayden Heaven,230,engENG,DF,Manchester Utd,18-229,2006,1.1,40,49,81.6,695,185,14,17,82.4,24,27,88.9,1,3,33.3,0,0.0,0.0,0.0,0,2,0,0,2,Matches
Bart Verbruggen,530,nlNED,GK,Brighton,22-264,2002,33.0,938,1219,76.9,22231,15102,267,269,99.3,442,450,98.2,224,488,45.9,1,0.0,0.0,+1.0,1,18,1,0,2,Matches
Ben Brereton,68,clCHI,FW,Southampton,26-021,1999,5.0,128,166,77.1,1836,383,83,95,87.4,36,53,67.9,7,11,63.6,0,0.1,0.1,-0.1,3,9,2,1,9,Matches
Ben Chilwell,96,engENG,DF,Crystal Palace,28-139,1996,1.5,45,69,65.2,618,155,26,31,83.9,16,25,64.0,1,9,11.1,0,0.2,0.3,-0.2,2,4,2,0,3,Matches
Ben Davies,122,wlsWAL,DF,Tottenham,32-015,1993,12.5,797,906,88.0,14950,5958,267,294,90.8,445,472,94.3,70,111,63.1,0,0.2,0.5,-0.2,2,43,2,0,50,Matches
Ben Godfrey,199,engENG,DF,Ipswich Town,27-114,1998,1.8,47,57,82.5,657,255,30,33,90.9,16,18,88.9,0,0,N/a,0,0.0,0.0,0.0,0,5,1,0,4,Matches
Ben Johnson,263,engENG,"DF,FW",Ipswich Town,25-105,2000,15.0,296,414,71.5,4812,2035,168,195,86.2,101,135,74.8,24,49,49.0,2,1.3,0.9,+0.7,12,21,3,2,26,Matches
Ben Mee,342,engENG,DF,Brentford,35-230,1989,2.0,93,120,77.5,1751,688,34,38,89.5,51,60,85.0,8,20,40.0,0,0.0,0.0,0.0,0,10,0,0,11,Matches
Ben White,548,engENG,DF,Arsenal,27-213,1997,10.5,449,537,83.6,7272,2494,230,249,92.4,187,221,84.6,22,45,48.9,1,0.8,0.7,+0.2,7,39,8,1,44,Matches
Ben Winterburn,556,engENG,"FW,MF",Bournemouth,20-247,2004,0.3,5,7,71.4,93,44,2,3,66.7,3,4,75.0,0,0,N/a,0,0.0,0.0,0.0,0,0,0,0,0,Matches
Benoît Badiashile,42,frFRA,DF,Chelsea,24-044,2001,3.7,273,304,89.8,4820,1473,111,119,93.3,135,144,93.8,21,32,65.6,0,0.0,0.1,0.0,0,37,1,0,17,Matches
Bernardo Silva,466,ptPOR,"MF,FW",Manchester City,30-272,1994,26.7,1370,1573,87.1,20876,3837,765,830,92.2,503,569,88.4,72,108,66.7,4,4.4,3.8,-0.4,47,75,33,7,115,Matches
Bernd Leno,299,deGER,GK,Fulham,33-066,1992,35.0,1060,1301,81.5,25878,15530,210,211,99.5,629,636,98.9,209,440,47.5,1,0.1,0.1,+0.9,2,16,2,0,0,Matches
Beto,57,gwGNB,FW,Everton,27-098,1998,14.1,124,217,57.1,1676,185,74,109,67.9,34,68,50.0,7,8,87.5,0,0.8,0.3,-0.8,8,5,4,1,10,Matches
Bilal El Khannouss,279,maMAR,MF,Leicester City,20-364,2004,22.3,735,978,75.2,13072,3695,346,402,86.1,286,355,80.6,86,151,57.0,3,4.1,2.8,-1.1,36,83,28,6,119,Matches
Billy Gilmour,198,sctSCO,MF,Brighton,23-332,2001,1.1,58,67,86.6,980,346,36,38,94.7,18,22,81.8,4,7,57.1,0,0.0,0.0,0.0,0,12,2,0,11,Matches
Bobby De Cordova-Reid,126,jmJAM,FW,Leicester City,32-096,1993,8.3,145,206,70.4,1883,587,88,108,81.5,39,53,73.6,5,15,33.3,2,1.2,0.2,+0.8,6,9,5,0,15,Matches
Boubacar Kamara,273,frFRA,MF,Aston Villa,25-167,1999,16.3,738,827,89.2,11638,3651,381,408,93.4,313,341,91.8,31,57,54.4,0,0.9,0.7,-0.9,10,82,8,0,74,Matches
Boubacar Traoré,514,mlMLI,MF,Wolves,23-262,2001,0.0,0,0,N/a,0,0,0,0,N/a,0,0,N/a,0,0,N/a,0,0.0,0.0,0.0,0,0,0,0,0,Matches
Boubakary Soumaré,480,frFRA,MF,Leicester City,26-071,1999,21.8,985,1136,86.7,14936,4024,537,584,92.0,382,436,87.6,38,55,69.1,0,0.4,0.9,-0.4,11,90,13,2,95,Matches
Brajan Gruda,213,deGER,"FW,MF",Brighton,20-343,2004,5.6,139,189,73.5,1879,639,90,109,82.6,32,45,71.1,9,22,40.9,3,1.5,1.1,+1.5,15,7,10,1,17,Matches
Brandon Austin,37,engENG,GK,Tottenham,26-121,1999,1.0,22,32,68.8,526,386,7,7,100.0,9,9,100.0,6,16,37.5,0,0.0,0.0,0.0,0,0,0,0,0,Matches
Brennan Johnson,264,wlsWAL,FW,Tottenham,23-351,2001,23.1,438,617,71.0,5790,1591,268,333,80.5,140,185,75.7,11,32,34.4,3,2.3,2.0,+0.7,19,25,35,6,70,Matches
Bruno Fernandes,179,ptPOR,MF,Manchester Utd,30-243,1994,30.6,1522,2024,75.2,26743,9407,732,844,86.7,547,680,80.4,190,361,52.6,9,7.6,7.0,+1.4,84,176,73,11,281,Matches
Bruno Guimarães,218,brBRA,MF,Newcastle Utd,27-174,1997,33.4,1334,1625,82.1,22040,7192,656,724,90.6,532,608,87.5,104,183,56.8,6,5.8,5.1,+0.2,47,162,70,6,247,Matches
Bryan Mbeumo,335,cmCMR,FW,Brentford,25-275,1999,34.9,809,1214,66.6,12856,3990,445,563,79.0,289,401,72.1,61,165,37.0,6,8.0,8.8,-2.0,66,55,55,16,128,Matches
Bukayo Saka,443,engENG,"FW,MF",Arsenal,23-246,2001,17.1,488,649,75.2,7524,2184,290,322,90.1,141,193,73.1,41,86,47.7,10,6.8,6.9,+3.2,50,13,32,10,62,Matches
Caleb Kporha,289,engENG,DF,Crystal Palace,18-298,2006,0.1,5,7,71.4,72,21,4,4,100.0,0,2,0.0,1,1,100.0,0,0.0,0.0,0.0,0,0,1,1,0,Matches
Caleb Okoli,390,itITA,DF,Leicester City,23-300,2001,12.5,558,646,86.4,9738,3849,242,265,91.3,273,300,91.0,36,65,55.4,0,0.0,0.2,0.0,0,21,1,0,32,Matches
Callum Hudson-Odoi,241,engENG,"FW,MF",Nott'ham Forest,24-183,2000,23.9,674,820,82.2,9918,1991,396,430,92.1,207,253,81.8,43,84,51.2,2,2.7,2.6,-0.7,44,36,31,11,66,Matches
Callum Wilson,553,engENG,FW,Newcastle Utd,33-071,1992,3.2,28,40,70.0,394,77,14,18,77.8,12,15,80.0,0,0,N/a,0,0.1,0.0,-0.1,1,1,0,0,3,Matches
Calvin Bassey,47,ngNGA,DF,Fulham,25-129,1999,32.2,1822,2030,89.8,32168,11248,770,810,95.1,892,949,94.0,131,213,61.5,0,0.1,0.4,-0.1,3,143,2,0,107,Matches
Cameron Archer,30,engENG,FW,Southampton,23-292,2001,15.3,189,233,81.1,2474,337,119,139,85.6,53,58,91.4,5,9,55.6,0,0.4,0.6,-0.4,3,6,7,0,14,Matches
Cameron Burgess,75,auAUS,DF,Ipswich Town,29-200,1995,16.1,590,729,80.9,10830,5211,240,264,90.9,280,322,87.0,62,122,50.8,2,0.5,0.4,+1.5,7,45,4,0,41,Matches
Caoimhín Kelleher,276,ieIRL,GK,Liverpool,26-167,1998,10.0,289,382,75.7,6252,3968,99,99,100.0,147,147,100.0,43,135,31.9,0,0.0,0.0,0.0,0,6,0,0,0,Matches
Carlos Alcaraz,13,arARG,MF,Southampton,22-160,2002,0.1,13,13,100.0,221,66,7,7,100.0,4,4,100.0,2,2,100.0,0,0.1,0.0,-0.1,1,4,1,1,6,Matches
Carlos Baleba,44,cmCMR,MF,Brighton,21-126,2004,26.7,1048,1202,87.2,17638,4406,499,539,92.6,442,482,91.7,86,138,62.3,1,1.3,1.2,-0.3,20,103,22,2,111,Matches
Carlos Forbs,185,ptPOR,"MF,FW",Wolves,21-051,2004,2.7,60,91,65.9,788,228,39,51,76.5,19,26,73.1,1,5,20.0,0,0.0,0.1,0.0,1,2,3,1,8,Matches
Carlos Soler,476,esESP,"MF,FW",West Ham,28-127,1997,15.1,536,630,85.1,8360,2241,288,305,94.4,202,236,85.6,29,54,53.7,1,1.2,1.3,-0.2,14,41,11,0,52,Matches
Carlos Vinícius,533,brBRA,"MF,FW",Fulham,30-045,1995,0.2,1,3,33.3,14,0,1,2,50.0,0,0,N/a,0,0,N/a,0,0.0,0.0,0.0,0,0,0,0,0,Matches
Casemiro,86,brBRA,MF,Manchester Utd,33-075,1992,14.8,670,854,78.5,11089,3522,318,368,86.4,267,319,83.7,58,97,59.8,0,2.3,1.9,-2.3,20,68,20,6,70,Matches
Chadi Riad,429,maMAR,DF,Crystal Palace,21-326,2003,1.0,70,82,85.4,1411,568,24,28,85.7,38,41,92.7,8,13,61.5,0,0.0,0.0,0.0,0,8,1,0,7,Matches
Charlie Taylor,498,engENG,DF,Southampton,31-233,1993,3.0,154,177,87.0,2691,691,63,67,94.0,77,86,89.5,12,17,70.6,0,0.1,0.1,-0.1,1,8,2,1,8,Matches
Cheick Doucouré,147,mlMLI,MF,Crystal Palace,25-121,2000,5.0,174,204,85.3,2909,823,84,94,89.4,70,78,89.7,16,20,80.0,0,0.0,0.1,0.0,1,17,3,0,19,Matches
Chidozie Obi-Martin,387,dkDEN,FW,Manchester Utd,17-161,2007,1.7,19,23,82.6,247,46,9,10,90.0,7,9,77.8,1,2,50.0,0,0.0,0.0,0.0,0,1,0,0,1,Matches
Chiedozie Ogbene,389,ieIRL,FW,Ipswich Town,28-008,1997,2.6,32,43,74.4,415,27,20,24,83.3,8,10,80.0,1,1,100.0,0,0.1,0.0,-0.1,2,0,0,0,0,Matches
Chiquinho,97,ptPOR,MF,Wolves,25-093,2000,0.1,3,3,100.0,71,22,1,1,100.0,1,1,100.0,1,1,100.0,0,0.0,0.0,0.0,1,0,1,1,0,Matches
Chris Richards,431,usUSA,DF,Crystal Palace,25-042,2000,18.4,609,759,80.2,10779,3832,250,283,88.3,300,335,89.6,48,107,44.9,0,0.1,0.6,-0.1,2,22,1,1,35,Matches
Chris Wood,558,nzNZL,FW,Nott'ham Forest,33-153,1991,29.9,290,440,65.9,4048,879,176,252,69.8,78,116,67.2,16,22,72.7,3,2.5,1.4,+0.5,19,16,9,1,36,Matches
Christian Eriksen,166,dkDEN,MF,Manchester Utd,33-084,1992,11.4,569,719,79.1,9538,2975,305,331,92.1,184,228,80.7,59,124,47.6,2,2.9,2.2,-0.9,27,53,11,4,53,Matches
Christian Nørgaard,383,dkDEN,MF,Brentford,31-060,1994,28.3,1049,1290,81.3,17392,5800,523,601,87.0,440,517,85.1,68,116,58.6,3,1.0,1.2,+2.0,17,128,24,4,133,Matches
Christian Walton,536,engENG,GK,Ipswich Town,29-181,1995,6.0,152,226,67.3,4170,2976,41,41,100.0,69,71,97.2,42,114,36.8,0,0.0,0.0,0.0,1,1,0,0,0,Matches
Christopher Nkunku,378,frFRA,FW,Chelsea,27-176,1997,10.2,299,334,89.5,3928,760,185,202,91.6,95,103,92.2,6,6,100.0,2,2.1,1.0,-0.1,14,26,7,0,25,Matches
Cody Gakpo,191,nlNED,FW,Liverpool,26-002,1999,19.1,439,579,75.8,6279,1564,271,313,86.6,137,206,66.5,17,31,54.8,3,3.5,3.2,-0.5,33,22,27,8,52,Matches
Cole Palmer,402,engENG,MF,Chelsea,23-003,2002,32.5,1044,1357,76.9,19884,5288,434,505,85.9,425,501,84.8,161,269,59.9,8,10.0,8.5,-2.0,82,153,61,17,200,Matches
Conor Bradley,65,nirNIR,DF,Liverpool,21-304,2003,6.3,377,449,84.0,5606,1450,220,240,91.7,139,158,88.0,11,31,35.5,1,0.5,0.6,+0.5,5,20,3,1,26,Matches
Conor Chaplin,93,engENG,"MF,FW",Ipswich Town,28-082,1997,7.9,186,256,72.7,2998,762,89,110,80.9,84,106,79.2,8,20,40.0,1,0.7,0.6,+0.3,8,20,7,2,26,Matches
Conor Coady,103,engENG,DF,Leicester City,32-073,1993,16.0,829,912,90.9,14352,5362,353,364,97.0,424,439,96.6,48,91,52.7,0,0.1,0.5,-0.1,1,32,2,0,30,Matches
Conor Townsend,512,engENG,DF,Ipswich Town,32-066,1993,3.7,80,127,63.0,1418,756,32,39,82.1,41,55,74.5,7,24,29.2,1,0.7,0.2,+0.3,4,7,2,2,8,Matches
Craig Dawson,124,engENG,DF,Wolves,35-003,1990,10.8,484,559,86.6,9745,3180,149,161,92.5,267,287,93.0,57,95,60.0,0,0.0,0.1,0.0,2,22,1,0,20,Matches
Cristian Romero,440,arARG,DF,Tottenham,27-012,1998,15.7,1094,1223,89.5,20402,8197,370,405,91.4,630,665,94.7,80,126,63.5,0,0.6,0.8,-0.6,7,109,8,1,71,Matches
Crysencio Summerville,492,nlNED,"FW,MF",West Ham,23-191,2001,8.7,194,254,76.4,2881,640,125,148,84.5,55,62,88.7,11,22,50.0,1,1.7,1.7,-0.7,17,13,12,5,18,Matches
Curtis Jones,266,engENG,"MF,DF",Liverpool,24-099,2001,17.0,911,976,93.3,13290,2696,524,541,96.9,331,357,92.7,33,44,75.0,3,1.0,1.5,+2.0,19,70,17,0,95,Matches
Daichi Kamada,272,jpJPN,MF,Crystal Palace,28-277,1996,15.8,541,678,79.8,8735,2248,286,325,88.0,213,258,82.6,31,53,58.5,0,1.8,1.4,-1.8,19,42,13,2,80,Matches
Dan Burn,76,engENG,DF,Newcastle Utd,33-000,1992,34.0,1630,1834,88.9,29674,10371,571,632,90.3,948,1001,94.7,98,160,61.3,0,0.9,1.0,-0.9,8,39,7,0,59,Matches
Dane Scarlett,454,engENG,"FW,MF",Tottenham,21-046,2004,0.4,3,5,60.0,37,20,2,2,100.0,1,1,100.0,0,1,0.0,1,0.0,0.0,+1.0,1,0,0,0,1,Matches
Dango Ouattara,399,bfBFA,FW,Bournemouth,23-087,2002,22.3,367,612,60.0,5725,1706,210,288,72.9,120,193,62.2,25,67,37.3,4,5.5,3.3,-1.5,35,21,26,11,43,Matches
Daniel Bentley,53,engENG,GK,Wolves,31-300,1993,1.0,20,34,58.8,552,422,2,2,100.0,12,12,100.0,6,20,30.0,0,0.0,0.0,0.0,0,0,0,0,0,Matches
Daniel Jebbison,256,engENG,FW,Bournemouth,21-269,2003,0.9,26,32,81.3,232,36,17,19,89.5,1,1,100.0,0,1,0.0,0,0.2,0.1,-0.2,3,1,1,0,3,Matches
Daniel Muñoz,365,coCOL,DF,Crystal Palace,28-348,1996,32.9,1052,1391,75.6,16013,4812,594,695,85.5,394,511,77.1,44,100,44.0,4,4.5,3.2,-0.5,41,53,33,14,89,Matches
Daniel Podence,414,ptPOR,"MF,FW",Wolves,29-200,1995,0.5,11,16,68.8,132,78,7,7,100.0,3,3,100.0,0,2,0.0,0,0.0,0.0,0.0,0,1,1,0,2,Matches
Danilo,119,brBRA,"MF,FW",Nott'ham Forest,24-010,2001,3.0,89,114,78.1,1435,534,43,51,84.3,36,43,83.7,6,10,60.0,0,0.0,0.0,0.0,0,13,0,0,11,Matches
Danny Ings,247,engENG,"FW,MF",West Ham,32-290,1992,3.2,63,92,68.5,830,126,41,49,83.7,19,29,65.5,1,5,20.0,2,1.3,0.1,+0.7,6,4,1,0,5,Matches
Danny Ward,538,wlsWAL,GK,Leicester City,31-321,1993,1.5,41,53,77.4,1162,949,6,6,100.0,20,20,100.0,15,27,55.6,0,0.0,0.0,0.0,0,2,0,0,0,Matches
Danny Welbeck,544,engENG,FW,Brighton,34-164,1990,21.6,368,437,84.2,4306,863,245,284,86.3,80,92,87.0,9,9,100.0,4,1.2,1.3,+2.8,19,17,13,0,42,Matches
Dara O'Shea,386,ieIRL,DF,Ipswich Town,26-066,1999,31.7,1112,1432,77.7,22113,9691,357,412,86.7,621,732,84.8,123,246,50.0,2,0.5,0.7,+1.5,3,83,3,1,71,Matches
Darwin Núñez,381,uyURU,FW,Liverpool,25-319,1999,11.7,151,214,70.6,2248,546,82,102,80.4,46,63,73.0,12,18,66.7,2,1.2,0.4,+0.8,9,9,2,0,27,Matches
David Brooks,71,wlsWAL,"FW,MF",Bournemouth,27-305,1997,9.2,245,330,74.2,3790,1131,139,164,84.8,80,105,76.2,19,37,51.4,0,1.7,1.7,-1.7,16,15,15,5,27,Matches
David Raya,424,esESP,GK,Arsenal,29-236,1995,35.0,979,1312,74.6,23137,15900,274,277,98.9,507,516,98.3,196,513,38.2,0,0.0,0.1,0.0,0,41,2,0,13,Matches
Dean Henderson,233,engENG,GK,Crystal Palace,28-058,1997,35.0,682,1111,61.4,18786,12431,163,164,99.4,324,326,99.4,191,616,31.0,0,0.1,0.1,-0.1,2,21,1,0,0,Matches
Dean Huijsen,243,esESP,DF,Bournemouth,20-025,2005,24.8,1204,1444,83.4,24235,9618,389,437,89.0,644,703,91.6,160,270,59.3,1,2.0,1.5,-1.0,14,146,7,2,116,Matches
Declan Rice,430,engENG,MF,Arsenal,26-115,1999,29.4,1304,1562,83.5,22238,5871,641,697,92.0,525,580,90.5,112,229,48.9,7,6.5,5.5,+0.5,56,126,35,5,180,Matches
Dejan Kulusevski,292,seSWE,"MF,FW",Tottenham,25-014,2000,26.3,656,891,73.6,9184,2903,393,456,86.2,202,259,78.0,32,79,40.5,4,6.2,3.9,-2.2,65,62,52,6,123,Matches
Destiny Udogie,521,itITA,DF,Tottenham,22-162,2002,20.4,947,1084,87.4,13710,4612,533,584,91.3,359,397,90.4,24,30,80.0,1,1.5,1.2,-0.5,16,88,6,1,120,Matches
Diego Carlos,84,brBRA,DF,Aston Villa,32-055,1993,9.2,534,603,88.6,10941,4103,138,151,91.4,341,362,94.2,54,83,65.1,0,0.0,0.1,0.0,0,23,1,0,34,Matches
Diego Gómez,205,pyPAR,MF,Brighton,22-043,2003,4.9,206,261,78.9,3195,743,115,135,85.2,74,89,83.1,12,23,52.2,0,0.5,0.8,-0.5,5,12,5,1,20,Matches
Diogo Dalot,117,ptPOR,DF,Manchester Utd,26-052,1999,31.0,1336,1659,80.5,21497,6609,691,769,89.9,519,634,81.9,93,168,55.4,3,2.0,2.5,+1.0,26,61,25,8,102,Matches
Diogo Jota,268,ptPOR,FW,Liverpool,28-156,1996,12.8,205,294,69.7,3120,750,109,143,76.2,72,96,75.0,13,21,61.9,3,1.8,1.1,+1.2,11,29,3,1,33,Matches
Divin Mubama,361,engENG,FW,Manchester City,20-196,2004,0.3,2,3,66.7,44,18,1,1,100.0,0,0,N/a,1,1,100.0,0,0.0,0.0,0.0,0,0,0,0,1,Matches
Djed Spence,481,engENG,DF,Tottenham,24-273,2000,17.8,923,1079,85.5,13205,3957,539,575,93.7,321,374,85.8,31,60,51.7,2,1.8,1.4,+0.2,11,74,18,8,100,Matches
Dominic Calvert-Lewin,83,engENG,FW,Everton,28-054,1997,17.6,177,282,62.8,2075,488,128,183,69.9,36,61,59.0,3,8,37.5,1,0.6,0.7,+0.4,7,19,5,1,19,Matches
Dominic Solanke,475,engENG,FW,Tottenham,27-237,1997,23.5,250,352,71.0,3344,914,153,201,76.1,64,83,77.1,12,18,66.7,3,2.9,1.1,+0.1,14,27,9,0,45,Matches
Dominik Szoboszlai,494,huHUN,MF,Liverpool,24-196,2000,25.3,1029,1216,84.6,15917,3194,562,630,89.2,333,377,88.3,83,115,72.2,5,6.2,5.1,-1.2,51,80,31,5,118,Matches
Donyell Malen,322,nlNED,FW,Aston Villa,26-120,1999,3.3,48,69,69.6,658,124,30,36,83.3,13,18,72.2,3,6,50.0,0,0.1,0.1,-0.1,2,2,1,0,5,Matches
Dwight McNeil,340,engENG,"MF,FW",Everton,25-168,1999,14.0,420,570,73.7,7795,2568,195,225,86.7,148,181,81.8,67,128,52.3,4,3.8,3.9,+0.2,33,38,33,10,63,Matches
Eberechi Eze,172,engENG,"MF,FW",Crystal Palace,26-314,1998,27.0,735,987,74.5,12395,3261,361,428,84.3,284,340,83.5,70,156,44.9,8,5.2,3.8,+2.8,54,47,35,4,89,Matches
Eddie Nketiah,377,engENG,"FW,MF",Crystal Palace,25-344,1999,9.9,166,223,74.4,2483,511,89,112,79.5,55,68,80.9,12,17,70.6,1,1.6,0.8,-0.6,12,11,4,0,17,Matches
Ederson,154,brBRA,GK,Manchester City,31-265,1993,22.8,730,828,88.2,17943,11813,129,129,100.0,421,428,98.4,177,267,66.3,4,1.5,0.2,+2.5,4,20,1,0,1,Matches
Edmond-Paris Maghoma,318,engENG,"MF,FW",Brentford,24-001,2001,1.3,76,84,90.5,1259,343,38,40,95.0,29,31,93.5,6,7,85.7,0,0.1,0.0,-0.1,1,2,0,0,13,Matches
Edson Álvarez,18,mxMEX,MF,West Ham,27-197,1997,18.1,763,890,85.7,12894,3657,372,419,88.8,322,359,89.7,61,83,73.5,1,0.8,0.8,+0.2,11,80,11,3,75,Matches
Eiran Cashin,89,ieIRL,DF,Brighton,23-181,2001,0.2,23,28,82.1,407,196,9,10,90.0,13,13,100.0,1,5,20.0,0,0.0,0.0,0.0,0,5,0,0,6,Matches
Elliot Anderson,25,engENG,MF,Nott'ham Forest,22-184,2002,27.4,949,1223,77.6,15198,5277,500,561,89.1,347,432,80.3,69,151,45.7,6,3.1,3.3,+2.9,34,105,19,2,128,Matches
Emerson Palmieri,403,itITA,DF,West Ham,30-279,1994,23.4,859,1075,79.9,12521,4536,513,572,89.7,283,348,81.3,43,102,42.2,1,1.5,2.2,-0.5,16,51,13,5,66,Matches
Emi Buendía,72,arARG,"MF,FW",Aston Villa,28-135,1996,1.1,49,60,81.7,624,166,33,36,91.7,12,14,85.7,1,5,20.0,0,0.0,0.0,0.0,1,4,1,0,7,Matches
Emil Krafth,290,seSWE,DF,Newcastle Utd,30-280,1994,3.2,104,130,80.0,1661,734,49,60,81.7,46,53,86.8,5,10,50.0,0,0.1,0.0,-0.1,1,6,0,0,7,Matches
Emile Smith Rowe,474,engENG,MF,Fulham,24-285,2000,21.0,844,937,90.1,12107,2312,489,531,92.1,313,328,95.4,19,27,70.4,2,1.1,1.7,+0.9,18,76,15,1,120,Matches
Emiliano Martínez,328,arARG,GK,Aston Villa,32-249,1992,33.0,1018,1287,79.1,26608,16192,180,184,97.8,590,601,98.2,248,495,50.1,0,0.5,0.1,-0.5,2,24,0,0,4,Matches
Emmanuel Agbadou,6,ciCIV,DF,Wolves,27-326,1997,12.7,663,780,85.0,13505,4751,210,229,91.7,358,386,92.7,89,146,61.0,0,0.2,0.3,-0.2,4,26,1,0,22,Matches
Enes Ünal,524,trTUR,"FW,MF",Bournemouth,27-364,1997,3.8,63,99,63.6,685,192,40,52,76.9,17,28,60.7,0,1,0.0,1,0.4,0.3,+0.6,4,4,4,0,12,Matches
Enzo Fernández,181,arARG,MF,Chelsea,24-112,2001,29.7,1429,1786,80.0,25393,7117,653,734,89.0,590,694,85.0,153,264,58.0,7,6.5,6.1,+0.5,73,156,39,7,199,Matches
Eric da Silva Moreira,468,deGER,"MF,DF",Nott'ham Forest,19-006,2006,0.3,7,8,87.5,86,7,6,7,85.7,1,1,100.0,0,0,N/a,0,0.0,0.0,0.0,0,0,0,0,0,Matches
Erling Haaland,223,noNOR,FW,Manchester City,24-292,2000,27.6,225,341,66.0,2706,532,156,221,70.6,50,75,66.7,4,6,66.7,3,2.8,1.8,+0.2,26,9,7,1,18,Matches
Ethan Nwaneri,382,engENG,"FW,MF",Arsenal,18-049,2007,9.1,307,383,80.2,4430,1147,194,211,91.9,83,108,76.9,18,35,51.4,2,1.0,1.7,+1.0,12,16,13,6,30,Matches
Ethan Pinnock,413,jmJAM,DF,Brentford,31-345,1993,21.3,924,1080,85.6,17045,6094,360,382,94.2,472,528,89.4,84,145,57.9,0,1.2,0.7,-1.2,8,48,4,1,41,Matches
Evan Ferguson,177,ieIRL,FW,West Ham,20-202,2004,1.7,28,37,75.7,375,21,21,26,80.8,5,7,71.4,1,2,50.0,0,0.3,0.3,-0.3,2,1,0,0,1,Matches
Evanilson,169,brBRA,FW,Bournemouth,25-215,1999,22.9,215,307,70.0,2631,580,137,182,75.3,46,63,73.0,10,15,66.7,1,1.6,1.7,-0.6,23,14,3,0,24,Matches
Ezri Konsa,287,engENG,DF,Aston Villa,27-198,1997,29.6,1425,1535,92.8,23907,7947,621,644,96.4,733,766,95.7,55,84,65.5,0,0.4,0.5,-0.4,5,95,1,0,77,Matches
Fabian Schär,456,chSUI,DF,Newcastle Utd,33-140,1991,29.6,1518,1812,83.8,30536,11758,525,569,92.3,805,868,92.7,179,342,52.3,0,0.4,1.0,-0.4,5,145,10,0,102,Matches
Fabio Carvalho,85,ptPOR,"FW,MF",Brentford,22-252,2002,5.1,126,178,70.8,1755,442,78,94,83.0,32,45,71.1,7,18,38.9,1,0.7,0.6,+0.3,4,11,5,1,17,Matches
Facundo Buonanotte,74,arARG,"FW,MF",Leicester City,20-137,2004,16.4,430,561,76.6,6782,1709,234,273,85.7,145,177,81.9,35,72,48.6,2,3.1,2.3,-1.1,24,40,13,2,52,Matches
Federico Chiesa,95,itITA,FW,Liverpool,27-196,1997,0.5,22,26,84.6,257,63,16,17,94.1,4,6,66.7,1,1,100.0,0,0.0,0.1,0.0,0,3,0,0,2,Matches
Ferdi Kadioglu,271,trTUR,"DF,MF",Brighton,25-214,1999,4.3,144,175,82.3,2372,698,73,82,89.0,61,74,82.4,9,14,64.3,0,0.2,0.3,-0.2,5,10,9,4,15,Matches
Filip Jørgensen,270,dkDEN,GK,Chelsea,23-023,2002,6.0,158,189,83.6,2843,1649,64,64,100.0,79,81,97.5,11,40,27.5,0,0.0,0.0,0.0,0,1,0,0,0,Matches
Flynn Downes,148,engENG,MF,Southampton,26-109,1999,20.9,890,988,90.1,13048,2626,508,548,92.7,316,343,92.1,33,48,68.8,0,1.1,1.4,-1.1,15,54,12,0,63,Matches
Frank Onyeka,395,ngNGA,MF,Brentford,27-128,1998,0.3,6,7,85.7,71,19,5,5,100.0,1,1,100.0,0,0,N/a,0,0.0,0.0,0.0,0,0,1,0,1,Matches
Fraser Forster,186,engENG,GK,Tottenham,37-053,1988,7.0,168,198,84.8,3349,2105,54,55,98.2,86,90,95.6,23,47,48.9,0,0.0,0.0,0.0,0,1,0,0,0,Matches
Gabriel Jesus,258,brBRA,FW,Arsenal,28-036,1997,6.8,156,203,76.8,2030,378,103,128,80.5,41,47,87.2,4,6,66.7,0,0.7,0.5,-0.7,8,10,9,1,19,Matches
Gabriel Magalhães,317,brBRA,DF,Arsenal,27-141,1997,26.3,1480,1641,90.2,25788,7938,598,617,96.9,782,830,94.2,83,154,53.9,1,0.9,1.2,+0.1,13,145,8,0,126,Matches
Gabriel Martinelli,327,brBRA,"FW,MF",Arsenal,23-325,2001,22.7,446,628,71.0,6480,1414,283,339,83.5,127,182,69.8,24,49,49.0,4,4.7,4.3,-0.7,37,11,32,13,47,Matches
George Edmundson,155,engENG,DF,Ipswich Town,27-251,1997,0.0,1,2,50.0,9,0,1,1,100.0,0,0,N/a,0,0,N/a,0,0.0,0.0,0.0,0,0,0,0,0,Matches
George Hirst,239,sctSCO,FW,Ipswich Town,26-083,1999,5.5,58,104,55.8,675,188,40,60,66.7,12,24,50.0,1,2,50.0,1,0.3,0.3,+0.7,4,1,4,0,13,Matches
Georginio Rutter,441,frFRA,"MF,FW",Brighton,23-019,2002,18.4,237,355,66.8,3344,1174,144,187,77.0,74,111,66.7,10,16,62.5,3,2.5,1.7,+0.5,19,30,16,1,67,Matches
Gonçalo Guedes,215,ptPOR,"MF,FW",Wolves,28-161,1996,8.7,192,264,72.7,3194,816,98,117,83.8,76,100,76.0,13,29,44.8,4,1.1,0.7,+2.9,11,13,17,5,31,Matches
Guglielmo Vicario,532,itITA,GK,Tottenham,28-214,1996,23.0,737,841,87.6,14516,8468,228,230,99.1,418,431,97.0,84,171,49.1,0,0.0,0.0,0.0,0,1,0,0,1,Matches
Guido Rodríguez,437,arARG,MF,West Ham,31-027,1994,11.3,419,498,84.1,7149,2000,201,230,87.4,180,197,91.4,32,51,62.7,0,0.1,0.1,-0.1,3,36,1,0,31,Matches
Gustavo Nunes,379,brBRA,"FW,MF",Brentford,19-170,2005,0.1,1,1,100.0,15,0,1,1,100.0,0,0,N/a,0,0,N/a,0,0.0,0.0,0.0,0,0,0,0,0,Matches
Hamza Choudhury,98,bdBAN,"MF,DF",Leicester City,27-220,1997,1.5,72,84,85.7,991,249,47,50,94.0,23,29,79.3,2,4,50.0,0,0.4,0.2,-0.4,2,10,1,1,3,Matches
Harrison Armstrong,34,engENG,MF,Everton,18-110,2007,0.5,7,15,46.7,149,15,3,4,75.0,2,5,40.0,2,4,50.0,0,0.1,0.0,-0.1,1,1,0,0,1,Matches
Harrison Reed,425,engENG,MF,Fulham,30-102,1995,1.2,39,55,70.9,550,138,21,24,87.5,13,17,76.5,2,5,40.0,0,0.1,0.1,-0.1,1,1,1,0,4,Matches
Harry Amass,20,engENG,DF,Manchester Utd,18-054,2007,2.8,121,146,82.9,1430,328,84,90,93.3,30,39,76.9,2,8,25.0,0,0.0,0.1,0.0,1,4,0,0,5,Matches
Harry Clarke,100,engENG,DF,Ipswich Town,24-068,2001,4.2,190,236,80.5,3442,1226,87,95,91.6,77,88,87.5,23,40,57.5,0,0.0,0.1,0.0,1,21,1,0,14,Matches
Harry Maguire,319,engENG,DF,Manchester Utd,32-065,1993,17.1,833,970,85.9,15479,5213,312,340,91.8,441,487,90.6,68,119,57.1,0,0.3,0.2,-0.3,6,43,3,0,43,Matches
Harry Toffolo,508,engENG,DF,Nott'ham Forest,29-263,1995,1.5,47,67,70.1,653,304,30,32,93.8,15,24,62.5,1,7,14.3,0,0.0,0.0,0.0,0,1,0,0,2,Matches
Harry Wilson,554,wlsWAL,"FW,MF",Fulham,28-048,1997,11.1,297,402,73.9,4995,1248,152,178,85.4,113,144,78.5,27,63,42.9,1,1.1,1.1,-0.1,19,25,13,1,48,Matches
Harry Winks,555,engENG,MF,Leicester City,29-096,1996,17.1,910,1045,87.1,14101,5048,471,511,92.2,362,397,91.2,44,76,57.9,2,1.2,1.5,+0.8,17,110,7,5,101,Matches
Harvey Barnes,46,engENG,FW,Newcastle Utd,27-151,1997,16.7,420,533,78.8,5863,1704,267,306,87.3,133,181,73.5,12,19,63.2,4,3.9,4.4,+0.1,23,22,36,8,72,Matches
Harvey Elliott,161,engENG,"MF,FW",Liverpool,22-035,2003,3.0,181,222,81.5,3087,724,98,107,91.6,60,74,81.1,17,25,68.0,1,0.9,0.6,+0.1,6,18,4,0,29,Matches
Hwang Hee-chan,232,krKOR,"MF,FW",Wolves,29-103,1996,7.2,159,195,81.5,2061,395,107,123,87.0,40,47,85.1,4,5,80.0,0,0.1,0.3,-0.1,3,7,4,2,12,Matches
Hákon Rafn Valdimarsson,419,isISL,GK,Brentford,23-208,2001,1.6,46,70,65.7,1445,1110,8,8,100.0,21,21,100.0,17,41,41.5,0,0.0,0.0,0.0,0,2,0,0,0,Matches
Ian Maatsen,313,nlNED,DF,Aston Villa,23-060,2002,10.6,530,648,81.8,8558,2218,258,292,88.4,237,274,86.5,25,46,54.3,2,2.7,2.3,-0.7,18,20,15,3,40,Matches
Ibrahim Sangaré,448,ciCIV,MF,Nott'ham Forest,27-158,1997,4.1,169,206,82.0,2544,797,95,105,90.5,59,69,85.5,10,18,55.6,1,0.4,0.1,+0.6,4,18,2,0,16,Matches
Ibrahima Konaté,286,frFRA,DF,Liverpool,25-349,1999,25.8,1581,1751,90.3,29259,10055,547,584,93.7,937,985,95.1,88,158,55.7,2,1.0,0.9,+1.0,10,125,8,0,103,Matches
Idrissa Gana Gueye,192,snSEN,MF,Everton,35-225,1989,31.0,1116,1290,86.5,18814,5021,560,616,90.9,446,492,90.7,94,131,71.8,3,1.7,1.9,+1.3,19,136,10,3,134,Matches
Igor,246,brBRA,DF,Brighton,27-091,1998,10.0,628,682,92.1,11358,3723,248,257,96.5,337,354,95.2,40,56,71.4,0,0.2,0.3,-0.2,1,35,2,1,44,Matches
Iliman Ndiaye,370,snSEN,FW,Everton,25-064,2000,25.0,543,672,80.8,8134,1660,317,368,86.1,179,208,86.1,34,50,68.0,0,1.6,1.2,-1.6,17,35,14,5,50,Matches
Illia Zabarnyi,565,uaUKR,DF,Bournemouth,22-250,2002,31.6,1262,1546,81.6,26615,9828,341,377,90.5,740,815,90.8,171,324,52.8,0,0.6,0.5,-0.6,11,134,6,0,128,Matches
Ismaila Sarr,451,snSEN,"MF,FW",Crystal Palace,27-073,1998,27.6,459,693,66.2,6835,2050,248,335,74.0,171,241,71.0,22,47,46.8,4,7.1,6.1,-3.1,39,27,39,9,79,Matches
Issa Diop,136,frFRA,DF,Fulham,28-120,1997,14.9,663,758,87.5,12350,4179,233,252,92.5,379,408,92.9,46,87,52.9,0,0.1,0.1,-0.1,3,43,1,0,25,Matches
Jack Clarke,101,engENG,"FW,MF",Ipswich Town,24-167,2000,11.7,266,348,76.4,4343,1093,138,159,86.8,111,129,86.0,14,29,48.3,4,2.0,1.0,+2.0,23,25,6,0,35,Matches
Jack Grealish,211,engENG,"FW,MF",Manchester City,29-241,1995,8.0,381,435,87.6,5676,986,246,264,93.2,115,131,87.8,18,26,69.2,1,1.8,1.7,-0.8,24,23,16,0,52,Matches
Jack Harrison,227,engENG,FW,Everton,28-170,1996,21.1,379,601,63.1,6064,2222,216,265,81.5,111,163,68.1,35,102,34.3,0,3.7,3.1,-3.7,32,26,25,11,45,Matches
Jack Hinshelwood,238,engENG,"DF,MF",Brighton,20-028,2005,19.4,828,993,83.4,12560,2952,487,533,91.4,265,315,84.1,55,104,52.9,2,1.3,1.5,+0.7,15,33,9,2,63,Matches
Jack Stephens,484,engENG,DF,Southampton,31-102,1994,13.4,786,854,92.0,13687,3815,313,337,92.9,414,438,94.5,44,53,83.0,0,0.2,0.3,-0.2,3,47,5,0,53,Matches
Jack Taylor,499,ieIRL,MF,Ipswich Town,26-320,1998,8.5,306,372,82.3,5426,1503,133,153,86.9,146,166,88.0,22,40,55.0,0,0.5,0.8,-0.5,5,29,8,1,41,Matches
Jacob Greaves,212,engENG,DF,Ipswich Town,24-239,2000,21.5,827,959,86.2,13641,5239,390,419,93.1,394,440,89.5,31,74,41.9,0,0.0,0.2,0.0,2,63,1,0,53,Matches
Jacob Murphy,368,engENG,FW,Newcastle Utd,30-074,1995,23.8,611,894,68.3,9226,2952,367,438,83.8,191,283,67.5,39,92,42.4,11,8.1,5.3,+2.9,38,49,35,14,67,Matches
Jacob Ramsey,421,engENG,"FW,MF",Aston Villa,23-346,2001,16.8,479,561,85.4,6395,1519,325,355,91.5,124,146,84.9,15,20,75.0,3,2.3,2.1,+0.7,20,31,21,1,67,Matches
Jaden Philogene Bidace,410,engENG,"FW,MF",Aston Villa,23-090,2002,3.7,63,86,73.3,850,161,40,49,81.6,18,21,85.7,2,3,66.7,0,0.3,0.2,-0.3,1,1,3,0,4,Matches
Jadon Sancho,447,engENG,FW,Chelsea,25-045,2000,18.7,631,765,82.5,8571,2010,391,439,89.1,203,241,84.2,14,27,51.9,4,3.6,3.1,+0.4,36,26,47,0,87,Matches
Jahmai Simpson-Pusey,469,engENG,DF,Manchester City,19-186,2005,1.1,107,115,93.0,1754,549,47,49,95.9,57,59,96.6,3,7,42.9,0,0.0,0.0,0.0,0,3,0,0,3,Matches
Jake Evans,170,N/a,FW,Leicester City,N/a,N/a,0.1,1,1,100.0,16,0,0,0,N/a,1,1,100.0,0,0,N/a,0,0.0,0.0,0.0,0,0,0,0,0,Matches
Jake O'Brien,384,ieIRL,DF,Everton,23-359,2001,15.5,509,650,78.3,9400,3587,220,248,88.7,226,282,80.1,57,89,64.0,0,0.6,0.3,-0.6,6,41,8,5,43,Matches
Jakub Kiwior,284,plPOL,DF,Arsenal,25-083,2000,9.5,532,585,90.9,9250,2705,212,224,94.6,292,307,95.1,23,43,53.5,0,0.3,0.2,-0.3,3,47,3,0,36,Matches
Jakub Moder,353,plPOL,MF,Brighton,26-032,1999,0.1,18,22,81.8,254,82,10,14,71.4,8,8,100.0,0,0,N/a,0,0.2,0.5,-0.2,3,0,1,1,4,Matches
Jakub Stolarczyk,487,plPOL,GK,Leicester City,24-141,2000,7.0,177,259,68.3,4770,3595,53,53,100.0,62,63,98.4,61,142,43.0,0,0.0,0.0,0.0,0,2,0,0,1,Matches
James Bree,67,engENG,DF,Southampton,27-210,1997,9.9,440,525,83.8,7028,1910,209,230,90.9,199,225,88.4,24,47,51.1,1,0.9,0.7,+0.1,10,26,6,5,31,Matches
James Garner,195,engENG,"MF,DF",Everton,24-057,2001,14.7,504,672,75.0,8821,2757,219,257,85.2,228,273,83.5,47,101,46.5,1,1.3,1.3,-0.3,12,50,6,3,46,Matches
James Hill,237,engENG,DF,Bournemouth,23-119,2002,5.0,159,245,64.9,3098,1094,51,67,76.1,85,110,77.3,21,58,36.2,1,0.3,0.3,+0.7,3,20,6,0,16,Matches
James Justin,269,engENG,DF,Leicester City,27-075,1998,29.7,1093,1404,77.8,16878,5236,567,653,86.8,451,535,84.3,44,126,34.9,1,0.6,0.7,+0.4,13,74,21,7,87,Matches
James Maddison,315,engENG,MF,Tottenham,28-167,1996,20.1,1021,1256,81.3,16664,5028,481,529,90.9,424,492,86.2,75,162,46.3,7,4.2,5.9,+2.8,41,123,32,5,164,Matches
James Mcatee,336,engENG,"MF,FW",Manchester City,22-203,2002,3.4,86,109,78.9,1301,226,47,55,85.5,37,42,88.1,2,6,33.3,0,0.3,0.6,-0.3,2,7,2,0,6,Matches
James Milner,348,engENG,MF,Brighton,39-125,1986,1.9,55,73,75.3,899,347,26,28,92.9,23,30,76.7,4,10,40.0,0,0.2,0.2,-0.2,4,3,1,1,10,Matches
James Tarkowski,496,engENG,DF,Everton,32-171,1992,32.5,1045,1290,81.0,22119,8229,337,399,84.5,525,571,91.9,173,276,62.7,1,2.9,2.4,-1.9,16,83,11,0,75,Matches
James Ward-Prowse,540,engENG,MF,West Ham,30-189,1994,9.0,530,605,87.6,8912,2549,277,289,95.8,201,219,91.8,46,80,57.5,1,1.3,1.3,-0.3,15,62,4,1,47,Matches
Jamie Vardy,526,engENG,FW,Leicester City,38-118,1987,29.5,243,364,66.8,3497,387,134,181,74.0,80,103,77.7,13,19,68.4,3,2.9,2.5,+0.1,18,10,9,1,20,Matches
Jan Bednarek,49,plPOL,DF,Southampton,29-027,1996,27.1,1547,1668,92.7,27450,8857,586,614,95.4,844,891,94.7,104,136,76.5,0,0.5,0.9,-0.5,5,72,1,0,59,Matches
Jan Paul van Hecke,231,nlNED,DF,Brighton,24-335,2000,29.9,1839,2093,87.9,36200,13878,639,686,93.1,981,1055,93.0,206,315,65.4,1,1.5,1.4,-0.5,13,207,16,4,216,Matches
Jannik Vestergaard,531,dkDEN,DF,Leicester City,32-279,1992,15.5,870,959,90.7,14697,5807,397,418,95.0,416,444,93.7,48,81,59.3,0,0.1,0.1,-0.1,3,34,1,0,32,Matches
Jarell Quansah,418,engENG,DF,Liverpool,22-100,2003,4.5,293,322,91.0,5236,1760,110,113,97.3,163,176,92.6,17,27,63.0,0,0.1,0.2,-0.1,1,21,1,0,16,Matches
Jarrad Branthwaite,66,engENG,DF,Everton,22-316,2002,26.1,909,1106,82.2,17777,7048,337,373,90.3,455,503,90.5,110,199,55.3,1,0.7,0.6,+0.3,3,80,2,0,61,Matches
Jarrod Bowen,64,engENG,"FW,MF",West Ham,28-140,1996,30.2,517,724,71.4,8610,2531,273,329,83.0,178,233,76.4,50,90,55.6,7,6.3,6.3,+0.7,49,37,43,7,86,Matches
Jason Steele,483,engENG,GK,Brighton,34-264,1990,2.0,101,112,90.2,2321,1556,21,21,100.0,63,65,96.9,17,26,65.4,0,0.0,0.0,0.0,0,0,0,0,0,Matches
Jay Robinson,435,engENG,"MF,FW",Southampton,18-055,2007,0.4,8,9,88.9,81,6,7,7,100.0,1,1,100.0,0,1,0.0,0,0.0,0.0,0.0,2,0,0,0,0,Matches
Jay Stansfield,482,engENG,MF,Fulham,22-166,2002,0.0,0,0,N/a,0,0,0,0,N/a,0,0,N/a,0,0,N/a,0,0.0,0.0,0.0,0,0,0,0,0,Matches
Jayden Danns,120,engENG,MF,Liverpool,19-113,2006,0.1,1,1,100.0,6,0,1,1,100.0,0,0,N/a,0,0,N/a,0,0.0,0.0,0.0,0,0,0,0,0,Matches
Jayden Meghoma,343,engENG,DF,Brentford,18-315,2006,0.1,3,3,100.0,28,7,3,3,100.0,0,0,N/a,0,0,N/a,0,0.0,0.0,0.0,0,0,0,0,0,Matches
Jean-Clair Todibo,507,frFRA,DF,West Ham,25-130,1999,17.4,788,902,87.4,14042,4883,286,306,93.5,458,487,94.0,40,90,44.4,0,0.0,0.1,0.0,2,40,1,0,31,Matches
Jean-Philippe Mateta,331,frFRA,FW,Crystal Palace,27-315,1997,28.0,274,422,64.9,3631,931,167,219,76.3,77,124,62.1,7,22,31.8,2,3.1,2.2,-1.1,27,32,15,2,47,Matches
Jean-Ricner Bellegarde,51,frFRA,"MF,FW",Wolves,26-316,1998,17.2,415,527,78.7,6398,1283,239,268,89.2,131,162,80.9,31,55,56.4,6,3.6,2.6,+2.4,26,27,17,8,39,Matches
Jefferson Lerma,300,coCOL,"MF,DF",Crystal Palace,30-196,1994,22.6,777,1030,75.4,13661,4694,364,420,86.7,318,392,81.1,77,165,46.7,1,1.5,1.6,-0.5,9,83,17,2,86,Matches
Jeffrey Schlupp,457,ghGHA,"MF,DF",Crystal Palace,32-137,1992,1.1,39,50,78.0,591,144,16,19,84.2,18,23,78.3,2,4,50.0,0,0.2,0.1,-0.2,3,4,2,0,5,Matches
Jens Cajuste,81,seSWE,MF,Ipswich Town,25-272,1999,19.8,576,699,82.4,9518,1931,263,296,88.9,271,316,85.8,29,58,50.0,0,0.6,0.6,-0.6,11,45,5,1,46,Matches
Jeremy Doku,142,beBEL,"FW,MF",Manchester City,22-347,2002,15.5,558,704,79.3,7829,1408,367,426,86.2,173,210,82.4,12,18,66.7,6,4.4,3.4,+1.6,28,12,44,5,66,Matches
Jeremy Monga,354,N/a,"FW,MF",Leicester City,N/a,N/a,0.6,10,17,58.8,134,35,5,7,71.4,5,5,100.0,0,1,0.0,0,0.0,0.0,0.0,0,2,0,0,2,Matches
Jeremy Sarmiento,450,ecECU,MF,Brighton,22-327,2002,0.1,6,6,100.0,74,1,4,4,100.0,2,2,100.0,0,0,N/a,0,0.0,0.0,0.0,0,0,0,0,0,Matches
Jesper Lindstrøm,307,dkDEN,FW,Everton,25-069,2000,13.8,297,428,69.4,4593,1335,194,225,86.2,65,99,65.7,29,65,44.6,1,2.0,2.0,-1.0,19,18,12,7,25,Matches
Joachim Andersen,23,dkDEN,DF,Crystal Palace,28-343,1996,1.0,61,83,73.5,1227,526,19,21,90.5,31,37,83.8,9,21,42.9,0,0.0,0.0,0.0,0,9,1,0,4,Matches
Joe Aribo,32,ngNGA,"MF,DF",Southampton,28-292,1996,21.2,878,992,88.5,13041,2506,480,526,91.3,341,375,90.9,31,45,68.9,0,1.6,1.2,-1.6,16,50,4,1,71,Matches
Joe Gomez,206,engENG,DF,Liverpool,27-351,1997,5.8,377,425,88.7,6689,2299,155,170,91.2,191,204,93.6,26,42,61.9,0,0.1,0.1,-0.1,2,29,0,0,35,Matches
Joe Lumley,311,engENG,GK,Southampton,30-083,1995,3.0,106,151,70.2,2342,1476,42,44,95.5,42,46,91.3,21,59,35.6,0,0.0,0.0,0.0,0,2,0,0,0,Matches
Joe Willock,552,engENG,"MF,FW",Newcastle Utd,25-262,1999,11.4,281,341,82.4,4022,852,164,185,88.6,100,115,87.0,10,22,45.5,2,1.9,0.9,+0.1,21,25,8,0,38,Matches
Joel Ward,539,engENG,DF,Crystal Palace,35-192,1989,0.0,0,2,0.0,0,0,0,1,0.0,0,1,0.0,0,0,N/a,0,0.0,0.0,0.0,0,0,0,0,0,Matches
Joelinton,262,brBRA,"MF,FW",Newcastle Utd,28-268,1996,26.6,863,1043,82.7,12199,3384,529,603,87.7,277,320,86.6,33,55,60.0,3,2.5,2.3,+0.5,23,80,17,2,116,Matches
John McGinn,339,sctSCO,"MF,FW",Aston Villa,30-203,1994,22.8,658,798,82.5,11150,2960,313,342,91.5,273,316,86.4,59,100,59.0,4,3.4,2.5,+0.6,29,66,27,7,96,Matches
John Stones,488,engENG,"DF,MF",Manchester City,30-346,1994,6.1,367,403,91.1,6382,1601,169,179,94.4,161,174,92.5,31,40,77.5,0,0.1,0.2,-0.1,2,42,0,0,21,Matches
Jonny Evans,171,nirNIR,DF,Manchester Utd,37-126,1988,3.2,174,196,88.8,2809,784,82,87,94.3,81,90,90.0,6,12,50.0,0,0.0,0.0,0.0,0,9,1,0,8,Matches
Jordan Ayew,40,ghGHA,"FW,MF",Crystal Palace,33-240,1991,0.2,8,10,80.0,167,4,3,3,100.0,4,6,66.7,1,1,100.0,0,0.0,0.0,0.0,1,0,0,0,0,Matches
Jordan Pickford,412,engENG,GK,Everton,31-063,1994,35.0,971,1461,66.5,30852,22991,143,144,99.3,419,426,98.4,408,881,46.3,1,0.4,0.2,+0.6,2,68,8,0,0,Matches
Jorge Cuenca,114,esESP,DF,Fulham,25-173,1999,2.9,102,122,83.6,1768,637,34,38,89.5,60,68,88.2,6,14,42.9,0,0.0,0.0,0.0,0,7,0,0,9,Matches
Jorginho,267,itITA,MF,Arsenal,33-140,1991,7.8,410,473,86.7,6450,1591,215,235,91.5,167,189,88.4,21,36,58.3,0,0.4,0.6,-0.4,3,44,10,0,48,Matches
Joshua Acheampong,2,engENG,DF,Chelsea,19-004,2006,1.9,104,124,83.9,2025,705,29,32,90.6,63,68,92.6,11,20,55.0,0,0.0,0.0,0.0,0,6,0,0,8,Matches
Joshua King,282,engENG,"MF,FW",Fulham,18-126,2007,0.9,32,37,86.5,477,92,18,20,90.0,13,15,86.7,0,1,0.0,0,0.4,0.7,-0.4,3,2,1,0,4,Matches
Joshua Zirkzee,567,nlNED,"FW,MF",Manchester Utd,23-352,2001,15.6,292,410,71.2,3600,901,196,251,78.1,61,82,74.4,9,18,50.0,1,1.5,1.1,-0.5,12,26,6,0,44,Matches
José Sá,442,ptPOR,GK,Wolves,32-112,1993,27.0,544,853,63.8,14150,9653,107,108,99.1,302,311,97.1,131,426,30.8,0,0.1,0.0,-0.1,2,18,1,0,2,Matches
Jota Silva,467,ptPOR,"FW,MF",Nott'ham Forest,25-281,1999,9.4,115,190,60.5,1635,467,65,84,77.4,35,58,60.3,6,17,35.3,1,2.9,1.8,-1.9,14,4,9,3,18,Matches
João Félix,176,ptPOR,"FW,MF",Chelsea,25-180,1999,4.1,171,199,85.9,2588,663,95,105,90.5,62,68,91.2,10,15,66.7,1,1.0,0.5,0.0,6,22,8,0,26,Matches
João Gomes,202,brBRA,MF,Wolves,24-086,2001,30.9,1262,1487,84.9,18027,4482,742,815,91.0,385,450,85.6,65,107,60.7,1,1.2,1.8,-0.2,22,107,22,1,148,Matches
João Pedro,261,brBRA,"FW,MF",Brighton,23-225,2001,21.6,482,661,72.9,6847,1766,300,381,78.7,133,177,75.1,29,44,65.9,6,5.0,3.1,+1.0,30,42,36,5,78,Matches
Joël Veltman,528,nlNED,DF,Brighton,33-114,1992,18.5,719,900,79.9,12118,3171,355,395,89.9,292,363,80.4,62,98,63.3,0,0.5,1.3,-0.5,6,62,8,5,80,Matches
Joško Gvardiol,222,hrCRO,DF,Manchester City,23-106,2002,33.4,2321,2552,90.9,37878,10350,1123,1190,94.4,1073,1151,93.2,104,151,68.9,0,2.0,2.8,-2.0,25,237,20,1,251,Matches
Julian Araujo,29,mxMEX,DF,Bournemouth,23-269,2001,4.7,157,200,78.5,2677,810,73,83,88.0,74,86,86.0,9,25,36.0,0,0.0,0.1,0.0,0,17,1,0,14,Matches
Julio Enciso,163,pyPAR,"FW,MF",Ipswich Town,21-106,2004,7.9,148,209,70.8,2405,712,71,91,78.0,58,77,75.3,10,20,50.0,3,1.2,1.0,+1.8,10,13,7,1,22,Matches
Julio Soler,477,arARG,FW,Bournemouth,20-082,2005,0.0,0,1,0.0,0,0,0,0,N/a,0,1,0.0,0,0,N/a,0,0.0,0.0,0.0,0,0,0,0,0,Matches
Jurriën Timber,506,nlNED,DF,Arsenal,23-326,2001,26.9,1194,1395,85.6,17327,4642,674,741,91.0,472,549,86.0,27,51,52.9,3,0.8,1.3,+2.2,17,107,17,2,146,Matches
Justin Devenny,129,nirNIR,MF,Crystal Palace,21-210,2003,4.8,120,170,70.6,1883,518,66,82,80.5,40,58,69.0,8,21,38.1,0,0.4,0.4,-0.4,6,15,4,1,16,Matches
Justin Kluivert,285,nlNED,"MF,FW",Bournemouth,26-004,1999,24.0,533,717,74.3,8212,2208,290,347,83.6,178,232,76.7,43,81,53.1,6,4.8,3.5,+1.2,45,41,32,6,95,Matches
Jáder Durán,153,coCOL,FW,Aston Villa,21-147,2003,7.1,115,163,70.6,1558,307,68,84,81.0,34,50,68.0,5,11,45.5,0,0.2,0.3,-0.2,4,10,1,0,13,Matches
Jørgen Strand Larsen,489,noNOR,FW,Wolves,25-092,2000,27.4,272,431,63.1,3547,657,167,237,70.5,67,106,63.2,14,20,70.0,2,2.4,1.0,-0.4,19,18,4,1,28,Matches
Kaelan Casey,87,engENG,DF,West Ham,20-193,2004,0.0,0,0,N/a,0,0,0,0,N/a,0,0,N/a,0,0,N/a,0,0.0,0.0,0.0,0,0,0,0,0,Matches
Kai Havertz,229,deGER,"FW,MF",Arsenal,25-332,1999,20.4,401,511,78.5,4833,1010,281,334,84.1,94,114,82.5,5,11,45.5,3,2.4,1.7,+0.6,16,26,8,1,59,Matches
Kalvin Phillips,409,engENG,MF,Ipswich Town,29-158,1995,13.7,436,551,79.1,8581,2474,162,195,83.1,208,240,86.7,60,98,61.2,0,0.2,0.5,-0.2,5,49,6,1,51,Matches
Kamaldeen Sulemana,491,ghGHA,"FW,MF",Southampton,23-083,2002,13.1,253,317,79.8,3667,572,160,179,89.4,75,91,82.4,12,27,44.4,1,1.0,0.8,0.0,10,6,13,7,26,Matches
Kaoru Mitoma,352,jpJPN,"FW,MF",Brighton,27-354,1997,28.0,701,931,75.3,9130,2069,470,541,86.9,177,251,70.5,22,50,44.0,3,4.4,3.7,-1.4,35,34,32,8,82,Matches
Kasey McAteer,337,ieIRL,"FW,MF",Leicester City,23-168,2001,6.8,143,200,71.5,1989,473,94,111,84.7,41,56,73.2,5,11,45.5,1,0.6,0.4,+0.4,8,8,6,2,11,Matches
Keane Lewis-Potter,302,engENG,"DF,FW",Brentford,24-076,2001,31.5,900,1164,77.3,14851,4447,485,541,89.6,309,389,79.4,79,162,48.8,3,3.0,4.6,0.0,23,61,41,14,90,Matches
Kenny Tete,501,nlNED,DF,Fulham,29-212,1995,16.7,669,823,81.3,10740,3542,354,386,91.7,241,300,80.3,55,89,61.8,2,0.9,0.6,+1.1,7,60,9,6,50,Matches
Kepa Arrizabalaga,35,esESP,GK,Bournemouth,30-218,1994,28.0,671,933,71.9,18595,12782,106,108,98.1,337,343,98.3,227,475,47.8,0,0.0,0.0,0.0,1,9,0,0,2,Matches
Kevin Danso,121,atAUT,DF,Tottenham,26-232,1998,6.4,373,430,86.7,6976,2194,118,132,89.4,226,245,92.2,25,45,55.6,0,0.1,0.1,-0.1,2,22,2,1,17,Matches
Kevin De Bruyne,125,beBEL,"MF,FW",Manchester City,33-315,1991,17.1,799,1052,76.0,13542,3840,408,477,85.5,301,392,76.8,78,135,57.8,7,7.6,5.8,-0.6,51,80,51,11,135,Matches
Kevin Schade,455,deGER,FW,Brentford,23-163,2001,23.0,290,498,58.2,4497,1252,162,237,68.4,101,168,60.1,18,42,42.9,2,3.4,1.6,-1.4,20,29,9,3,32,Matches
Kieran Tierney,505,sctSCO,"DF,FW",Arsenal,27-338,1997,2.0,96,117,82.1,1508,461,52,55,94.5,36,46,78.3,6,11,54.5,0,0.9,0.5,-0.9,7,7,5,2,12,Matches
Kieran Trippier,517,engENG,DF,Newcastle Utd,34-232,1990,14.2,1000,1218,82.1,17045,5904,482,511,94.3,418,490,85.3,79,166,47.6,3,1.3,1.4,+1.7,19,67,20,2,111,Matches
Kiernan Dewsbury-Hall,130,engENG,"MF,FW",Chelsea,26-245,1998,2.9,127,152,83.6,1898,319,75,82,91.5,47,56,83.9,5,10,50.0,1,1.1,0.2,-0.1,3,12,3,0,14,Matches
Kim Jisoo,260,krKOR,DF,Brentford,20-136,2004,0.3,25,28,89.3,552,202,8,9,88.9,11,12,91.7,6,7,85.7,0,0.0,0.0,0.0,0,1,0,0,2,Matches
Kobbie Mainoo,320,engENG,MF,Manchester Utd,20-020,2005,16.7,663,768,86.3,8794,2160,419,455,92.1,170,194,87.6,29,41,70.7,0,1.6,1.3,-1.6,14,46,9,0,59,Matches
Konstantinos Mavropanos,333,grGRE,DF,West Ham,27-149,1997,21.6,1013,1180,85.8,19974,6831,322,354,91.0,588,637,92.3,97,166,58.4,0,0.5,0.4,-0.5,5,60,4,1,60,Matches
Kosta Nedeljković,372,rsSRB,DF,Aston Villa,19-144,2005,1.4,47,53,88.7,853,185,22,23,95.7,21,25,84.0,4,5,80.0,0,0.0,0.0,0.0,0,5,0,0,6,Matches
Kostas Tsimikas,519,grGRE,DF,Liverpool,28-362,1996,8.3,507,605,83.8,8637,2827,243,257,94.6,207,235,88.1,45,90,50.0,1,2.1,2.3,-1.1,16,41,11,4,71,Matches
Kristoffer Ajer,10,noNOR,DF,Brentford,27-022,1998,15.6,489,626,78.1,7626,2762,254,293,86.7,192,241,79.7,26,53,49.1,0,1.2,0.5,-1.2,8,42,7,4,54,Matches
Kyle Walker,534,engENG,DF,Manchester City,34-346,1990,10.8,724,826,87.7,11928,3918,367,388,94.6,305,334,91.3,42,82,51.2,0,0.4,1.3,-0.4,7,63,7,4,64,Matches
Kyle Walker-Peters,535,engENG,DF,Southampton,28-026,1997,32.4,1493,1693,88.2,22418,6584,832,886,93.9,573,637,90.0,56,93,60.2,2,2.8,2.3,-0.8,24,119,30,4,139,Matches
Lamare Bogarde,61,nlNED,"DF,MF",Aston Villa,21-124,2004,5.3,240,272,88.2,3682,1154,129,139,92.8,107,116,92.2,3,9,33.3,0,0.1,0.1,-0.1,2,24,1,0,14,Matches
Leandro Trossard,518,beBEL,FW,Arsenal,30-156,1994,26.2,632,857,73.7,10332,2777,333,391,85.2,245,321,76.3,42,82,51.2,5,5.3,3.7,-0.3,37,41,43,9,95,Matches
Leif Davis,123,engENG,DF,Ipswich Town,25-117,2000,28.5,854,1194,71.5,14708,5905,398,463,86.0,367,474,77.4,75,201,37.3,2,4.3,4.2,-2.3,54,30,26,11,55,Matches
Leny Yoro,563,frFRA,DF,Manchester Utd,19-177,2005,12.4,667,724,92.1,10721,3539,302,317,95.3,322,343,93.9,26,40,65.0,0,0.1,0.2,-0.1,2,43,5,1,52,Matches
Leon Bailey,43,jmJAM,"FW,MF",Aston Villa,27-273,1997,12.6,273,386,70.7,4275,1048,149,183,81.4,99,122,81.1,18,38,47.4,2,1.5,2.9,+0.5,16,16,20,2,35,Matches
Lesley Ugochukwu,523,frFRA,MF,Southampton,21-044,2004,16.9,570,671,84.9,8828,1944,277,314,88.2,248,271,91.5,22,37,59.5,1,1.0,0.6,0.0,14,52,7,1,49,Matches
Levi Colwill,107,engENG,DF,Chelsea,22-072,2003,32.0,2211,2468,89.6,40277,14134,763,822,92.8,1289,1352,95.3,134,235,57.0,1,1.1,1.2,-0.1,14,144,7,3,125,Matches
Lewis Cook,108,engENG,"MF,DF",Bournemouth,28-095,1997,31.3,1158,1508,76.8,20150,6955,507,598,84.8,521,612,85.1,106,233,45.5,3,4.1,3.7,-1.1,48,150,26,11,153,Matches
Lewis Dunk,152,engENG,DF,Brighton,33-169,1991,23.1,1778,1953,91.0,32940,10612,668,693,96.4,954,1002,95.2,143,228,62.7,0,0.5,1.0,-0.5,6,157,6,0,142,Matches
Lewis Hall,224,engENG,DF,Newcastle Utd,20-243,2004,24.3,1300,1592,81.7,21999,8891,653,715,91.3,525,617,85.1,104,202,51.5,4,4.3,3.7,-0.3,34,114,17,5,123,Matches
Lewis Miley,347,engENG,MF,Newcastle Utd,19-008,2006,2.8,142,162,87.7,2084,349,80,90,88.9,49,51,96.1,7,8,87.5,0,0.0,0.3,0.0,1,10,4,0,14,Matches
Lewis Orford,396,engENG,MF,West Ham,19-080,2006,0.5,33,38,86.8,583,83,11,13,84.6,18,20,90.0,2,3,66.7,0,0.0,0.0,0.0,2,2,1,1,0,Matches
Liam Delap,127,engENG,FW,Ipswich Town,22-090,2003,27.7,211,345,61.2,2913,647,118,167,70.7,66,104,63.5,9,23,39.1,2,1.9,1.4,+0.1,21,16,6,0,30,Matches
Lisandro Martínez,329,arARG,DF,Manchester Utd,27-111,1998,19.5,1200,1342,89.4,20292,7055,522,554,94.2,601,646,93.0,64,116,55.2,1,1.1,1.3,-0.1,9,91,18,2,117,Matches
Lloyd Kelly,277,engENG,DF,Newcastle Utd,26-215,1998,3.4,146,181,80.7,2636,867,57,65,87.7,78,87,89.7,10,24,41.7,1,0.5,0.1,+0.5,2,6,1,1,9,Matches
Lucas Bergvall,55,seSWE,MF,Tottenham,19-096,2006,13.5,629,720,87.4,10567,2202,295,321,91.9,264,294,89.8,53,71,74.6,1,0.6,0.8,+0.4,11,53,7,3,49,Matches
Lucas Digne,135,frFRA,DF,Aston Villa,31-293,1993,25.1,932,1240,75.2,15153,4888,472,535,88.2,379,481,78.8,59,147,40.1,4,4.4,3.9,-0.4,35,43,29,18,55,Matches
Lucas Paquetá,404,brBRA,"MF,FW",West Ham,27-255,1997,26.0,1088,1407,77.3,18064,5773,566,676,83.7,382,480,79.6,114,177,64.4,0,3.1,3.3,-3.1,36,125,43,4,145,Matches
Luis Díaz,133,coCOL,FW,Liverpool,28-116,1997,24.7,697,827,84.3,11124,2406,374,422,88.6,239,278,86.0,56,68,82.4,5,4.9,4.3,+0.1,54,45,43,6,103,Matches
Luis Guilherme,217,brBRA,"MF,FW",West Ham,19-089,2006,1.5,47,56,83.9,727,154,30,31,96.8,13,15,86.7,4,7,57.1,0,0.1,0.1,-0.1,3,3,3,2,3,Matches
Luis Sinisterra,470,coCOL,"FW,MF",Bournemouth,25-326,1999,2.6,73,93,78.5,1067,200,44,48,91.7,22,32,68.8,5,5,100.0,1,1.4,1.3,-0.4,9,6,2,2,6,Matches
Luke Shaw,464,engENG,DF,Manchester Utd,29-301,1995,2.4,178,213,83.6,2931,1052,92,99,92.9,71,82,86.6,13,23,56.5,0,0.7,0.8,-0.7,5,12,3,1,18,Matches
Luke Thomas,503,engENG,DF,Leicester City,23-333,2001,9.7,418,527,79.3,6775,2171,216,235,91.9,167,203,82.3,30,68,44.1,0,0.3,0.3,-0.3,7,27,3,1,30,Matches
Luke Woolfenden,560,engENG,DF,Ipswich Town,26-200,1998,13.2,496,562,88.3,9196,3071,178,184,96.7,274,292,93.8,39,74,52.7,0,0.0,0.0,0.0,0,31,0,0,15,Matches
Mads Hermansen,235,dkDEN,GK,Leicester City,24-302,2000,26.5,654,1073,61.0,17066,12387,151,155,97.4,312,329,94.8,191,584,32.7,0,0.0,0.0,0.0,0,20,1,0,1,Matches
Mads Roerslev,438,dkDEN,DF,Brentford,25-319,1999,12.2,422,536,78.7,6925,2249,205,233,88.0,179,224,79.9,27,49,55.1,2,3.0,2.1,-1.0,14,37,11,4,51,Matches
Malo Gusto,221,frFRA,DF,Chelsea,21-355,2003,20.4,1176,1360,86.5,19189,4818,576,618,93.2,505,572,88.3,68,111,61.3,1,1.3,1.8,-0.3,21,109,18,6,119,Matches
Manuel Akanji,11,chSUI,DF,Manchester City,29-294,1995,19.4,1427,1520,93.9,23477,6445,682,711,95.9,658,690,95.4,73,97,75.3,0,0.4,1.1,-0.4,9,153,11,2,138,Matches
Manuel Ugarte Ribeiro,522,uyURU,MF,Manchester Utd,24-028,2001,19.0,765,870,87.9,12528,2683,388,433,89.6,297,319,93.1,62,82,75.6,2,1.1,0.7,+0.9,10,54,9,3,59,Matches
Marc Cucurella,113,esESP,DF,Chelsea,26-291,1998,30.2,1569,1783,88.0,24756,7156,788,839,93.9,686,761,90.1,65,114,57.0,1,2.1,2.4,-1.1,19,112,12,3,107,Matches
Marc Guiu,219,esESP,FW,Chelsea,19-125,2006,0.8,11,16,68.8,110,4,9,13,69.2,1,2,50.0,0,0,N/a,0,0.0,0.0,0.0,1,0,0,0,0,Matches
Marc Guéhi,216,engENG,DF,Crystal Palace,24-300,2000,33.0,1419,1704,83.3,27112,11081,525,579,90.7,735,826,89.0,147,267,55.1,2,1.5,1.9,+0.5,15,130,11,3,128,Matches
Marco Asensio,36,esESP,"MF,FW",Aston Villa,29-108,1996,6.0,185,230,80.4,2637,774,107,118,90.7,65,77,84.4,5,17,29.4,1,0.8,1.0,+0.2,13,15,8,2,34,Matches
Marcos Senesi,462,arARG,DF,Bournemouth,27-364,1997,11.3,493,644,76.6,10211,5319,176,200,88.0,232,270,85.9,80,161,49.7,0,0.2,0.5,-0.2,3,73,12,3,51,Matches
Marcus Harness,226,engENG,MF,Ipswich Town,29-074,1996,0.5,10,16,62.5,89,23,9,11,81.8,0,1,0.0,0,1,0.0,0,0.0,0.1,0.0,0,0,2,0,2,Matches
Marcus Rashford,422,engENG,"FW,MF",Manchester Utd,27-190,1997,10.9,253,343,73.8,3508,868,168,201,83.6,56,85,65.9,14,28,50.0,1,2.1,1.4,-1.1,15,13,16,8,21,Matches
Marcus Tavernier,497,engENG,"FW,MF",Bournemouth,26-048,1999,18.6,553,763,72.5,9408,2828,267,311,85.9,227,290,78.3,48,107,44.9,5,2.8,2.8,+2.2,36,64,30,9,102,Matches
Mario Lemina,298,gaGAB,"MF,DF",Wolves,31-250,1993,15.2,493,613,80.4,9479,2966,176,207,85.0,249,284,87.7,58,95,61.1,3,1.1,1.2,+1.9,10,43,13,4,48,Matches
Mark Flekken,182,nlNED,GK,Brentford,31-330,1993,33.4,1179,1606,73.4,34812,23832,142,145,97.9,637,653,97.5,400,801,49.9,2,0.5,0.1,+1.5,3,47,2,0,0,Matches
Mark Travers,515,ieIRL,GK,Bournemouth,25-356,1999,5.0,100,142,70.4,3469,2692,6,6,100.0,51,53,96.2,43,83,51.8,0,0.0,0.0,0.0,0,3,0,0,0,Matches
Marshall Munetsi,363,zwZIM,"MF,FW",Wolves,28-321,1996,9.8,125,172,72.7,1520,323,78,98,79.6,36,48,75.0,1,3,33.3,1,1.5,1.0,-0.5,7,4,2,1,8,Matches
Martial Godo,200,engENG,FW,Fulham,22-056,2003,0.2,3,5,60.0,41,2,2,3,66.7,1,1,100.0,0,1,0.0,0,0.0,0.0,0.0,0,0,0,0,0,Matches
Martin Dúbravka,151,skSVK,GK,Newcastle Utd,36-114,1989,10.0,265,333,79.6,5932,3082,58,58,100.0,161,161,100.0,45,112,40.2,0,0.0,0.0,0.0,0,0,0,0,0,Matches
Martin Ødegaard,568,noNOR,MF,Arsenal,26-143,1998,23.7,1141,1376,82.9,17692,5077,627,693,90.5,418,478,87.4,71,133,53.4,7,5.0,6.4,+2.0,57,120,81,5,240,Matches
Mason Holgate,240,engENG,"FW,DF",Everton,28-199,1996,0.1,2,2,100.0,55,0,0,0,N/a,1,1,100.0,1,1,100.0,0,0.0,0.0,0.0,0,0,0,0,0,Matches
Mason Mount,360,engENG,"MF,FW",Manchester Utd,26-119,1999,4.8,142,177,80.2,1994,444,83,97,85.6,42,52,80.8,6,11,54.5,0,0.2,0.3,-0.2,5,11,4,1,21,Matches
Massimo Luongo,312,auAUS,MF,Ipswich Town,32-226,1992,2.2,43,57,75.4,613,135,27,30,90.0,11,16,68.8,3,7,42.9,0,0.0,0.0,0.0,0,1,0,0,5,Matches
Mateo Kovačić,288,hrCRO,MF,Manchester City,31-003,1994,22.8,1604,1733,92.6,24956,6497,857,901,95.1,665,695,95.7,63,98,64.3,1,3.6,3.0,-2.6,29,189,28,0,149,Matches
Mateus Fernandes,180,ptPOR,MF,Southampton,20-303,2004,29.3,1003,1256,79.9,16952,3950,474,539,87.9,380,444,85.6,99,179,55.3,3,2.6,3.0,+0.4,31,91,21,4,131,Matches
Matheus Cunha,115,brBRA,"MF,FW",Wolves,25-347,1999,26.9,743,1033,71.9,11781,4055,422,496,85.1,208,274,75.9,79,175,45.1,6,7.3,5.0,-1.3,51,89,54,10,131,Matches
Matheus França,187,brBRA,"FW,MF",Crystal Palace,21-038,2004,0.3,4,8,50.0,69,35,2,3,66.7,2,4,50.0,0,0,N/a,0,0.0,0.2,0.0,0,1,0,0,2,Matches
Matheus Nunes,380,ptPOR,"DF,MF",Manchester City,26-255,1998,16.6,957,1109,86.3,14863,2604,536,587,91.3,358,406,88.2,50,77,64.9,5,4.2,3.1,+0.8,21,45,25,7,69,Matches
Mathias Jensen,257,dkDEN,MF,Brentford,29-128,1996,9.1,342,453,75.5,6291,2265,160,182,87.9,127,161,78.9,44,80,55.0,2,1.6,1.6,+0.4,15,39,18,2,56,Matches
Mathis Amougou,22,frFRA,MF,Chelsea,19-111,2006,0.1,7,7,100.0,69,30,6,6,100.0,1,1,100.0,0,0,N/a,0,0.0,0.0,0.0,0,2,0,0,1,Matches
Mathys Tel,500,frFRA,FW,Tottenham,20-012,2005,7.2,148,209,70.8,2599,550,70,84,83.3,57,81,70.4,18,29,62.1,1,1.4,1.1,-0.4,10,9,12,4,16,Matches
Mats Wieffer,549,nlNED,"MF,DF",Brighton,25-174,1999,8.3,469,548,85.6,7621,2052,229,253,90.5,198,224,88.4,31,43,72.1,3,1.5,0.8,+1.5,13,46,6,1,52,Matches
Matt Doherty,141,ieIRL,DF,Wolves,33-113,1992,21.8,1003,1214,82.6,18738,6158,407,450,90.4,475,549,86.5,108,175,61.7,1,1.5,1.2,-0.5,11,88,14,1,76,Matches
Matt O'Riley,385,dkDEN,MF,Brighton,24-169,2000,9.4,285,366,77.9,4508,1222,146,162,90.1,94,117,80.3,29,58,50.0,1,1.7,1.5,-0.7,17,28,7,0,34,Matches
Matt Targett,495,engENG,DF,Newcastle Utd,29-233,1995,0.2,14,15,93.3,187,49,9,10,90.0,4,4,100.0,1,1,100.0,0,0.0,0.1,0.0,0,0,1,1,0,Matches
Matthijs de Ligt,304,nlNED,DF,Manchester Utd,25-270,1999,23.6,1241,1380,89.9,21810,5955,454,482,94.2,728,771,94.4,53,108,49.1,0,0.3,0.3,-0.3,6,63,2,1,55,Matches
Matty Cash,88,plPOL,DF,Aston Villa,27-275,1997,20.0,642,811,79.2,10745,2984,312,346,90.2,272,340,80.0,46,88,52.3,1,1.1,1.2,-0.1,10,37,9,5,39,Matches
Matz Sels,459,beBEL,GK,Nott'ham Forest,33-072,1992,35.0,472,923,51.1,17926,15420,72,72,100.0,145,148,98.0,255,691,36.9,0,0.0,0.1,0.0,1,42,3,0,1,Matches
Max Aarons,1,engENG,DF,Bournemouth,25-125,2000,1.0,50,63,79.4,887,361,21,25,84.0,24,29,82.8,4,7,57.1,0,0.0,0.0,0.0,0,8,0,0,8,Matches
Max Kilman,281,engENG,DF,West Ham,27-351,1997,34.2,1548,1788,86.6,29962,10020,492,536,91.8,905,976,92.7,142,245,58.0,1,1.2,1.2,-0.2,16,102,4,0,107,Matches
Maxence Lacroix,293,frFRA,DF,Crystal Palace,25-033,2000,31.6,1125,1380,81.5,23175,9099,294,345,85.2,698,770,90.6,127,234,54.3,1,0.8,0.9,+0.2,6,67,3,1,61,Matches
Maxwel Cornet,109,ciCIV,FW,Southampton,28-224,1996,0.8,17,22,77.3,262,37,9,10,90.0,6,8,75.0,1,2,50.0,0,0.0,0.0,0.0,0,0,0,0,0,Matches
Michael Golding,201,engENG,MF,Leicester City,18-351,2006,0.0,0,0,N/a,0,0,0,0,N/a,0,0,N/a,0,0,N/a,0,0.0,0.0,0.0,0,0,0,0,0,Matches
Michael Kayode,274,itITA,DF,Brentford,20-303,2004,3.2,95,129,73.6,1690,587,42,50,84.0,46,61,75.4,7,16,43.8,1,1.0,0.5,0.0,4,5,1,1,5,Matches
Michael Keane,275,engENG,DF,Everton,32-118,1993,9.5,258,316,81.6,5895,1868,77,87,88.5,121,134,90.3,58,77,75.3,0,0.1,0.0,-0.1,2,17,0,0,12,Matches
Michail Antonio,27,jmJAM,FW,West Ham,35-042,1990,9.3,114,188,60.6,2183,424,52,72,72.2,37,62,59.7,22,31,71.0,1,1.6,0.9,-0.6,9,11,6,2,18,Matches
Micky van de Ven,529,nlNED,DF,Tottenham,24-020,2001,10.6,706,776,91.0,13313,4092,210,229,91.7,444,460,96.5,45,72,62.5,2,1.2,0.7,+0.8,2,50,1,0,51,Matches
Miguel Almirón,17,pyPAR,FW,Newcastle Utd,31-088,1994,1.7,54,66,81.8,707,219,39,42,92.9,13,16,81.3,1,3,33.3,0,0.3,0.2,-0.3,3,3,1,0,6,Matches
Mikel Merino,344,esESP,"MF,FW",Arsenal,28-321,1996,15.8,422,541,78.0,5811,1649,266,306,86.9,122,155,78.7,16,30,53.3,2,1.9,1.2,+0.1,15,34,24,4,62,Matches
Mikey Moore,355,engENG,FW,Tottenham,17-271,2007,2.3,52,74,70.3,645,186,31,32,96.9,15,24,62.5,1,6,16.7,1,0.3,0.5,+0.7,3,1,5,1,7,Matches
Mikkel Damsgaard,118,dkDEN,"MF,FW",Brentford,24-310,2000,29.5,1011,1390,72.7,17333,6884,509,597,85.3,349,476,73.3,123,231,53.2,10,7.8,6.5,+2.2,59,153,67,17,213,Matches
Milos Kerkez,278,huHUN,DF,Bournemouth,21-183,2003,34.2,1215,1615,75.2,18976,6370,665,744,89.4,443,572,77.4,76,203,37.4,5,3.7,2.4,+1.3,32,80,36,23,144,Matches
Mohamed Salah,444,egEGY,FW,Liverpool,32-328,1992,34.5,833,1170,71.2,12448,3588,468,560,83.6,279,397,70.3,56,94,59.6,18,13.2,8.2,+4.8,82,49,86,14,133,Matches
Mohammed Kudus,291,ghGHA,"FW,MF",West Ham,24-280,2000,26.9,659,789,83.5,10770,1719,351,389,90.2,238,267,89.1,53,78,67.9,2,2.5,2.6,-0.5,29,44,27,13,76,Matches
Moisés Caicedo,79,ecECU,"MF,DF",Chelsea,23-188,2001,34.2,1827,2037,89.7,31575,8351,821,890,92.2,818,885,92.4,153,196,78.1,2,3.0,2.7,-1.0,29,219,31,2,197,Matches
Morato,356,brBRA,DF,Nott'ham Forest,23-313,2001,9.0,184,248,74.2,3109,1525,78,93,83.9,87,105,82.9,11,29,37.9,0,0.0,0.0,0.0,0,11,0,0,14,Matches
Morgan Gibbs-White,197,engENG,MF,Nott'ham Forest,25-102,2000,28.2,897,1150,78.0,13817,4266,493,580,85.0,300,368,81.5,63,110,57.3,7,4.5,4.3,+2.5,48,117,37,8,153,Matches
Morgan Rogers,439,engENG,"FW,MF",Aston Villa,22-287,2002,31.7,628,850,73.9,9245,3175,355,436,81.4,189,248,76.2,47,59,79.7,8,7.4,4.9,+0.6,48,71,52,2,117,Matches
Murillo,367,brBRA,DF,Nott'ham Forest,22-309,2002,33.4,1056,1350,78.2,20985,9838,395,439,90.0,490,558,87.8,149,305,48.9,0,1.1,1.1,-1.1,12,124,13,1,103,Matches
Mykhailo Mudryk,362,uaUKR,FW,Chelsea,24-124,2001,1.7,28,42,66.7,431,165,17,24,70.8,10,15,66.7,1,2,50.0,0,1.0,0.5,-1.0,2,2,2,1,5,Matches
Myles Lewis-Skelly,303,engENG,DF,Arsenal,18-225,2006,13.0,604,666,90.7,8962,1983,340,355,95.8,242,268,90.3,13,20,65.0,0,0.4,0.4,-0.4,7,55,8,1,62,Matches
Nasser Djiga,140,bfBFA,"DF,FW",Wolves,22-175,2002,0.2,8,8,100.0,113,32,4,4,100.0,4,4,100.0,0,0,N/a,0,0.0,0.0,0.0,0,0,0,0,0,Matches
Nathan Aké,12,nlNED,DF,Manchester City,30-080,1995,7.5,509,542,93.9,8321,2950,248,253,98.0,237,244,97.1,20,34,58.8,0,0.0,0.2,0.0,1,42,1,0,50,Matches
Nathan Broadhead,69,wlsWAL,"MF,FW",Ipswich Town,27-034,1998,6.7,149,196,76.0,2132,415,91,104,87.5,51,64,79.7,3,12,25.0,0,0.6,1.1,-0.6,6,10,4,0,12,Matches
Nathan Butler-Oyedeji,78,engENG,FW,Arsenal,22-125,2003,0.1,0,0,N/a,0,0,0,0,N/a,0,0,N/a,0,0,N/a,0,0.0,0.0,0.0,0,0,0,0,0,Matches
Nathan Collins,105,ieIRL,DF,Brentford,24-009,2001,35.0,1572,1834,85.7,30030,9975,524,597,87.8,907,981,92.5,128,216,59.3,3,1.8,1.6,+1.2,10,102,7,2,117,Matches
Nathan Patterson,406,sctSCO,DF,Everton,23-205,2001,3.9,130,176,73.9,2272,806,65,72,90.3,52,75,69.3,12,24,50.0,1,0.4,0.4,+0.6,4,9,5,3,13,Matches
Nathan Wood-Gordon,559,engENG,DF,Southampton,22-343,2002,6.9,363,391,92.8,6144,1494,153,162,94.4,190,197,96.4,16,23,69.6,0,0.0,0.0,0.0,1,11,0,0,17,Matches
Nathaniel Clyne,102,engENG,"DF,MF",Crystal Palace,34-034,1991,5.4,171,225,76.0,3113,1102,72,89,80.9,84,95,88.4,14,30,46.7,0,0.3,0.2,-0.3,3,16,2,1,7,Matches
Neco Williams,550,wlsWAL,DF,Nott'ham Forest,24-026,2001,25.8,751,987,76.1,11289,4558,434,479,90.6,251,347,72.3,37,95,38.9,3,1.5,1.3,+1.5,16,64,19,8,82,Matches
Neto,375,brBRA,GK,Bournemouth,35-294,1989,2.0,40,62,64.5,1183,896,7,7,100.0,21,21,100.0,12,33,36.4,0,0.0,0.0,0.0,0,2,0,0,0,Matches
Nick Pope,416,engENG,GK,Newcastle Utd,33-020,1992,25.0,504,692,72.8,12978,7881,104,105,99.0,260,264,98.5,136,318,42.8,0,0.0,0.0,0.0,1,2,0,0,1,Matches
Niclas Füllkrug,190,deGER,FW,West Ham,32-089,1993,7.4,102,156,65.4,1367,252,66,87,75.9,27,46,58.7,4,9,44.4,2,1.9,0.4,+0.1,13,10,4,0,11,Matches
Nico O’Reilly,400,engENG,DF,Manchester City,20-049,2005,5.7,304,350,86.9,4026,780,209,226,92.5,87,107,81.3,3,6,50.0,0,0.4,0.7,-0.4,4,28,1,1,17,Matches
Nicolas Jackson,252,snSEN,FW,Chelsea,23-323,2001,24.3,300,395,75.9,4031,876,182,223,81.6,89,115,77.4,9,14,64.3,5,4.3,1.9,+0.7,28,22,10,1,37,Matches
Nicolás Domínguez,143,arARG,"MF,FW",Nott'ham Forest,26-315,1998,19.3,725,833,87.0,10492,3013,409,447,91.5,247,274,90.1,28,48,58.3,1,1.3,1.5,-0.3,13,73,9,1,68,Matches
Nicolás González,207,esESP,MF,Manchester City,23-126,2002,7.2,520,560,92.9,7739,1760,301,314,95.9,203,219,92.7,10,14,71.4,0,0.1,0.5,-0.1,1,48,4,0,46,Matches
Nikola Milenković,346,rsSRB,DF,Nott'ham Forest,27-209,1997,34.0,748,921,81.2,15092,5564,223,257,86.8,418,477,87.6,93,153,60.8,2,1.0,0.5,+1.0,8,48,2,0,49,Matches
Noni Madueke,316,engENG,FW,Chelsea,23-060,2002,20.1,474,611,77.6,6993,1726,288,335,86.0,147,192,76.6,22,39,56.4,3,4.0,2.9,-1.0,30,13,34,8,66,Matches
Noussair Mazraoui,334,maMAR,DF,Manchester Utd,27-176,1997,29.3,1409,1648,85.5,21053,7518,781,855,91.3,523,587,89.1,63,116,54.3,1,1.3,1.7,-0.3,18,118,18,5,102,Matches
Nélson Semedo,460,ptPOR,DF,Wolves,31-174,1993,29.6,973,1214,80.1,14811,4410,525,576,91.1,367,443,82.8,54,116,46.6,4,2.7,1.4,+1.3,21,63,25,11,70,Matches
Odsonne Édouard,156,frFRA,"MF,FW",Crystal Palace,27-113,1998,1.3,17,28,60.7,230,46,11,16,68.8,4,7,57.1,1,1,100.0,0,0.0,0.0,0.0,1,2,0,0,4,Matches
Ola Aina,8,ngNGA,DF,Nott'ham Forest,28-213,1996,30.4,893,1218,73.3,13813,5721,472,534,88.4,333,452,73.7,55,151,36.4,1,1.1,1.8,-0.1,15,78,20,9,97,Matches
Oleksandr Zinchenko,566,uaUKR,"DF,MF",Arsenal,28-145,1996,5.1,313,377,83.0,4980,1092,164,178,92.1,129,149,86.6,14,32,43.8,1,0.1,0.3,+0.9,2,26,7,1,37,Matches
Oliver Scarles,453,engENG,DF,West Ham,19-148,2005,6.6,260,333,78.1,3880,1062,157,177,88.7,91,109,83.5,10,34,29.4,0,0.0,0.1,0.0,1,9,5,1,21,Matches
Oliver Skipp,471,engENG,MF,Leicester City,24-235,2000,11.1,392,461,85.0,5965,1459,201,227,88.5,153,164,93.3,19,32,59.4,0,0.3,0.3,-0.3,9,30,4,0,31,Matches
Ollie Watkins,542,engENG,FW,Aston Villa,29-130,1995,25.9,284,383,74.2,3580,594,180,227,79.3,75,92,81.5,9,12,75.0,7,3.0,1.7,+4.0,23,12,12,0,29,Matches
Omar Marmoush,326,egEGY,"FW,MF",Manchester City,26-091,1999,11.1,203,260,78.1,2782,722,133,159,83.6,55,69,79.7,7,14,50.0,0,1.7,1.4,-1.7,13,8,24,4,29,Matches
Omari Hutchinson,244,engENG,"MF,FW",Ipswich Town,21-191,2003,25.7,604,770,78.4,9504,1718,305,345,88.4,255,302,84.4,31,58,53.4,2,2.7,1.8,-0.7,25,44,21,10,71,Matches
Orel Mangala,323,beBEL,MF,Everton,27-052,1998,14.0,437,490,89.2,6998,1567,219,242,90.5,187,197,94.9,23,30,76.7,0,0.6,0.6,-0.6,8,50,8,1,34,Matches
Oscar Bobb,60,noNOR,FW,Manchester City,21-301,2003,0.2,9,11,81.8,116,22,5,7,71.4,3,3,100.0,0,0,N/a,0,0.1,0.0,-0.1,1,0,1,0,1,Matches
Pablo Sarabia,449,esESP,"MF,FW",Wolves,32-363,1992,8.0,260,371,70.1,4467,1692,118,136,86.8,91,117,77.8,34,69,49.3,2,1.6,1.8,+0.4,13,36,17,2,51,Matches
Pape Matar Sarr,330,snSEN,MF,Tottenham,22-237,2002,19.2,856,986,86.8,13113,3030,447,493,90.7,333,370,90.0,44,60,73.3,2,1.6,0.8,+0.4,15,85,11,2,85,Matches
Patrick Dorgu,144,dkDEN,DF,Manchester Utd,20-195,2004,7.0,280,351,79.8,3771,916,185,209,88.5,79,107,73.8,6,17,35.3,0,0.4,1.1,-0.4,7,15,7,2,23,Matches
Patson Daka,116,zmZAM,"FW,MF",Leicester City,26-212,1998,7.3,101,141,71.6,1400,254,61,76,80.3,31,43,72.1,3,3,100.0,0,0.1,0.1,-0.1,1,6,1,0,8,Matches
Pau Torres,511,esESP,DF,Aston Villa,28-113,1997,20.2,1079,1217,88.7,18849,7175,461,486,94.9,535,573,93.4,69,130,53.1,0,0.1,0.4,-0.1,2,96,7,0,77,Matches
Paul Onuachu,394,ngNGA,FW,Southampton,30-346,1994,11.4,156,257,60.7,2219,365,83,132,62.9,42,67,62.7,12,19,63.2,1,0.5,0.3,+0.5,8,13,2,0,13,Matches
Pedro Lima,305,brBRA,DF,Wolves,18-312,2006,0.8,28,38,73.7,457,188,14,17,82.4,11,14,78.6,3,5,60.0,0,0.1,0.1,-0.1,2,2,3,2,4,Matches
Pedro Neto,376,ptPOR,FW,Chelsea,25-061,2000,22.4,632,804,78.6,10311,2198,314,338,92.9,238,292,81.5,56,117,47.9,5,6.1,4.7,-1.1,44,29,35,22,57,Matches
Pedro Porro,417,esESP,DF,Tottenham,25-238,1999,27.4,1324,1802,73.5,23083,9131,651,744,87.5,512,646,79.3,133,301,44.2,6,4.0,4.3,+2.0,54,120,55,26,147,Matches
Pervis Estupiñán,168,ecECU,DF,Brighton,27-108,1998,24.7,1245,1494,83.3,18925,5726,734,785,93.5,413,496,83.3,72,147,49.0,1,2.1,2.3,-1.1,24,97,32,18,116,Matches
Phil Foden,183,engENG,"MF,FW",Manchester City,24-346,2000,18.8,743,884,84.0,11571,2445,444,490,90.6,224,251,89.2,62,104,59.6,2,4.7,5.1,-2.7,42,40,35,5,95,Matches
Philip Billing,58,dkDEN,MF,Bournemouth,28-332,1996,2.0,70,102,68.6,1023,400,43,51,84.3,19,27,70.4,4,15,26.7,0,1.1,1.0,-1.1,9,9,7,2,15,Matches
Radu Drăgușin,150,roROU,DF,Tottenham,23-095,2002,13.9,716,840,85.2,13638,5250,223,245,91.0,437,470,93.0,47,107,43.9,0,0.4,0.2,-0.4,4,52,2,1,37,Matches
Raheem Sterling,485,engENG,"FW,MF",Arsenal,30-152,1994,4.9,141,183,77.0,1785,352,93,107,86.9,38,51,74.5,2,3,66.7,2,0.5,0.5,+1.5,8,4,9,2,17,Matches
Ramón Sosa,478,pyPAR,"FW,MF",Nott'ham Forest,25-251,1999,3.3,66,97,68.0,1016,283,33,47,70.2,24,35,68.6,5,7,71.4,0,0.5,0.4,-0.5,8,2,5,3,6,Matches
Rasmus Højlund,245,dkDEN,FW,Manchester Utd,22-094,2003,19.4,224,292,76.7,2426,446,160,193,82.9,38,53,71.7,4,5,80.0,0,1.3,0.8,-1.3,14,12,5,1,16,Matches
Rayan Aït-Nouri,9,dzALG,DF,Wolves,23-337,2001,31.8,1309,1560,83.9,18002,5383,803,860,93.4,399,460,86.7,44,108,40.7,7,4.7,3.5,+2.3,36,67,27,9,100,Matches
Raúl Jiménez,259,mxMEX,FW,Fulham,34-004,1991,24.7,423,596,71.0,6367,1438,246,303,81.2,128,175,73.1,30,49,61.2,3,3.2,2.0,-0.2,20,36,10,3,56,Matches
Reece James,253,engENG,"DF,MF",Chelsea,25-152,1999,9.3,577,682,84.6,10385,3536,266,282,94.3,250,281,89.0,52,100,52.0,0,0.5,0.9,-0.5,10,72,5,1,51,Matches
Reiss Nelson,373,engENG,FW,Arsenal,25-150,1999,0.0,0,0,N/a,0,0,0,0,N/a,0,0,N/a,0,0,N/a,0,0.0,0.0,0.0,0,0,0,0,0,Matches
Remy Rees-Dottin,426,engENG,FW,Bournemouth,19-064,2006,0.0,0,0,N/a,0,0,0,0,N/a,0,0,N/a,0,0,N/a,0,0.0,0.0,0.0,0,0,0,0,0,Matches
Renato Veiga,527,ptPOR,"DF,MF",Chelsea,21-284,2003,2.0,118,139,84.9,2171,435,45,51,88.2,55,61,90.2,13,21,61.9,0,0.0,0.2,0.0,0,6,1,0,7,Matches
Ricardo Pereira,408,ptPOR,DF,Leicester City,31-215,1993,3.8,178,216,82.4,2899,821,85,98,86.7,77,92,83.7,12,14,85.7,0,0.0,0.1,0.0,0,18,0,0,14,Matches
Riccardo Calafiori,82,itITA,DF,Arsenal,22-355,2002,10.3,449,526,85.4,6549,1644,272,297,91.6,150,175,85.7,19,28,67.9,1,0.3,0.7,+0.7,6,40,9,1,54,Matches
Richarlison,432,brBRA,FW,Tottenham,27-364,1997,5.3,60,95,63.2,907,280,30,41,73.2,18,31,58.1,6,9,66.7,1,0.9,0.6,+0.1,4,8,4,2,11,Matches
Rico Henry,234,engENG,DF,Brentford,27-305,1997,0.9,21,32,65.6,325,145,13,19,68.4,8,11,72.7,0,2,0.0,0,0.0,0.0,0.0,0,1,0,0,1,Matches
Rico Lewis,301,engENG,"DF,MF",Manchester City,20-169,2004,20.2,1143,1242,92.0,16487,3126,681,718,94.8,420,446,94.2,28,41,68.3,2,0.3,1.0,+1.7,7,92,14,0,104,Matches
Robert Sánchez,446,esESP,GK,Chelsea,27-172,1997,29.0,810,1130,71.7,19431,12888,193,194,99.5,430,446,96.4,184,478,38.5,0,0.1,0.0,-0.1,2,25,1,0,1,Matches
Robin Olsen,391,seSWE,GK,Aston Villa,35-121,1990,2.0,54,76,71.1,1466,983,10,10,100.0,31,31,100.0,13,35,37.1,0,0.0,0.0,0.0,0,2,0,0,0,Matches
Rodri,436,esESP,MF,Manchester City,28-321,1996,0.7,57,61,93.4,1056,250,25,26,96.2,24,27,88.9,7,7,100.0,0,0.0,0.1,0.0,1,3,1,0,4,Matches
Rodrigo Bentancur,52,uyURU,MF,Tottenham,27-318,1997,16.9,916,1040,88.1,14862,3593,439,482,91.1,407,439,92.7,46,61,75.4,0,0.4,1.0,-0.4,10,107,12,2,99,Matches
Rodrigo Gomes,203,ptPOR,"DF,FW",Wolves,21-306,2003,7.5,171,255,67.1,2520,888,98,125,78.4,62,88,70.5,6,23,26.1,0,0.9,0.7,-0.9,12,10,12,4,25,Matches
Rodrigo Muniz,364,brBRA,FW,Fulham,24-005,2001,10.7,92,142,64.8,1540,528,46,68,67.6,31,45,68.9,11,13,84.6,1,0.7,0.2,+0.3,7,13,3,0,27,Matches
Romain Esse,167,engENG,MF,Crystal Palace,19-361,2005,0.4,12,15,80.0,172,66,8,9,88.9,3,3,100.0,1,3,33.3,0,0.1,0.1,-0.1,1,1,0,0,1,Matches
Roman Dixon,139,engENG,DF,Everton,20-134,2004,1.0,11,19,57.9,205,111,6,8,75.0,4,8,50.0,1,3,33.3,0,0.0,0.0,0.0,0,3,0,0,0,Matches
Roméo Lavia,297,beBEL,MF,Chelsea,21-123,2004,7.6,325,356,91.3,5492,1477,147,162,90.7,155,163,95.1,18,22,81.8,1,0.7,0.3,+0.3,7,42,3,0,24,Matches
Ronnie Edwards,159,engENG,DF,Southampton,22-042,2003,0.1,5,5,100.0,109,0,0,0,N/a,5,5,100.0,0,0,N/a,0,0.0,0.0,0.0,0,0,0,0,0,Matches
Ross Barkley,45,engENG,MF,Aston Villa,31-155,1993,6.3,326,379,86.0,5081,1191,169,191,88.5,138,151,91.4,13,19,68.4,1,0.6,0.4,+0.4,9,29,6,0,33,Matches
Ross Stewart,486,sctSCO,FW,Southampton,28-302,1996,3.2,49,67,73.1,692,66,24,31,77.4,22,27,81.5,0,1,0.0,0,0.0,0.0,0.0,0,1,1,0,1,Matches
Ryan Christie,99,sctSCO,MF,Bournemouth,30-076,1995,23.5,837,1056,79.3,14882,4269,368,417,88.2,378,430,87.9,82,168,48.8,3,3.5,3.0,-0.5,41,118,33,5,137,Matches
Ryan Fraser,188,sctSCO,"FW,DF",Southampton,31-074,1994,3.4,77,103,74.8,1121,208,43,46,93.5,28,40,70.0,3,10,30.0,0,0.1,0.1,-0.1,2,3,1,0,8,Matches
Ryan Gravenberch,209,nlNED,MF,Liverpool,22-358,2002,32.5,1595,1795,88.9,23774,5935,873,944,92.5,609,664,91.7,59,97,60.8,4,2.9,3.3,+1.1,25,140,32,1,168,Matches
Ryan Manning,324,ieIRL,"DF,MF",Southampton,28-329,1996,16.2,619,802,77.2,10360,3336,317,344,92.2,233,288,80.9,55,124,44.4,1,3.2,2.8,-2.2,34,33,12,8,35,Matches
Ryan Sessegnon,463,engENG,"FW,DF",Fulham,24-356,2000,5.2,124,162,76.5,1764,455,82,95,86.3,32,45,71.1,6,10,60.0,2,1.0,0.8,+1.0,10,7,3,1,14,Matches
Ryan Trevitt,516,engENG,MF,Brentford,22-058,2003,0.0,4,7,57.1,73,23,1,2,50.0,3,3,100.0,0,0,N/a,0,0.0,0.0,0.0,0,1,0,0,0,Matches
Ryan Yates,562,engENG,MF,Nott'ham Forest,27-169,1997,20.8,592,725,81.7,8715,1885,314,358,87.7,212,247,85.8,30,53,56.6,1,1.1,0.5,-0.1,17,46,4,0,48,Matches
Rúben Dias,132,ptPOR,DF,Manchester City,27-360,1997,22.2,1943,2076,93.6,33548,10768,814,839,97.0,1002,1040,96.3,101,151,66.9,0,0.3,1.0,-0.3,5,189,5,0,122,Matches
Sam Johnstone,265,engENG,GK,Wolves,32-045,1993,7.0,184,278,66.2,5548,4270,31,32,96.9,80,82,97.6,72,160,45.0,0,0.0,0.0,0.0,1,6,0,0,0,Matches
Sam Morsy,358,egEGY,MF,Ipswich Town,33-241,1991,27.6,1103,1280,86.2,17664,4831,575,617,93.2,430,471,91.3,70,122,57.4,1,0.8,1.1,+0.2,18,132,13,2,104,Matches
Sammie Szmodics,493,ieIRL,"FW,MF",Ipswich Town,29-227,1995,10.9,144,194,74.2,2402,702,67,77,87.0,54,64,84.4,15,29,51.7,0,0.2,0.5,-0.2,4,10,4,1,18,Matches
Samuel Amo-Ameyaw,21,engENG,"FW,DF",Southampton,18-295,2006,0.3,8,9,88.9,107,13,6,6,100.0,2,3,66.7,0,0,N/a,0,0.1,0.1,-0.1,1,0,1,1,0,Matches
Samuel Edozie,158,engENG,"DF,FW",Southampton,22-101,2003,0.7,25,33,75.8,316,67,19,21,90.5,6,7,85.7,0,3,0.0,0,0.1,0.2,-0.1,1,0,3,0,4,Matches
Sander Berge,54,noNOR,MF,Fulham,27-084,1998,23.2,1017,1113,91.4,18059,4321,421,459,91.7,489,517,94.6,91,109,83.5,0,0.6,0.6,-0.6,17,105,4,0,116,Matches
Sandro Tonali,510,itITA,MF,Newcastle Utd,25-001,2000,26.2,1136,1360,83.5,17948,4534,599,667,89.8,422,485,87.0,76,123,61.8,2,1.4,1.9,+0.6,20,91,26,4,116,Matches
Santiago Bueno,73,uyURU,DF,Wolves,26-181,1998,18.7,741,842,88.0,13598,4177,260,281,92.5,417,444,93.9,51,91,56.0,0,0.0,0.1,0.0,0,24,2,0,28,Matches
Saša Lukić,310,rsSRB,MF,Fulham,28-269,1996,24.1,1027,1171,87.7,17364,4245,486,529,91.9,450,489,92.0,78,111,70.3,2,2.6,1.3,-0.6,23,97,15,6,92,Matches
Scott McTominay,341,sctSCO,MF,Manchester Utd,28-152,1996,0.2,10,10,100.0,186,99,5,5,100.0,3,3,100.0,2,2,100.0,0,0.0,0.0,0.0,0,2,0,0,1,Matches
Sean Longstaff,309,engENG,MF,Newcastle Utd,27-191,1997,8.9,294,348,84.5,4403,1171,161,185,87.0,111,120,92.5,15,22,68.2,0,0.2,0.2,-0.2,4,26,1,0,40,Matches
Sepp van den Berg,128,nlNED,DF,Brentford,23-140,2001,25.7,958,1131,84.7,16548,5265,415,473,87.7,475,533,89.1,60,96,62.5,0,0.5,0.5,-0.5,5,57,3,1,72,Matches
Sergio Reguilón,427,esESP,DF,Tottenham,28-144,1996,1.4,73,105,69.5,1144,410,33,44,75.0,36,47,76.6,3,9,33.3,0,0.0,0.2,0.0,1,11,2,1,12,Matches
Shumaira Mheuka,345,engENG,MF,Chelsea,17-201,2007,0.0,0,0,N/a,0,0,0,0,N/a,0,0,N/a,0,0,N/a,0,0.0,0.0,0.0,0,0,0,0,0,Matches
Simon Adingra,5,ciCIV,"FW,MF",Brighton,23-128,2002,10.6,255,335,76.1,3699,710,160,184,87.0,74,100,74.0,15,27,55.6,1,1.8,2.4,-0.8,13,5,12,5,14,Matches
Solly March,325,engENG,"FW,MF",Brighton,30-293,1994,1.9,60,95,63.2,990,222,35,40,87.5,16,28,57.1,7,18,38.9,0,0.3,0.3,-0.3,3,2,4,4,2,Matches
Son Heung-min,236,krKOR,FW,Tottenham,32-305,1992,22.3,703,890,79.0,9833,2671,437,487,89.7,192,240,80.0,36,75,48.0,9,8.2,5.1,+0.8,50,36,51,6,104,Matches
Stefan Ortega,397,deGER,GK,Manchester City,32-184,1992,12.2,373,459,81.3,8327,5597,102,105,97.1,190,196,96.9,79,154,51.3,0,0.0,0.0,0.0,0,6,0,0,0,Matches
Stephy Mavididi,332,engENG,FW,Leicester City,26-343,1998,17.9,460,613,75.0,6191,1429,286,314,91.1,124,184,67.4,18,43,41.9,1,2.6,3.3,-1.6,22,32,26,7,57,Matches
Sven Botman,63,nlNED,DF,Newcastle Utd,25-117,2000,2.6,119,135,88.1,2026,812,57,67,85.1,52,53,98.1,7,10,70.0,0,0.0,0.0,0.0,0,9,0,0,3,Matches
Sávio,452,brBRA,"FW,MF",Manchester City,21-029,2004,19.3,676,836,80.9,10078,1700,412,459,89.8,222,277,80.1,31,54,57.4,8,6.8,6.0,+1.2,44,19,47,8,66,Matches
Séamus Coleman,104,ieIRL,DF,Everton,36-210,1988,2.2,57,79,72.2,1046,504,27,29,93.1,24,31,77.4,6,16,37.5,0,0.0,0.0,0.0,0,6,0,0,8,Matches
Taiwo Awoniyi,38,ngNGA,FW,Nott'ham Forest,27-270,1997,4.5,61,95,64.2,705,157,42,58,72.4,14,25,56.0,1,5,20.0,0,0.1,0.1,-0.1,2,5,2,0,7,Matches
Takehiro Tomiyasu,509,jpJPN,DF,Arsenal,26-185,1998,0.1,3,4,75.0,42,10,1,1,100.0,2,2,100.0,0,1,0.0,0,0.0,0.0,0.0,0,0,0,0,1,Matches
Tariq Lamptey,295,ghGHA,DF,Brighton,24-221,2000,8.9,318,390,81.5,4930,1230,172,185,93.0,125,157,79.6,18,37,48.6,2,0.8,0.7,+1.2,5,11,5,4,12,Matches
Taylor Harwood-Bellis,228,engENG,DF,Southampton,23-099,2002,29.5,1807,2055,87.9,33577,12003,655,705,92.9,974,1061,91.8,163,253,64.4,0,1.0,0.7,-1.0,14,171,10,1,119,Matches
Thiago,502,brBRA,FW,Brentford,23-317,2001,1.6,31,44,70.5,461,59,16,23,69.6,10,13,76.9,3,4,75.0,0,0.1,0.0,-0.1,2,1,1,0,2,Matches
Thomas Partey,405,ghGHA,"MF,DF",Arsenal,31-330,1993,28.1,1525,1746,87.3,24370,6528,798,859,92.9,619,699,88.6,85,128,66.4,2,1.9,2.3,+0.1,17,151,33,2,171,Matches
Tim Iroegbunam,248,engENG,MF,Everton,21-313,2003,6.3,110,153,71.9,1842,589,50,69,72.5,42,50,84.0,13,19,68.4,1,0.2,0.1,+0.8,3,10,1,0,14,Matches
Timo Werner,546,deGER,"FW,MF",Tottenham,29-064,1996,5.7,158,236,66.9,2383,597,80,97,82.5,61,86,70.9,7,18,38.9,3,2.5,1.5,+0.5,10,3,15,2,30,Matches
Timothy Castagne,90,beBEL,DF,Fulham,29-155,1995,18.3,780,953,81.8,12441,3910,397,442,89.8,328,382,85.9,37,75,49.3,1,1.2,0.6,-0.2,9,51,5,3,62,Matches
Toby Collyer,106,engENG,MF,Manchester Utd,21-126,2004,2.0,76,92,82.6,1127,121,37,43,86.0,32,37,86.5,3,4,75.0,0,0.3,0.4,-0.3,2,3,1,0,5,Matches
Tom Cairney,80,sctSCO,MF,Fulham,34-109,1991,5.5,482,533,90.4,7576,1648,267,286,93.4,181,194,93.3,29,39,74.4,0,1.0,1.1,-1.0,10,46,7,3,47,Matches
Tommy Doyle,149,engENG,MF,Wolves,23-204,2001,5.4,321,392,81.9,6591,2010,112,119,94.1,138,155,89.0,61,93,65.6,1,0.5,0.3,+0.5,7,44,3,0,40,Matches
Tomáš Souček,479,czCZE,MF,West Ham,30-071,1995,25.9,656,890,73.7,10935,3011,329,413,79.7,245,321,76.3,62,90,68.9,1,1.0,1.2,0.0,14,59,8,1,70,Matches
Tosin Adarabioyo,4,engENG,DF,Chelsea,27-227,1997,13.7,988,1081,91.4,18105,6479,374,391,95.7,554,584,94.9,58,95,61.1,1,0.2,0.2,+0.8,1,53,1,0,37,Matches
Toti Gomes,204,ptPOR,DF,Wolves,26-113,1999,26.0,1272,1494,85.1,21197,7394,577,632,91.3,593,642,92.4,75,152,49.3,1,0.9,0.6,+0.1,9,72,5,3,67,Matches
Trent Alexander-Arnold,15,engENG,DF,Liverpool,26-214,1998,25.5,1397,1898,73.6,26692,10934,612,681,89.9,572,751,76.2,189,389,48.6,6,6.7,7.0,-0.7,50,198,63,20,221,Matches
Trevoh Chalobah,91,engENG,DF,Crystal Palace,25-308,1999,11.8,349,442,79.0,6831,2195,125,141,88.7,178,209,85.2,42,82,51.2,0,0.4,0.3,-0.4,4,27,2,1,34,Matches
Tyler Adams,3,usUSA,MF,Bournemouth,26-084,1999,19.0,757,905,83.6,11872,2893,368,415,88.7,329,374,88.0,29,53,54.7,3,1.0,0.6,+2.0,16,57,2,1,65,Matches
Tyler Dibling,134,engENG,"FW,MF",Southampton,19-058,2006,19.4,472,585,80.7,7050,1457,267,296,90.2,172,202,85.1,20,46,43.5,0,1.5,1.4,-1.5,20,25,20,1,61,Matches
Tyler Fredricson,189,engENG,DF,Manchester Utd,20-075,2005,1.8,110,122,90.2,1932,434,47,50,94.0,54,59,91.5,8,9,88.9,0,0.0,0.0,0.0,0,8,0,0,8,Matches
Tyrell Malacia,321,nlNED,DF,Manchester Utd,25-265,1999,1.1,49,55,89.1,642,260,31,33,93.9,13,14,92.9,2,2,100.0,0,0.0,0.0,0.0,1,7,1,0,3,Matches
Tyrick Mitchell,351,engENG,DF,Crystal Palace,25-250,1999,32.7,929,1285,72.3,14968,5620,484,573,84.5,367,489,75.1,57,135,42.2,4,5.7,3.6,-1.7,38,46,32,15,64,Matches
Tyrique George,196,engENG,FW,Chelsea,19-094,2006,1.1,38,46,82.6,494,72,21,23,91.3,14,17,82.4,0,2,0.0,1,0.7,0.3,+0.3,5,0,1,0,2,Matches
Tyrone Mings,349,engENG,DF,Aston Villa,32-057,1993,11.7,581,656,88.6,10405,3319,227,245,92.7,315,334,94.3,34,63,54.0,0,0.2,0.2,-0.2,3,47,5,0,39,Matches
Valentino Livramento,308,engENG,DF,Newcastle Utd,22-178,2002,28.6,1278,1503,85.0,18914,6131,740,817,90.6,468,542,86.3,45,79,57.0,1,2.3,2.0,-1.3,21,98,24,5,144,Matches
Victor Bernth Kristiansen,56,dkDEN,DF,Leicester City,22-144,2002,26.4,1007,1297,77.6,16181,5793,510,569,89.6,411,513,80.1,65,157,41.4,1,1.4,1.7,-0.4,18,74,23,18,69,Matches
Victor Lindelöf,306,seSWE,DF,Manchester Utd,30-296,1994,5.4,205,220,93.2,3326,881,84,91,92.3,111,115,96.5,6,9,66.7,0,0.1,0.1,-0.1,3,7,2,1,10,Matches
Virgil van Dijk,525,nlNED,DF,Liverpool,33-305,1991,35.0,2543,2776,91.6,46352,18087,1042,1084,96.1,1263,1323,95.5,213,317,67.2,1,0.7,0.9,+0.3,12,269,6,0,180,Matches
Vitaliy Mykolenko,369,uaUKR,DF,Everton,25-345,1999,31.2,908,1220,74.4,15184,6186,467,525,89.0,342,461,74.2,80,179,44.7,1,1.6,2.0,-0.6,20,96,37,22,105,Matches
Vitaly Janelt,254,deGER,MF,Brentford,26-364,1998,25.0,872,1057,82.5,14466,4279,443,489,90.6,344,403,85.4,66,118,55.9,3,2.2,2.4,+0.8,14,78,23,7,80,Matches
Vitezslav Jaros,255,czCZE,GK,Liverpool,23-290,2001,0.1,6,8,75.0,302,273,0,0,N/a,1,1,100.0,5,7,71.4,0,0.0,0.0,0.0,0,2,0,0,0,Matches
Vitor Reis,428,brBRA,DF,Manchester City,19-117,2006,0.0,2,2,100.0,50,10,0,0,N/a,2,2,100.0,0,0,N/a,0,0.0,0.0,0.0,0,0,0,0,0,Matches
Vladimír Coufal,110,czCZE,DF,West Ham,32-260,1992,9.7,370,477,77.6,6056,2289,188,211,89.1,149,186,80.1,26,62,41.9,0,0.6,0.9,-0.6,6,35,12,7,33,Matches
Wataru Endo,165,jpJPN,MF,Liverpool,32-089,1993,2.6,148,159,93.1,2295,527,76,81,93.8,58,61,95.1,8,8,100.0,0,0.1,0.1,-0.1,2,14,1,0,14,Matches
Welington,545,brBRA,"DF,MF",Southampton,24-079,2001,2.4,69,89,77.5,1098,318,29,35,82.9,32,41,78.0,3,4,75.0,0,0.0,0.1,0.0,2,5,5,4,6,Matches
Wes Burns,77,wlsWAL,"FW,DF",Ipswich Town,30-167,1994,10.3,153,253,60.5,2416,597,82,102,80.4,51,78,65.4,14,36,38.9,1,1.6,1.2,-0.6,10,8,8,7,8,Matches
Wesley Fofana,184,frFRA,DF,Chelsea,24-143,2000,13.0,724,803,90.2,12262,3415,306,326,93.9,385,416,92.5,26,42,61.9,0,0.4,0.2,-0.4,6,54,1,0,32,Matches
Wilfred Ndidi,371,ngNGA,MF,Leicester City,28-144,1996,23.9,775,965,80.3,11104,2829,423,486,87.0,262,319,82.1,36,66,54.5,4,1.8,1.5,+2.2,15,62,10,3,65,Matches
Will Alves,19,engENG,FW,Leicester City,20-095,2005,0.0,1,1,100.0,12,0,1,1,100.0,0,0,N/a,0,0,N/a,0,0.0,0.0,0.0,0,0,0,0,0,Matches
Will Hughes,242,engENG,MF,Crystal Palace,30-022,1995,21.1,672,887,75.8,10702,3723,342,385,88.8,264,320,82.5,44,123,35.8,3,2.7,2.3,+0.3,29,69,14,3,83,Matches
Will Lankshear,296,engENG,"FW,MF",Tottenham,20-019,2005,0.1,0,1,0.0,0,0,0,1,0.0,0,0,N/a,0,0,N/a,0,0.0,0.0,0.0,0,0,0,0,0,Matches
William Osula,398,dkDEN,FW,Newcastle Utd,21-278,2003,1.2,11,18,61.1,126,33,8,13,61.5,2,4,50.0,0,0,N/a,0,0.1,0.0,-0.1,1,0,1,0,2,Matches
William Saliba,445,frFRA,DF,Arsenal,24-046,2001,32.3,2320,2463,94.2,39927,12025,978,1022,95.7,1214,1265,96.0,119,149,79.9,0,0.9,1.3,-0.9,7,175,6,0,134,Matches
William Smallbone,472,ieIRL,MF,Southampton,25-077,2000,7.2,257,331,77.6,4218,1158,122,140,87.1,108,127,85.0,19,49,38.8,0,0.6,0.8,-0.6,9,11,3,2,25,Matches
Willian,551,brBRA,"FW,MF",Fulham,36-273,1988,2.7,163,190,85.8,2905,811,81,86,94.2,68,79,86.1,14,19,73.7,0,0.5,0.6,-0.5,5,18,10,2,38,Matches
Willy Boly,62,ciCIV,DF,Nott'ham Forest,34-095,1991,1.7,55,70,78.6,1010,477,20,22,90.9,30,32,93.8,4,15,26.7,0,0.0,0.0,0.0,0,3,0,0,2,Matches
Wilson Odobert,388,frFRA,FW,Tottenham,20-162,2004,7.0,173,224,77.2,2288,459,120,131,91.6,40,56,71.4,6,10,60.0,0,0.9,0.7,-0.9,5,8,10,3,21,Matches
Wout Faes,174,beBEL,DF,Leicester City,27-036,1998,28.3,1252,1428,87.7,23226,8100,481,513,93.8,666,701,95.0,102,190,53.7,0,0.1,0.4,-0.1,4,79,6,0,80,Matches
Woyo Coulibaly,111,frFRA,DF,Leicester City,25-354,1999,1.2,48,57,84.2,797,314,28,34,82.4,16,19,84.2,4,4,100.0,0,0.0,0.0,0.0,0,3,0,0,3,Matches
Yankuba Minteh,350,gmGAM,"FW,MF",Brighton,20-291,2004,17.6,297,477,62.3,4794,1656,170,217,78.3,91,147,61.9,29,61,47.5,4,4.7,4.6,-0.7,25,13,29,8,40,Matches
Yasin Ayari,39,seSWE,MF,Brighton,21-215,2003,19.5,713,878,81.2,10693,2895,419,458,91.5,244,288,84.7,33,89,37.1,1,2.2,2.3,-1.2,28,52,17,4,69,Matches
Yehor Yarmoliuk,561,uaUKR,MF,Brentford,21-069,2004,13.3,535,626,85.5,9305,2200,266,308,86.4,198,224,88.4,57,68,83.8,0,0.9,0.7,-0.9,9,62,7,4,52,Matches
Yerson Mosquera,359,coCOL,DF,Wolves,24-007,2001,4.9,205,240,85.4,3996,1184,66,73,90.4,115,123,93.5,22,35,62.9,0,0.1,0.0,-0.1,2,16,1,1,7,Matches
Yoane Wissa,557,cdCOD,FW,Brentford,28-248,1996,29.4,408,536,76.1,5924,1412,252,296,85.1,116,154,75.3,26,45,57.8,3,1.8,1.6,+1.2,23,41,9,1,57,Matches
Youri Tielemans,504,beBEL,MF,Aston Villa,28-002,1997,33.3,1679,2044,82.1,28817,10189,779,868,89.7,732,838,87.4,139,257,54.1,7,6.9,5.6,+0.1,59,228,37,4,234,Matches
Youssef Chermiti,94,ptPOR,"FW,MF",Everton,20-350,2004,0.5,6,11,54.5,78,14,4,7,57.1,0,1,0.0,1,1,100.0,0,0.0,0.0,0.0,0,1,0,0,1,Matches
Yukinari Sugawara,490,jpJPN,"DF,MF",Southampton,24-315,2000,16.3,689,862,79.9,10831,3323,366,415,88.2,272,328,82.9,35,73,47.9,1,2.2,2.5,-1.2,17,43,21,9,68,Matches
Yunus Emre Konak,162,trTUR,"FW,MF",Brentford,19-119,2006,0.5,25,34,73.5,423,84,13,16,81.3,9,11,81.8,3,4,75.0,0,0.0,0.0,0.0,0,2,0,0,2,Matches
Yves Bissouma,59,mlMLI,MF,Tottenham,28-252,1996,14.4,717,804,89.2,10833,2772,394,425,92.7,261,281,92.9,36,57,63.2,0,0.3,0.6,-0.3,6,59,10,1,72,Matches
Zain Silcott-Duberry,465,msMSR,FW,Bournemouth,19-304,2005,0.0,1,2,50.0,25,0,0,0,N/a,1,1,100.0,0,0,N/a,0,0.0,0.0,0.0,0,0,0,0,0,Matches
Álex Moreno,357,esESP,"DF,MF",Nott'ham Forest,31-335,1993,10.6,308,428,72.0,4574,1911,184,210,87.6,95,148,64.2,14,40,35.0,1,1.3,1.1,-0.3,8,25,9,2,34,Matches
İlkay Gündoğan,220,deGER,MF,Manchester City,34-197,1990,22.8,1408,1576,89.3,21666,4054,803,851,94.4,487,530,91.9,88,140,62.9,5,2.8,3.9,+2.2,37,97,21,2,115,Matches
Łukasz Fabiański,173,plPOL,GK,West Ham,40-021,1985,11.9,304,454,67.0,8756,6129,53,53,100.0,147,148,99.3,104,252,41.3,0,0.0,0.0,0.0,0,4,0,0,0,Matches
