Player,Rk,Nation,Pos,Squad,Age,Born,90s,Touches,Def Pen,Def 3rd,Mid 3rd,Att 3rd,Att Pen,Live,Att,Succ,Succ%,Tkld,Tkld%,Carries,TotDist,PrgDist,PrgC,1/3,CPA,Mis,Dis,Rec,PrgR,Matches
Aaron Cresswell,112,engENG,DF,West Ham,35-145,1989,7.5,576,39,227,281,73,1,576,2,1,50.0,1,50.0,228,867,398,4,7,0,3,0,353,2,Matches
Aaron Ramsdale,420,engENG,GK,Southampton,26-360,1998,27.0,1189,860,1166,26,0,0,1189,0,0,N/a,0,N/a,723,3682,2159,0,0,0,3,0,646,0,Matches
Aaron Wan-Bissaka,537,engENG,DF,West Ham,27-164,1997,32.0,2039,136,628,877,564,44,2039,108,57,52.8,37,34.3,961,6100,3383,101,59,13,31,21,1174,150,Matches
Abdoulaye Doucouré,146,mlMLI,MF,Everton,32-128,1993,26.9,1090,31,218,502,385,59,1090,43,23,53.5,20,46.5,571,2839,1339,40,24,8,33,35,705,91,Matches
Abdukodir Khusanov,280,uzUZB,DF,Manchester City,21-069,2004,5.6,445,45,205,211,31,1,445,2,0,0.0,2,100.0,274,1155,435,1,1,0,2,1,332,2,Matches
Abdul Fatawu Issahaku,175,ghGHA,FW,Leicester City,21-062,2004,6.4,326,19,73,114,157,26,326,69,29,42.0,28,40.6,217,1869,1055,42,24,15,18,12,216,60,Matches
Adam Armstrong,33,engENG,"FW,MF",Southampton,28-088,1997,13.9,377,11,44,143,192,49,376,14,6,42.9,8,57.1,235,1324,599,25,13,6,11,18,286,79,Matches
Adam Lallana,294,engENG,MF,Southampton,36-364,1988,4.0,318,19,91,155,73,6,318,12,5,41.7,5,41.7,178,831,366,6,8,0,10,6,245,10,Matches
Adam Smith,473,engENG,DF,Bournemouth,34-010,1991,15.7,707,39,217,332,162,6,707,15,6,40.0,6,40.0,305,1295,585,12,15,0,10,6,333,31,Matches
Adam Webster,543,engENG,DF,Brighton,30-125,1995,6.9,569,84,279,271,22,8,569,3,1,33.3,2,66.7,326,1927,1142,7,2,0,3,1,384,2,Matches
Adam Wharton,547,engENG,MF,Crystal Palace,20-341,2004,14.6,871,30,204,462,212,11,871,10,2,20.0,8,80.0,430,2014,1078,14,23,2,17,13,533,11,Matches
Adama Traoré,513,esESP,"FW,MF",Fulham,29-104,1996,17.7,737,4,75,260,424,88,737,93,47,50.5,35,37.6,490,4164,2268,89,42,33,34,21,556,145,Matches
Albert Grønbaek,214,dkDEN,"FW,MF",Southampton,23-351,2001,1.6,38,2,9,14,15,2,38,4,0,0.0,4,100.0,18,79,15,1,0,1,5,4,21,3,Matches
Alejandro Garnacho,194,arARG,"MF,FW",Manchester Utd,20-312,2004,23.8,1132,13,128,360,662,170,1132,87,26,29.9,53,60.9,819,6204,3176,139,72,66,63,48,864,281,Matches
Alex Iwobi,251,ngNGA,"FW,MF",Fulham,29-006,1996,31.1,1724,31,228,691,831,109,1724,87,43,49.4,39,44.8,1218,7409,4098,135,102,37,55,38,1345,224,Matches
Alex McCarthy,338,engENG,GK,Southampton,35-157,1989,5.0,173,141,173,0,0,0,173,0,0,N/a,0,N/a,100,452,276,0,0,0,0,0,88,0,Matches
Alex Palmer,401,engENG,GK,Ipswich Town,28-272,1996,11.0,400,334,393,8,0,0,400,0,0,N/a,0,N/a,180,1022,604,0,0,0,1,0,132,0,Matches
Alex Scott,458,engENG,MF,Bournemouth,21-261,2003,7.9,456,22,84,245,133,18,456,26,6,23.1,13,50.0,237,1350,640,15,9,3,22,8,274,33,Matches
Alexander Isak,250,seSWE,FW,Newcastle Utd,25-230,1999,28.6,960,20,55,361,558,178,956,88,42,47.7,44,50.0,574,3566,1782,81,41,43,62,52,681,200,Matches
Alexis Mac Allister,314,arARG,MF,Liverpool,26-136,1998,28.6,1845,55,280,956,630,60,1845,42,16,38.1,21,50.0,906,3703,1961,34,42,5,31,22,1217,79,Matches
Alfie Dorrington,145,engENG,DF,Tottenham,20-019,2005,0.2,16,0,11,5,0,0,16,0,0,N/a,0,N/a,12,61,26,0,0,0,0,0,13,0,Matches
Alfie Pond,415,engENG,DF,Wolves,21-069,2004,0.0,1,0,0,1,0,0,1,0,0,N/a,0,N/a,1,2,2,0,0,0,0,0,1,0,Matches
Ali Al Hamadi,225,iqIRQ,FW,Ipswich Town,23-069,2002,1.5,53,2,6,20,30,9,53,7,4,57.1,3,42.9,29,187,111,4,3,4,7,4,36,14,Matches
Alisson,16,brBRA,GK,Liverpool,32-219,1992,24.9,860,622,844,16,0,0,860,1,1,100.0,0,0.0,550,2187,1284,0,0,0,1,0,525,0,Matches
Alphonse Areola,31,frFRA,GK,West Ham,32-071,1993,23.1,967,769,958,10,0,0,967,0,0,N/a,0,N/a,553,2225,1201,0,0,0,0,0,510,0,Matches
Altay Bayındır,48,trTUR,GK,Manchester Utd,27-025,1998,2.0,120,103,118,2,0,0,120,0,0,N/a,0,N/a,82,324,145,0,0,0,0,0,77,0,Matches
Amad Diallo,131,ciCIV,"FW,MF",Manchester Utd,22-302,2002,18.2,1042,13,154,381,523,112,1042,77,38,49.4,35,45.5,678,4647,2355,93,48,54,36,32,731,163,Matches
Amadou Onana,392,beBEL,MF,Aston Villa,23-266,2001,15.3,858,62,233,506,133,21,858,17,11,64.7,3,17.6,468,2424,1293,21,20,1,10,9,579,14,Matches
Andreas Pereira,407,brBRA,MF,Fulham,29-128,1996,20.9,1096,17,156,446,511,39,1095,29,13,44.8,8,27.6,556,2647,1266,27,35,8,26,21,648,78,Matches
Andrew Robertson,433,sctSCO,DF,Liverpool,31-059,1994,25.6,1947,86,500,882,578,50,1947,18,7,38.9,10,55.6,1028,4511,2588,58,48,6,25,11,1302,95,Matches
André,26,brBRA,MF,Wolves,23-297,2001,25.0,1451,83,395,939,132,3,1451,27,13,48.1,10,37.0,795,3281,1440,8,14,0,27,17,973,11,Matches
André Onana,393,cmCMR,GK,Manchester Utd,29-037,1996,33.0,1323,1005,1302,22,0,0,1323,0,0,N/a,0,N/a,932,4682,2615,0,0,0,1,0,810,0,Matches
Andrés García,193,esESP,"DF,MF",Aston Villa,22-091,2003,3.5,256,8,38,108,112,2,256,18,5,27.8,12,66.7,159,1262,673,26,13,2,10,6,168,28,Matches
Andy Irving,249,sctSCO,MF,West Ham,24-361,2000,1.8,150,7,37,89,24,0,150,1,1,100.0,0,0.0,73,305,137,0,1,0,1,3,104,4,Matches
Anthony Elanga,160,seSWE,"FW,MF",Nott'ham Forest,23-012,2002,24.8,1000,29,133,290,594,98,1000,76,23,30.3,35,46.1,527,4023,2268,87,42,42,70,39,672,190,Matches
Anthony Gordon,208,engENG,FW,Newcastle Utd,24-074,2001,24.8,1178,16,115,444,638,123,1176,96,35,36.5,45,46.9,758,5672,3042,111,56,55,28,35,851,197,Matches
Antoine Semenyo,461,ghGHA,FW,Bournemouth,25-122,2000,32.6,1503,44,187,526,824,176,1503,125,64,51.2,52,41.6,904,6869,3409,133,65,65,79,72,1041,259,Matches
Antonee Robinson,434,usUSA,DF,Fulham,27-274,1997,33.2,2404,128,765,911,763,67,2404,78,34,43.6,33,42.3,1278,7011,4057,114,60,29,41,18,1440,265,Matches
Antony,28,brBRA,"DF,MF",Manchester Utd,25-074,2000,1.6,101,2,22,26,54,8,101,11,4,36.4,6,54.5,60,317,182,5,6,1,5,1,69,7,Matches
Antonín Kinský,283,czCZE,GK,Tottenham,22-057,2003,4.0,156,134,154,2,0,0,156,0,0,N/a,0,N/a,97,444,267,1,0,0,0,0,98,0,Matches
Archie Gray,210,engENG,"DF,MF",Tottenham,19-058,2006,16.5,1179,139,564,537,88,2,1179,11,6,54.5,4,36.4,816,3758,1551,6,5,0,9,10,881,15,Matches
Arijanet Muric,366,xkKVX,GK,Ipswich Town,26-183,1998,18.0,689,559,672,18,0,0,689,0,0,N/a,0,N/a,405,2088,1178,0,0,0,3,1,321,0,Matches
Armando Broja,70,alALB,FW,Everton,23-241,2001,3.7,127,4,14,47,72,18,127,16,8,50.0,7,43.8,64,577,281,12,8,3,16,13,94,26,Matches
Armel Bella Kotchap,50,deGER,DF,Southampton,23-149,2001,3.7,263,33,147,115,3,1,263,1,0,0.0,1,100.0,186,936,326,0,0,0,1,0,192,0,Matches
Asher Agbinone,7,engENG,MF,Crystal Palace,19-223,2005,0.1,8,0,0,2,6,0,8,2,0,0.0,1,50.0,5,53,23,2,0,0,0,1,5,1,Matches
Ashley Young,564,engENG,"DF,FW",Everton,39-304,1985,18.0,1043,52,316,452,280,9,1043,15,5,33.3,7,46.7,415,2128,1214,20,24,1,8,1,535,27,Matches
Axel Disasi,137,frFRA,DF,Aston Villa,27-059,1998,5.4,334,32,130,178,29,6,334,15,9,60.0,6,40.0,207,1268,621,10,8,2,3,2,223,5,Matches
Axel Tuanzebe,520,cdCOD,DF,Ipswich Town,27-176,1997,16.1,793,89,343,348,108,6,793,10,4,40.0,6,60.0,339,1508,727,9,6,1,11,1,410,8,Matches
Ayden Heaven,230,engENG,DF,Manchester Utd,18-229,2006,1.1,67,21,42,23,3,1,67,2,2,100.0,0,0.0,42,245,122,1,1,0,2,1,40,1,Matches
Bart Verbruggen,530,nlNED,GK,Brighton,22-264,2002,33.0,1304,1034,1291,13,0,0,1304,2,2,100.0,0,0.0,879,3266,1673,0,1,1,2,0,836,0,Matches
Ben Brereton,68,clCHI,FW,Southampton,26-021,1999,5.0,206,4,19,76,112,20,206,4,1,25.0,2,50.0,136,791,394,12,13,4,9,4,171,42,Matches
Ben Chilwell,96,engENG,DF,Crystal Palace,28-139,1996,1.5,98,6,35,43,25,1,98,5,2,40.0,2,40.0,39,203,146,2,1,0,2,2,42,10,Matches
Ben Davies,122,wlsWAL,DF,Tottenham,32-015,1993,12.5,1045,178,549,451,45,12,1045,1,1,100.0,0,0.0,588,2989,1701,14,10,0,4,0,699,6,Matches
Ben Godfrey,199,engENG,DF,Ipswich Town,27-114,1998,1.8,68,6,26,33,9,1,68,0,0,N/a,0,N/a,33,202,79,2,2,0,2,1,42,1,Matches
Ben Johnson,263,engENG,"DF,FW",Ipswich Town,25-105,2000,15.0,624,60,245,219,163,12,624,24,8,33.3,14,58.3,259,1503,585,16,12,3,23,17,290,33,Matches
Ben Mee,342,engENG,DF,Brentford,35-230,1989,2.0,138,18,66,62,11,3,138,0,0,N/a,0,N/a,78,404,274,3,1,1,0,0,86,2,Matches
Ben White,548,engENG,DF,Arsenal,27-213,1997,10.5,633,46,183,289,165,20,633,4,0,0.0,3,75.0,292,1136,622,11,11,3,8,4,375,28,Matches
Ben Winterburn,556,engENG,"FW,MF",Bournemouth,20-247,2004,0.3,9,0,2,5,2,1,9,0,0,N/a,0,N/a,6,50,40,2,0,1,0,0,6,2,Matches
Benoît Badiashile,42,frFRA,DF,Chelsea,24-044,2001,3.7,336,31,138,186,13,0,336,1,0,0.0,1,100.0,177,660,340,3,5,0,1,0,247,2,Matches
Bernardo Silva,466,ptPOR,"MF,FW",Manchester City,30-272,1994,26.7,1816,48,318,739,777,131,1816,59,27,45.8,25,42.4,1137,7253,3650,94,60,31,21,32,1346,184,Matches
Bernd Leno,299,deGER,GK,Fulham,33-066,1992,35.0,1364,1097,1354,10,0,0,1364,0,0,N/a,0,N/a,892,3629,2023,0,0,0,0,0,799,0,Matches
Beto,57,gwGNB,FW,Everton,27-098,1998,14.1,429,22,43,188,204,72,429,32,17,53.1,14,43.8,221,1042,390,12,9,9,59,33,309,66,Matches
Bilal El Khannouss,279,maMAR,MF,Leicester City,20-364,2004,22.3,1172,17,166,602,416,33,1172,53,30,56.6,20,37.7,679,4188,1949,71,42,12,36,36,788,83,Matches
Billy Gilmour,198,sctSCO,MF,Brighton,23-332,2001,1.1,73,2,14,46,13,0,73,2,1,50.0,1,50.0,44,210,117,2,0,0,0,0,58,2,Matches
Bobby De Cordova-Reid,126,jmJAM,FW,Leicester City,32-096,1993,8.3,272,15,49,114,109,16,272,10,0,0.0,8,80.0,174,816,389,14,5,6,11,10,188,48,Matches
Boubacar Kamara,273,frFRA,MF,Aston Villa,25-167,1999,16.3,991,92,308,572,118,8,991,24,8,33.3,8,33.3,517,2504,1121,16,11,1,10,15,673,7,Matches
Boubacar Traoré,514,mlMLI,MF,Wolves,23-262,2001,0.0,2,0,0,2,0,0,2,0,0,N/a,0,N/a,0,0,0,0,0,0,0,0,0,0,Matches
Boubakary Soumaré,480,frFRA,MF,Leicester City,26-071,1999,21.8,1324,64,352,835,150,17,1324,44,27,61.4,13,29.5,788,3636,1881,31,16,3,20,21,929,21,Matches
Brajan Gruda,213,deGER,"FW,MF",Brighton,20-343,2004,5.6,262,4,33,89,144,33,262,23,9,39.1,10,43.5,152,1063,491,16,17,10,9,20,170,47,Matches
Brandon Austin,37,engENG,GK,Tottenham,26-121,1999,1.0,36,30,36,0,0,0,36,0,0,N/a,0,N/a,22,104,46,0,0,0,0,0,16,0,Matches
Brennan Johnson,264,wlsWAL,FW,Tottenham,23-351,2001,23.1,825,16,89,282,466,120,825,44,19,43.2,22,50.0,527,2805,1410,57,21,32,25,16,609,194,Matches
Bruno Fernandes,179,ptPOR,MF,Manchester Utd,30-243,1994,30.6,2394,59,398,1130,888,71,2391,65,27,41.5,32,49.2,1379,6488,3436,65,60,11,38,37,1665,118,Matches
Bruno Guimarães,218,brBRA,MF,Newcastle Utd,27-174,1997,33.4,2013,75,409,1035,592,74,2013,75,34,45.3,24,32.0,1298,7056,3108,54,40,12,53,73,1507,81,Matches
Bryan Mbeumo,335,cmCMR,FW,Brentford,25-275,1999,34.9,1633,54,232,517,913,149,1628,99,46,46.5,41,41.4,984,6220,3237,118,64,68,99,40,1109,319,Matches
Bukayo Saka,443,engENG,"FW,MF",Arsenal,23-246,2001,17.1,875,6,52,192,639,146,874,84,37,44.0,35,41.7,558,3751,2133,82,28,45,29,38,635,233,Matches
Caleb Kporha,289,engENG,DF,Crystal Palace,18-298,2006,0.1,11,1,4,2,5,0,11,0,0,N/a,0,N/a,4,46,36,1,1,0,0,2,3,0,Matches
Caleb Okoli,390,itITA,DF,Leicester City,23-300,2001,12.5,804,152,450,324,35,10,804,0,0,N/a,0,N/a,467,2304,1106,3,6,0,10,2,483,2,Matches
Callum Hudson-Odoi,241,engENG,"FW,MF",Nott'ham Forest,24-183,2000,23.9,1005,15,111,324,595,72,1005,62,36,58.1,18,29.0,626,5261,3335,127,61,45,44,23,764,186,Matches
Callum Wilson,553,engENG,FW,Newcastle Utd,33-071,1992,3.2,76,1,5,45,29,16,76,6,1,16.7,3,50.0,38,213,93,5,4,5,11,8,45,12,Matches
Calvin Bassey,47,ngNGA,DF,Fulham,25-129,1999,32.2,2317,308,1127,1090,124,19,2317,31,14,45.2,10,32.3,1487,7627,4539,36,18,5,32,8,1620,15,Matches
Cameron Archer,30,engENG,FW,Southampton,23-292,2001,15.3,362,16,59,161,145,50,361,32,14,43.8,17,53.1,210,1072,499,19,9,14,34,25,256,64,Matches
Cameron Burgess,75,auAUS,DF,Ipswich Town,29-200,1995,16.1,919,221,562,312,47,23,919,0,0,N/a,0,N/a,416,1911,990,2,4,0,3,0,539,4,Matches
Caoimhín Kelleher,276,ieIRL,GK,Liverpool,26-167,1998,10.0,398,286,396,2,0,0,398,1,1,100.0,0,0.0,290,1131,616,0,0,0,1,0,275,0,Matches
Carlos Alcaraz,13,arARG,MF,Southampton,22-160,2002,0.1,17,0,1,8,9,2,17,2,0,0.0,2,100.0,12,112,98,4,1,0,0,0,12,1,Matches
Carlos Baleba,44,cmCMR,MF,Brighton,21-126,2004,26.7,1556,88,375,917,303,12,1556,52,31,59.6,18,34.6,886,5108,2588,40,40,3,37,37,944,27,Matches
Carlos Forbs,185,ptPOR,"MF,FW",Wolves,21-051,2004,2.7,121,3,23,39,60,13,121,12,7,58.3,5,41.7,75,468,321,10,3,8,7,4,85,28,Matches
Carlos Soler,476,esESP,"MF,FW",West Ham,28-127,1997,15.1,748,26,173,391,189,23,748,18,8,44.4,9,50.0,341,1678,714,16,16,4,12,14,506,33,Matches
Carlos Vinícius,533,brBRA,"MF,FW",Fulham,30-045,1995,0.2,7,0,1,3,3,2,7,1,1,100.0,0,0.0,7,24,11,1,0,1,1,0,6,3,Matches
Casemiro,86,brBRA,MF,Manchester Utd,33-075,1992,14.8,1091,69,327,555,217,38,1091,6,3,50.0,3,50.0,575,1774,823,4,10,0,10,10,697,26,Matches
Chadi Riad,429,maMAR,DF,Crystal Palace,21-326,2003,1.0,90,5,41,49,1,0,90,0,0,N/a,0,N/a,58,318,232,2,0,0,1,0,69,0,Matches
Charlie Taylor,498,engENG,DF,Southampton,31-233,1993,3.0,219,21,93,91,36,1,219,2,2,100.0,0,0.0,91,386,155,3,3,0,1,1,133,6,Matches
Cheick Doucouré,147,mlMLI,MF,Crystal Palace,25-121,2000,5.0,263,11,56,165,45,4,263,5,2,40.0,2,40.0,133,581,280,2,7,1,4,7,160,7,Matches
Chidozie Obi-Martin,387,dkDEN,FW,Manchester Utd,17-161,2007,1.7,44,3,6,19,19,8,44,3,1,33.3,2,66.7,22,114,50,2,0,1,5,1,29,12,Matches
Chiedozie Ogbene,389,ieIRL,FW,Ipswich Town,28-008,1997,2.6,70,3,11,19,40,6,70,7,1,14.3,3,42.9,41,330,139,7,2,2,4,2,43,15,Matches
Chiquinho,97,ptPOR,MF,Wolves,25-093,2000,0.1,3,0,0,1,2,1,3,0,0,N/a,0,N/a,1,13,5,0,0,0,0,0,2,0,Matches
Chris Richards,431,usUSA,DF,Crystal Palace,25-042,2000,18.4,985,113,527,397,67,18,985,6,1,16.7,5,83.3,453,2079,916,5,5,0,5,5,547,1,Matches
Chris Wood,558,nzNZL,FW,Nott'ham Forest,33-153,1991,29.9,698,36,84,334,282,89,695,12,4,33.3,7,58.3,339,1178,444,13,10,5,73,24,512,87,Matches
Christian Eriksen,166,dkDEN,MF,Manchester Utd,33-084,1992,11.4,811,24,163,388,264,15,811,3,0,0.0,3,100.0,450,1668,761,12,13,1,11,5,541,29,Matches
Christian Nørgaard,383,dkDEN,MF,Brentford,31-060,1994,28.3,1638,161,561,780,312,52,1638,13,6,46.2,5,38.5,738,2771,1204,12,12,4,31,18,974,37,Matches
Christian Walton,536,engENG,GK,Ipswich Town,29-181,1995,6.0,242,224,241,1,0,0,242,0,0,N/a,0,N/a,122,572,305,0,0,0,0,0,117,0,Matches
Christopher Nkunku,378,frFRA,FW,Chelsea,27-176,1997,10.2,448,10,52,183,217,52,448,27,10,37.0,14,51.9,280,1368,628,17,16,13,18,17,356,68,Matches
Cody Gakpo,191,nlNED,FW,Liverpool,26-002,1999,19.1,795,21,75,230,506,90,795,51,29,56.9,15,29.4,540,3840,1974,51,32,20,38,20,606,253,Matches
Cole Palmer,402,engENG,MF,Chelsea,23-003,2002,32.5,1694,20,140,759,817,133,1689,107,50,46.7,41,38.3,1074,7279,3497,110,67,39,63,34,1248,169,Matches
Conor Bradley,65,nirNIR,DF,Liverpool,21-304,2003,6.3,533,18,147,247,149,36,533,19,9,47.4,9,47.4,297,1848,1091,28,19,8,8,2,335,31,Matches
Conor Chaplin,93,engENG,"MF,FW",Ipswich Town,28-082,1997,7.9,314,7,57,158,104,12,314,7,4,57.1,3,42.9,148,759,403,11,7,0,11,3,215,20,Matches
Conor Coady,103,engENG,DF,Leicester City,32-073,1993,16.0,1036,199,569,450,18,6,1036,2,1,50.0,1,50.0,676,2936,1556,3,3,1,4,2,762,0,Matches
Conor Townsend,512,engENG,DF,Ipswich Town,32-066,1993,3.7,172,28,87,50,38,5,172,0,0,N/a,0,N/a,53,278,136,2,2,0,2,2,75,13,Matches
Craig Dawson,124,engENG,DF,Wolves,35-003,1990,10.8,671,130,396,249,28,14,671,5,1,20.0,2,40.0,390,1819,938,6,1,0,2,0,443,5,Matches
Cristian Romero,440,arARG,DF,Tottenham,27-012,1998,15.7,1377,157,594,720,74,23,1377,4,1,25.0,2,50.0,896,4702,2893,12,18,0,10,5,936,3,Matches
Crysencio Summerville,492,nlNED,"FW,MF",West Ham,23-191,2001,8.7,372,9,47,147,181,38,372,39,13,33.3,18,46.2,207,1463,762,29,15,13,20,16,259,71,Matches
Curtis Jones,266,engENG,"MF,DF",Liverpool,24-099,2001,17.0,1145,32,187,615,349,52,1145,19,11,57.9,7,36.8,702,3397,1598,24,17,6,23,32,867,71,Matches
Daichi Kamada,272,jpJPN,MF,Crystal Palace,28-277,1996,15.8,851,19,181,447,230,30,851,15,6,40.0,7,46.7,427,2106,1025,24,19,5,15,18,544,54,Matches
Dan Burn,76,engENG,DF,Newcastle Utd,33-000,1992,34.0,2184,344,1220,861,109,49,2184,4,3,75.0,1,25.0,1246,5724,2498,9,5,1,23,3,1470,10,Matches
Dane Scarlett,454,engENG,"FW,MF",Tottenham,21-046,2004,0.4,9,1,3,5,1,1,9,0,0,N/a,0,N/a,5,66,33,1,0,0,0,1,4,1,Matches
Dango Ouattara,399,bfBFA,FW,Bournemouth,23-087,2002,22.3,959,62,165,316,497,128,959,82,39,47.6,34,41.5,492,3577,1777,79,35,38,63,32,577,191,Matches
Daniel Bentley,53,engENG,GK,Wolves,31-300,1993,1.0,35,30,35,0,0,0,35,0,0,N/a,0,N/a,18,102,32,0,0,0,0,0,14,0,Matches
Daniel Jebbison,256,engENG,FW,Bournemouth,21-269,2003,0.9,56,3,7,22,28,9,56,5,4,80.0,1,20.0,34,217,82,2,1,3,11,4,38,11,Matches
Daniel Muñoz,365,coCOL,DF,Crystal Palace,28-348,1996,32.9,1871,111,524,768,598,95,1871,54,21,38.9,31,57.4,730,3706,1604,54,35,15,50,18,883,191,Matches
Daniel Podence,414,ptPOR,"MF,FW",Wolves,29-200,1995,0.5,20,0,2,11,7,0,20,2,2,100.0,0,0.0,13,77,43,1,1,0,0,0,17,3,Matches
Danilo,119,brBRA,"MF,FW",Nott'ham Forest,24-010,2001,3.0,140,8,50,78,13,0,140,6,3,50.0,3,50.0,49,217,61,2,0,0,6,0,83,1,Matches
Danny Ings,247,engENG,"FW,MF",West Ham,32-290,1992,3.2,139,2,15,51,73,27,139,7,4,57.1,2,28.6,63,324,118,6,0,2,6,6,96,29,Matches
Danny Ward,538,wlsWAL,GK,Leicester City,31-321,1993,1.5,55,40,55,0,0,0,55,1,0,0.0,1,100.0,44,176,107,0,0,0,0,0,35,0,Matches
Danny Welbeck,544,engENG,FW,Brighton,34-164,1990,21.6,648,15,50,277,326,90,648,36,12,33.3,21,58.3,395,1807,777,19,20,7,45,25,483,83,Matches
Dara O'Shea,386,ieIRL,DF,Ipswich Town,26-066,1999,31.7,1841,361,1065,663,118,48,1841,2,1,50.0,1,50.0,805,3520,1751,3,2,0,11,4,1048,8,Matches
Darwin Núñez,381,uyURU,FW,Liverpool,25-319,1999,11.7,340,10,44,113,193,66,340,21,8,38.1,12,57.1,184,999,529,22,17,12,21,19,228,69,Matches
David Brooks,71,wlsWAL,"FW,MF",Bournemouth,27-305,1997,9.2,451,13,54,164,241,32,451,31,8,25.8,20,64.5,278,1853,812,25,22,8,27,11,306,75,Matches
David Raya,424,esESP,GK,Arsenal,29-236,1995,35.0,1367,802,1284,83,0,0,1367,1,1,100.0,0,0.0,856,4275,2563,0,0,0,1,0,789,0,Matches
Dean Henderson,233,engENG,GK,Crystal Palace,28-058,1997,35.0,1200,974,1195,4,1,1,1200,0,0,N/a,0,N/a,689,4123,1950,0,0,0,2,0,523,0,Matches
Dean Huijsen,243,esESP,DF,Bournemouth,20-025,2005,24.8,1803,238,820,861,131,30,1803,5,2,40.0,3,60.0,992,6345,3937,36,26,0,18,1,1117,10,Matches
Declan Rice,430,engENG,MF,Arsenal,26-115,1999,29.4,1839,71,302,863,693,77,1839,28,13,46.4,14,50.0,977,6149,3274,88,54,16,36,29,1204,92,Matches
Dejan Kulusevski,292,seSWE,"MF,FW",Tottenham,25-014,2000,26.3,1272,24,149,430,717,157,1272,117,38,32.5,71,60.7,821,6148,3206,120,67,40,77,73,894,210,Matches
Destiny Udogie,521,itITA,DF,Tottenham,22-162,2002,20.4,1336,60,377,591,383,49,1336,32,13,40.6,16,50.0,735,4188,2290,54,39,12,32,19,796,93,Matches
Diego Carlos,84,brBRA,DF,Aston Villa,32-055,1993,9.2,674,86,331,330,15,6,674,2,2,100.0,0,0.0,419,2133,1162,3,3,0,1,2,481,0,Matches
Diego Gómez,205,pyPAR,MF,Brighton,22-043,2003,4.9,346,18,79,186,85,6,346,12,6,50.0,6,50.0,163,584,254,5,3,0,6,9,206,14,Matches
Diogo Dalot,117,ptPOR,DF,Manchester Utd,26-052,1999,31.0,1965,113,658,767,557,66,1965,53,27,50.9,22,41.5,1111,4912,2684,62,37,16,37,21,1186,164,Matches
Diogo Jota,268,ptPOR,FW,Liverpool,28-156,1996,12.8,459,5,30,190,246,93,459,32,11,34.4,19,59.4,251,1448,754,36,21,20,37,22,317,86,Matches
Divin Mubama,361,engENG,FW,Manchester City,20-196,2004,0.3,5,0,0,2,3,1,5,0,0,N/a,0,N/a,2,14,0,0,0,0,0,1,3,0,Matches
Djed Spence,481,engENG,DF,Tottenham,24-273,2000,17.8,1316,72,448,600,288,25,1316,69,34,49.3,28,40.6,741,4422,2372,56,41,7,26,31,812,70,Matches
Dominic Calvert-Lewin,83,engENG,FW,Everton,28-054,1997,17.6,499,22,39,208,257,83,499,25,10,40.0,13,52.0,272,1400,444,22,8,16,73,33,407,107,Matches
Dominic Solanke,475,engENG,FW,Tottenham,27-237,1997,23.5,636,31,68,290,284,111,636,50,16,32.0,31,62.0,374,2024,803,29,21,14,67,47,448,88,Matches
Dominik Szoboszlai,494,huHUN,MF,Liverpool,24-196,2000,25.3,1450,24,188,704,576,96,1450,35,19,54.3,13,37.1,740,3786,2119,65,46,17,34,22,991,120,Matches
Donyell Malen,322,nlNED,FW,Aston Villa,26-120,1999,3.3,120,2,8,32,86,23,120,10,3,30.0,5,50.0,71,543,312,11,6,7,8,6,79,25,Matches
Dwight McNeil,340,engENG,"MF,FW",Everton,25-168,1999,14.0,688,4,67,298,339,24,688,40,21,52.5,18,45.0,406,2473,1041,35,30,5,24,29,468,74,Matches
Eberechi Eze,172,engENG,"MF,FW",Crystal Palace,26-314,1998,27.0,1336,15,177,628,564,89,1334,130,64,49.2,58,44.6,794,4804,2262,67,45,21,53,44,862,143,Matches
Eddie Nketiah,377,engENG,"FW,MF",Crystal Palace,25-344,1999,9.9,368,10,40,155,180,61,368,19,10,52.6,6,31.6,217,1569,815,38,22,13,30,16,264,68,Matches
Ederson,154,brBRA,GK,Manchester City,31-265,1993,22.8,875,619,866,9,0,0,875,0,0,N/a,0,N/a,590,2718,1732,0,0,0,1,0,560,0,Matches
Edmond-Paris Maghoma,318,engENG,"MF,FW",Brentford,24-001,2001,1.3,101,2,18,58,27,4,101,4,3,75.0,1,25.0,68,414,221,4,3,1,2,0,75,4,Matches
Edson Álvarez,18,mxMEX,MF,West Ham,27-197,1997,18.1,1101,61,323,612,174,12,1101,31,14,45.2,12,38.7,603,3371,1528,21,20,2,25,13,734,18,Matches
Eiran Cashin,89,ieIRL,DF,Brighton,23-181,2001,0.2,32,2,10,20,2,0,32,1,0,0.0,1,100.0,21,133,99,0,0,0,0,0,25,1,Matches
Elliot Anderson,25,engENG,MF,Nott'ham Forest,22-184,2002,27.4,1630,95,388,775,496,62,1630,73,36,49.3,29,39.7,820,4535,2094,46,31,19,56,41,956,87,Matches
Emerson Palmieri,403,itITA,DF,West Ham,30-279,1994,23.4,1323,82,422,557,359,28,1323,30,10,33.3,17,56.7,553,3011,1736,47,25,9,24,7,745,83,Matches
Emi Buendía,72,arARG,"MF,FW",Aston Villa,28-135,1996,1.1,82,0,17,35,31,3,82,2,0,0.0,2,100.0,53,185,119,3,5,0,4,3,64,6,Matches
Emil Krafth,290,seSWE,DF,Newcastle Utd,30-280,1994,3.2,164,30,87,59,19,4,164,1,0,0.0,1,100.0,72,327,133,3,3,0,2,2,85,1,Matches
Emile Smith Rowe,474,engENG,MF,Fulham,24-285,2000,21.0,1128,20,155,534,449,55,1128,33,16,48.5,15,45.5,734,3552,1838,50,38,11,35,13,867,115,Matches
Emiliano Martínez,328,arARG,GK,Aston Villa,32-249,1992,33.0,1348,1015,1329,19,0,0,1348,1,1,100.0,0,0.0,820,4149,2626,0,0,0,1,0,738,0,Matches
Emmanuel Agbadou,6,ciCIV,DF,Wolves,27-326,1997,12.7,924,155,527,381,22,5,924,10,7,70.0,2,20.0,572,2717,1230,3,3,0,3,3,615,1,Matches
Enes Ünal,524,trTUR,"FW,MF",Bournemouth,27-364,1997,3.8,172,6,14,63,95,26,172,12,1,8.3,10,83.3,91,261,95,4,3,1,17,13,133,22,Matches
Enzo Fernández,181,arARG,MF,Chelsea,24-112,2001,29.7,2070,36,327,1049,708,76,2070,46,21,45.7,18,39.1,1135,5284,2574,57,53,8,27,27,1520,116,Matches
Eric da Silva Moreira,468,deGER,"MF,DF",Nott'ham Forest,19-006,2006,0.3,13,3,7,4,2,0,13,1,0,0.0,1,100.0,4,26,11,1,0,0,1,0,3,1,Matches
Erling Haaland,223,noNOR,FW,Manchester City,24-292,2000,27.6,578,22,39,200,344,170,575,32,11,34.4,19,59.4,272,1310,478,19,14,19,39,25,427,103,Matches
Ethan Nwaneri,382,engENG,"FW,MF",Arsenal,18-049,2007,9.1,496,3,43,160,298,40,496,55,32,58.2,17,30.9,334,2641,1243,44,23,16,21,17,362,102,Matches
Ethan Pinnock,413,jmJAM,DF,Brentford,31-345,1993,21.3,1348,294,783,457,109,24,1348,9,3,33.3,6,66.7,633,3117,1633,3,4,0,2,4,760,9,Matches
Evan Ferguson,177,ieIRL,FW,West Ham,20-202,2004,1.7,66,1,6,30,31,10,66,5,3,60.0,2,40.0,31,123,41,1,1,1,8,5,42,7,Matches
Evanilson,169,brBRA,FW,Bournemouth,25-215,1999,22.9,505,23,50,195,263,116,504,19,6,31.6,7,36.8,300,1705,820,28,17,14,31,22,358,88,Matches
Ezri Konsa,287,engENG,DF,Aston Villa,27-198,1997,29.6,1756,224,826,839,100,20,1756,18,8,44.4,7,38.9,1021,5086,2561,17,12,2,17,10,1223,11,Matches
Fabian Schär,456,chSUI,DF,Newcastle Utd,33-140,1991,29.6,2111,239,1089,900,133,33,2111,12,8,66.7,2,16.7,1331,5989,3403,14,23,2,11,6,1474,18,Matches
Fabio Carvalho,85,ptPOR,"FW,MF",Brentford,22-252,2002,5.1,247,4,44,91,113,22,247,14,2,14.3,10,71.4,137,698,356,9,3,0,13,8,145,23,Matches
Facundo Buonanotte,74,arARG,"FW,MF",Leicester City,20-137,2004,16.4,850,26,127,436,300,36,850,79,26,32.9,49,62.0,465,2928,1321,38,26,8,53,39,515,69,Matches
Federico Chiesa,95,itITA,FW,Liverpool,27-196,1997,0.5,35,0,5,13,17,4,35,1,0,0.0,1,100.0,25,92,44,3,1,1,2,3,27,7,Matches
Ferdi Kadioglu,271,trTUR,"DF,MF",Brighton,25-214,1999,4.3,231,13,71,91,72,9,231,7,3,42.9,3,42.9,124,479,183,1,0,0,6,2,144,27,Matches
Filip Jørgensen,270,dkDEN,GK,Chelsea,23-023,2002,6.0,202,174,201,1,0,0,202,0,0,N/a,0,N/a,145,676,423,0,0,0,0,0,139,0,Matches
Flynn Downes,148,engENG,MF,Southampton,26-109,1999,20.9,1184,77,351,632,210,21,1184,15,5,33.3,7,46.7,567,3134,1610,25,21,4,13,17,840,28,Matches
Frank Onyeka,395,ngNGA,MF,Brentford,27-128,1998,0.3,10,0,1,5,4,0,10,0,0,N/a,0,N/a,6,55,14,0,0,0,2,1,6,0,Matches
Fraser Forster,186,engENG,GK,Tottenham,37-053,1988,7.0,228,212,228,0,0,0,228,1,1,100.0,0,0.0,113,501,264,0,0,0,1,0,94,0,Matches
Gabriel Jesus,258,brBRA,FW,Arsenal,28-036,1997,6.8,299,9,28,108,165,48,299,22,9,40.9,10,45.5,179,953,432,15,6,11,13,13,217,57,Matches
Gabriel Magalhães,317,brBRA,DF,Arsenal,27-141,1997,26.3,1873,189,672,985,225,40,1873,5,4,80.0,1,20.0,1116,4470,2669,10,22,0,9,2,1366,11,Matches
Gabriel Martinelli,327,brBRA,"FW,MF",Arsenal,23-325,2001,22.7,889,15,87,229,586,168,889,106,32,30.2,58,54.7,597,4419,2355,112,30,59,49,33,678,267,Matches
George Edmundson,155,engENG,DF,Ipswich Town,27-251,1997,0.0,3,1,3,0,0,0,3,0,0,N/a,0,N/a,1,2,0,0,0,0,0,0,1,0,Matches
George Hirst,239,sctSCO,FW,Ipswich Town,26-083,1999,5.5,162,11,23,54,87,23,162,5,2,40.0,2,40.0,89,468,199,9,2,6,21,13,138,29,Matches
Georginio Rutter,441,frFRA,"MF,FW",Brighton,23-019,2002,18.4,641,20,83,246,326,79,641,71,27,38.0,34,47.9,361,2467,1405,42,36,16,45,37,411,79,Matches
Gonçalo Guedes,215,ptPOR,"MF,FW",Wolves,28-161,1996,8.7,375,4,43,165,180,28,375,20,5,25.0,11,55.0,230,1731,904,32,21,5,33,14,255,60,Matches
Guglielmo Vicario,532,itITA,GK,Tottenham,28-214,1996,23.0,892,599,874,18,0,0,892,1,1,100.0,0,0.0,636,2955,1635,0,0,0,0,0,577,0,Matches
Guido Rodríguez,437,arARG,MF,West Ham,31-027,1994,11.3,617,42,196,366,56,2,617,3,2,66.7,0,0.0,284,988,392,2,5,0,2,6,354,5,Matches
Gustavo Nunes,379,brBRA,"FW,MF",Brentford,19-170,2005,0.1,7,1,4,1,2,1,7,0,0,N/a,0,N/a,1,16,11,1,0,1,1,0,1,0,Matches
Hamza Choudhury,98,bdBAN,"MF,DF",Leicester City,27-220,1997,1.5,100,4,19,61,20,3,100,4,3,75.0,1,25.0,63,246,130,4,2,2,1,0,71,6,Matches
Harrison Armstrong,34,engENG,MF,Everton,18-110,2007,0.5,20,0,3,12,7,2,20,1,1,100.0,0,0.0,15,110,43,1,2,0,2,3,14,0,Matches
Harrison Reed,425,engENG,MF,Fulham,30-102,1995,1.2,78,2,11,28,40,5,78,2,0,0.0,1,50.0,31,95,27,1,1,0,2,2,38,7,Matches
Harry Amass,20,engENG,DF,Manchester Utd,18-054,2007,2.8,197,12,69,67,65,4,197,7,3,42.9,3,42.9,102,549,342,9,6,2,12,5,101,17,Matches
Harry Clarke,100,engENG,DF,Ipswich Town,24-068,2001,4.2,268,18,100,122,47,2,268,2,1,50.0,1,50.0,118,555,222,5,7,0,4,2,163,2,Matches
Harry Maguire,319,engENG,DF,Manchester Utd,32-065,1993,17.1,1147,137,572,525,65,38,1147,5,2,40.0,3,60.0,677,4153,1673,6,7,3,7,2,739,7,Matches
Harry Toffolo,508,engENG,DF,Nott'ham Forest,29-263,1995,1.5,88,9,32,22,34,2,88,0,0,N/a,0,N/a,17,57,23,0,0,0,0,0,30,4,Matches
Harry Wilson,554,wlsWAL,"FW,MF",Fulham,28-048,1997,11.1,516,9,67,185,273,48,516,24,9,37.5,10,41.7,299,1589,693,17,18,8,14,5,342,83,Matches
Harry Winks,555,engENG,MF,Leicester City,29-096,1996,17.1,1158,49,275,746,151,1,1158,12,3,25.0,8,66.7,696,3268,1522,19,13,0,13,8,827,11,Matches
Harvey Barnes,46,engENG,FW,Newcastle Utd,27-151,1997,16.7,709,15,84,232,398,109,709,58,22,37.9,29,50.0,498,3753,2160,80,41,44,26,20,567,172,Matches
Harvey Elliott,161,engENG,"MF,FW",Liverpool,22-035,2003,3.0,257,2,21,115,122,18,257,6,3,50.0,3,50.0,147,643,301,8,9,5,4,4,193,25,Matches
Hwang Hee-chan,232,krKOR,"MF,FW",Wolves,29-103,1996,7.2,262,9,41,99,124,24,262,14,2,14.3,12,85.7,151,928,426,15,5,7,14,10,174,41,Matches
Hákon Rafn Valdimarsson,419,isISL,GK,Brentford,23-208,2001,1.6,72,60,71,1,0,0,72,0,0,N/a,0,N/a,44,191,80,0,0,0,0,0,36,0,Matches
Ian Maatsen,313,nlNED,DF,Aston Villa,23-060,2002,10.6,797,47,216,294,297,41,797,23,11,47.8,12,52.2,429,2209,1037,27,15,11,20,21,486,91,Matches
Ibrahim Sangaré,448,ciCIV,MF,Nott'ham Forest,27-158,1997,4.1,261,14,65,158,40,7,261,1,0,0.0,1,100.0,101,420,137,0,2,0,4,1,146,3,Matches
Ibrahima Konaté,286,frFRA,DF,Liverpool,25-349,1999,25.8,2005,211,854,1047,110,22,2005,4,2,50.0,1,25.0,1184,5470,3160,21,13,0,8,2,1454,3,Matches
Idrissa Gana Gueye,192,snSEN,MF,Everton,35-225,1989,31.0,1640,69,385,943,321,20,1640,36,17,47.2,17,47.2,781,3610,1611,26,27,4,32,33,943,24,Matches
Igor,246,brBRA,DF,Brighton,27-091,1998,10.0,764,109,377,353,38,1,764,4,3,75.0,1,25.0,497,2837,1782,9,14,0,1,0,568,0,Matches
Iliman Ndiaye,370,snSEN,FW,Everton,25-064,2000,25.0,1000,34,202,411,435,77,998,137,63,46.0,64,46.7,575,4508,2221,81,41,30,49,43,612,115,Matches
Illia Zabarnyi,565,uaUKR,DF,Bournemouth,22-250,2002,31.6,1869,218,860,961,69,13,1869,8,5,62.5,2,25.0,1158,7529,4451,25,20,0,14,3,1168,4,Matches
Ismaila Sarr,451,snSEN,"MF,FW",Crystal Palace,27-073,1998,27.6,1007,43,165,377,475,124,1007,55,17,30.9,29,52.7,555,3452,1930,69,42,26,64,42,684,169,Matches
Issa Diop,136,frFRA,DF,Fulham,28-120,1997,14.9,903,125,498,381,26,13,903,2,1,50.0,1,50.0,533,2426,1216,6,2,0,9,2,617,3,Matches
Jack Clarke,101,engENG,"FW,MF",Ipswich Town,24-167,2000,11.7,486,22,115,198,187,32,486,42,22,52.4,14,33.3,272,1968,1015,32,18,9,20,18,293,47,Matches
Jack Grealish,211,engENG,"FW,MF",Manchester City,29-241,1995,8.0,519,14,40,162,324,71,519,29,13,44.8,9,31.0,375,2879,1714,69,23,46,10,16,422,118,Matches
Jack Harrison,227,engENG,FW,Everton,28-170,1996,21.1,871,31,144,305,429,62,871,72,23,31.9,41,56.9,479,2882,1491,64,34,14,50,37,562,116,Matches
Jack Hinshelwood,238,engENG,"DF,MF",Brighton,20-028,2005,19.4,1137,50,316,528,299,27,1137,11,2,18.2,8,72.7,565,2355,1142,18,20,2,16,3,714,47,Matches
Jack Stephens,484,engENG,DF,Southampton,31-102,1994,13.4,976,109,403,482,95,11,976,4,0,0.0,4,100.0,552,2592,1209,13,12,1,3,3,690,2,Matches
Jack Taylor,499,ieIRL,MF,Ipswich Town,26-320,1998,8.5,477,28,140,259,89,8,477,9,4,44.4,3,33.3,232,1414,755,11,10,1,10,6,303,21,Matches
Jacob Greaves,212,engENG,DF,Ipswich Town,24-239,2000,21.5,1202,253,649,482,75,17,1202,3,2,66.7,1,33.3,538,2312,969,7,9,0,8,2,739,8,Matches
Jacob Murphy,368,engENG,FW,Newcastle Utd,30-074,1995,23.8,1140,21,162,421,568,88,1140,64,31,48.4,30,46.9,665,3943,2081,70,31,25,30,34,824,216,Matches
Jacob Ramsey,421,engENG,"FW,MF",Aston Villa,23-346,2001,16.8,726,12,136,259,344,67,726,42,24,57.1,10,23.8,474,3179,1631,57,31,19,39,21,552,105,Matches
Jaden Philogene Bidace,410,engENG,"FW,MF",Aston Villa,23-090,2002,3.7,145,4,27,54,66,14,145,15,4,26.7,8,53.3,75,520,239,7,5,7,7,3,83,17,Matches
Jadon Sancho,447,engENG,FW,Chelsea,25-045,2000,18.7,926,11,115,269,552,119,926,95,45,47.4,38,40.0,626,4310,2374,98,33,56,29,21,726,218,Matches
Jahmai Simpson-Pusey,469,engENG,DF,Manchester City,19-186,2005,1.1,123,9,61,59,3,1,123,1,0,0.0,0,0.0,79,376,190,1,0,0,1,0,101,0,Matches
Jake Evans,170,N/a,FW,Leicester City,N/a,N/a,0.1,2,0,1,1,0,0,2,0,0,N/a,0,N/a,0,0,0,0,0,0,0,0,1,1,Matches
Jake O'Brien,384,ieIRL,DF,Everton,23-359,2001,15.5,805,69,321,352,135,18,805,10,4,40.0,5,50.0,356,1594,743,7,6,2,5,5,428,24,Matches
Jakub Kiwior,284,plPOL,DF,Arsenal,25-083,2000,9.5,657,66,213,391,53,4,657,4,3,75.0,1,25.0,376,1509,848,5,5,1,3,1,500,0,Matches
Jakub Moder,353,plPOL,MF,Brighton,26-032,1999,0.1,27,2,7,12,9,1,27,0,0,N/a,0,N/a,13,93,62,2,3,0,0,0,14,0,Matches
Jakub Stolarczyk,487,plPOL,GK,Leicester City,24-141,2000,7.0,277,208,272,6,0,0,277,0,0,N/a,0,N/a,157,686,430,0,0,0,1,0,158,0,Matches
James Bree,67,engENG,DF,Southampton,27-210,1997,9.9,602,42,194,263,150,10,602,8,4,50.0,2,25.0,319,1407,713,10,11,0,6,4,389,34,Matches
James Garner,195,engENG,"MF,DF",Everton,24-057,2001,14.7,819,36,196,417,213,9,819,16,6,37.5,10,62.5,399,1801,684,12,15,1,12,7,451,22,Matches
James Hill,237,engENG,DF,Bournemouth,23-119,2002,5.0,319,19,99,167,54,8,319,2,1,50.0,1,50.0,146,552,295,3,6,0,2,0,179,8,Matches
James Justin,269,engENG,DF,Leicester City,27-075,1998,29.7,1775,134,616,804,365,37,1775,30,9,30.0,13,43.3,797,3383,1672,39,25,4,31,13,989,92,Matches
James Maddison,315,engENG,MF,Tottenham,28-167,1996,20.1,1464,26,210,691,576,77,1464,77,33,42.9,34,44.2,1026,5128,2279,45,39,20,23,25,1125,95,Matches
James Mcatee,336,engENG,"MF,FW",Manchester City,22-203,2002,3.4,151,2,17,60,75,20,151,7,2,28.6,5,71.4,83,421,189,7,5,1,5,1,108,26,Matches
James Milner,348,engENG,MF,Brighton,39-125,1986,1.9,92,3,13,48,31,4,92,1,1,100.0,0,0.0,46,223,97,1,1,0,0,0,58,10,Matches
James Tarkowski,496,engENG,DF,Everton,32-171,1992,32.5,1706,355,974,635,106,57,1706,7,5,71.4,2,28.6,727,3610,1943,9,10,0,13,7,927,3,Matches
James Ward-Prowse,540,engENG,MF,West Ham,30-189,1994,9.0,668,28,142,404,122,5,668,5,2,40.0,3,60.0,321,1548,674,9,13,0,3,6,459,4,Matches
Jamie Vardy,526,engENG,FW,Leicester City,38-118,1987,29.5,555,29,57,255,248,105,553,21,9,42.9,10,47.6,264,1360,645,27,11,14,34,12,356,110,Matches
Jan Bednarek,49,plPOL,DF,Southampton,29-027,1996,27.1,2011,365,1060,917,41,15,2011,3,3,100.0,0,0.0,1035,3806,1731,5,5,1,9,3,1294,2,Matches
Jan Paul van Hecke,231,nlNED,DF,Brighton,24-335,2000,29.9,2373,250,1006,1233,154,30,2373,11,5,45.5,4,36.4,1572,9817,6740,53,42,0,12,7,1665,5,Matches
Jannik Vestergaard,531,dkDEN,DF,Leicester City,32-279,1992,15.5,1092,196,572,497,28,10,1092,4,4,100.0,0,0.0,672,2932,1458,3,3,0,2,0,757,2,Matches
Jarell Quansah,418,engENG,DF,Liverpool,22-100,2003,4.5,377,47,191,160,26,5,377,2,1,50.0,1,50.0,220,1171,592,2,3,1,5,2,266,4,Matches
Jarrad Branthwaite,66,engENG,DF,Everton,22-316,2002,26.1,1413,198,735,622,63,23,1413,5,3,60.0,1,20.0,694,3760,2253,9,13,2,8,3,826,2,Matches
Jarrod Bowen,64,engENG,"FW,MF",West Ham,28-140,1996,30.2,1123,25,125,415,607,154,1122,116,40,34.5,66,56.9,667,4857,2311,98,43,56,68,70,736,188,Matches
Jason Steele,483,engENG,GK,Brighton,34-264,1990,2.0,114,107,114,0,0,0,114,0,0,N/a,0,N/a,91,361,151,0,0,0,0,0,83,0,Matches
Jay Robinson,435,engENG,"MF,FW",Southampton,18-055,2007,0.4,17,2,5,5,8,1,17,5,2,40.0,3,60.0,10,69,34,1,1,0,0,0,10,2,Matches
Jay Stansfield,482,engENG,MF,Fulham,22-166,2002,0.0,0,0,0,0,0,0,0,0,0,N/a,0,N/a,0,0,0,0,0,0,0,0,0,0,Matches
Jayden Danns,120,engENG,MF,Liverpool,19-113,2006,0.1,2,0,0,0,2,0,2,0,0,N/a,0,N/a,1,2,1,0,0,0,0,1,1,0,Matches
Jayden Meghoma,343,engENG,DF,Brentford,18-315,2006,0.1,3,1,2,0,1,0,3,0,0,N/a,0,N/a,1,1,0,0,0,0,0,0,2,0,Matches
Jean-Clair Todibo,507,frFRA,DF,West Ham,25-130,1999,17.4,1090,146,603,452,44,10,1090,14,7,50.0,7,50.0,623,2686,1363,9,5,0,13,9,735,5,Matches
Jean-Philippe Mateta,331,frFRA,FW,Crystal Palace,27-315,1997,28.0,695,24,58,333,318,87,693,43,19,44.2,20,46.5,373,1955,916,38,20,8,70,43,511,114,Matches
Jean-Ricner Bellegarde,51,frFRA,"MF,FW",Wolves,26-316,1998,17.2,756,24,139,339,295,45,756,60,14,23.3,31,51.7,464,2939,1440,49,35,11,38,25,519,83,Matches
Jefferson Lerma,300,coCOL,"MF,DF",Crystal Palace,30-196,1994,22.6,1274,95,404,655,225,27,1274,12,6,50.0,4,33.3,597,2257,1004,11,10,0,14,15,747,25,Matches
Jeffrey Schlupp,457,ghGHA,"MF,DF",Crystal Palace,32-137,1992,1.1,79,2,9,31,41,6,79,1,1,100.0,0,0.0,30,150,67,4,1,1,7,0,41,9,Matches
Jens Cajuste,81,seSWE,MF,Ipswich Town,25-272,1999,19.8,911,59,263,477,185,11,911,46,25,54.3,15,32.6,421,2280,1182,23,21,3,21,14,522,16,Matches
Jeremy Doku,142,beBEL,"FW,MF",Manchester City,22-347,2002,15.5,944,4,42,220,705,135,944,185,102,55.1,54,29.2,731,6905,4355,189,88,90,52,55,786,259,Matches
Jeremy Monga,354,N/a,"FW,MF",Leicester City,N/a,N/a,0.6,28,1,5,10,13,2,28,5,2,40.0,2,40.0,19,180,57,3,1,2,2,2,17,5,Matches
Jeremy Sarmiento,450,ecECU,MF,Brighton,22-327,2002,0.1,8,0,0,6,2,0,8,0,0,N/a,0,N/a,6,61,10,0,0,0,1,0,7,2,Matches
Jesper Lindstrøm,307,dkDEN,FW,Everton,25-069,2000,13.8,625,22,127,206,303,40,625,43,8,18.6,31,72.1,302,1627,780,30,19,7,31,24,347,81,Matches
Joachim Andersen,23,dkDEN,DF,Crystal Palace,28-343,1996,1.0,93,14,38,50,5,0,93,0,0,N/a,0,N/a,49,189,103,1,1,0,0,1,67,1,Matches
Joe Aribo,32,ngNGA,"MF,DF",Southampton,28-292,1996,21.2,1203,46,288,632,294,44,1203,46,18,39.1,22,47.8,708,3880,1923,35,28,12,25,16,879,64,Matches
Joe Gomez,206,engENG,DF,Liverpool,27-351,1997,5.8,481,54,183,264,37,5,481,0,0,N/a,0,N/a,303,1638,947,5,2,1,1,2,335,2,Matches
Joe Lumley,311,engENG,GK,Southampton,30-083,1995,3.0,164,116,161,3,0,0,164,0,0,N/a,0,N/a,103,476,296,0,0,0,0,0,108,0,Matches
Joe Willock,552,engENG,"MF,FW",Newcastle Utd,25-262,1999,11.4,503,12,73,214,227,51,503,34,12,35.3,16,47.1,302,2082,984,36,27,14,35,23,347,82,Matches
Joel Ward,539,engENG,DF,Crystal Palace,35-192,1989,0.0,2,0,0,2,0,0,2,0,0,N/a,0,N/a,0,0,0,0,0,0,0,0,0,0,Matches
Joelinton,262,brBRA,"MF,FW",Newcastle Utd,28-268,1996,26.6,1360,67,256,670,448,83,1360,46,15,32.6,28,60.9,729,3598,1786,40,26,9,39,53,934,110,Matches
John McGinn,339,sctSCO,"MF,FW",Aston Villa,30-203,1994,22.8,999,28,158,532,319,52,999,44,18,40.9,12,27.3,547,2786,1194,31,16,6,33,25,700,72,Matches
John Stones,488,engENG,"DF,MF",Manchester City,30-346,1994,6.1,442,40,142,234,68,4,442,2,2,100.0,0,0.0,292,2146,1183,10,14,0,2,0,333,2,Matches
Jonny Evans,171,nirNIR,DF,Manchester Utd,37-126,1988,3.2,223,30,125,91,11,2,223,1,1,100.0,0,0.0,128,498,183,1,0,0,1,0,137,2,Matches
Jordan Ayew,40,ghGHA,"FW,MF",Crystal Palace,33-240,1991,0.2,12,0,0,7,5,1,12,0,0,N/a,0,N/a,6,25,12,0,0,0,0,1,9,1,Matches
Jordan Pickford,412,engENG,GK,Everton,31-063,1994,35.0,1561,1009,1494,68,0,0,1561,0,0,N/a,0,N/a,895,5506,3246,0,0,0,2,0,788,0,Matches
Jorge Cuenca,114,esESP,DF,Fulham,25-173,1999,2.9,152,23,88,59,6,1,152,2,2,100.0,0,0.0,65,235,116,0,1,0,1,0,92,0,Matches
Jorginho,267,itITA,MF,Arsenal,33-140,1991,7.8,519,9,92,303,130,3,519,4,1,25.0,2,50.0,302,1498,874,12,13,0,10,9,388,6,Matches
Joshua Acheampong,2,engENG,DF,Chelsea,19-004,2006,1.9,137,7,48,81,8,3,137,2,1,50.0,0,0.0,106,709,409,0,2,0,2,0,111,0,Matches
Joshua King,282,engENG,"MF,FW",Fulham,18-126,2007,0.9,54,2,8,19,28,7,54,7,4,57.1,3,42.9,22,176,70,1,3,0,1,3,36,9,Matches
Joshua Zirkzee,567,nlNED,"FW,MF",Manchester Utd,23-352,2001,15.6,587,16,71,303,219,56,587,35,11,31.4,24,68.6,327,1483,523,14,21,4,41,30,418,69,Matches
José Sá,442,ptPOR,GK,Wolves,32-112,1993,27.0,911,725,903,9,0,0,911,7,7,100.0,0,0.0,565,3380,2205,0,0,0,1,0,450,0,Matches
Jota Silva,467,ptPOR,"FW,MF",Nott'ham Forest,25-281,1999,9.4,347,19,82,98,178,45,347,33,10,30.3,14,42.4,172,1129,610,20,12,8,24,12,198,58,Matches
João Félix,176,ptPOR,"FW,MF",Chelsea,25-180,1999,4.1,272,2,26,128,125,30,272,31,10,32.3,14,45.2,193,1248,712,21,13,5,6,4,218,30,Matches
João Gomes,202,brBRA,MF,Wolves,24-086,2001,30.9,1843,59,404,1014,451,42,1843,57,26,45.6,25,43.9,957,5621,2593,53,50,6,38,49,1230,68,Matches
João Pedro,261,brBRA,"FW,MF",Brighton,23-225,2001,21.6,940,12,60,387,508,122,935,86,29,33.7,47,54.7,616,3821,1821,66,39,30,72,38,732,128,Matches
Joël Veltman,528,nlNED,DF,Brighton,33-114,1992,18.5,1102,65,328,544,240,10,1102,15,4,26.7,5,33.3,526,2815,1448,30,22,3,19,7,599,32,Matches
Joško Gvardiol,222,hrCRO,DF,Manchester City,23-106,2002,33.4,2903,142,725,1474,727,85,2903,40,23,57.5,14,35.0,1886,10024,5715,81,92,13,25,16,2132,98,Matches
Julian Araujo,29,mxMEX,DF,Bournemouth,23-269,2001,4.7,243,19,81,120,47,2,243,0,0,N/a,0,N/a,108,406,205,3,1,0,5,2,128,19,Matches
Julio Enciso,163,pyPAR,"FW,MF",Ipswich Town,21-106,2004,7.9,330,4,46,168,128,16,330,49,23,46.9,21,42.9,164,1132,591,16,18,6,17,27,212,33,Matches
Julio Soler,477,arARG,FW,Bournemouth,20-082,2005,0.0,4,0,2,1,1,0,4,0,0,N/a,0,N/a,2,2,2,0,0,0,1,0,3,0,Matches
Jurriën Timber,506,nlNED,DF,Arsenal,23-326,2001,26.9,1661,51,304,859,505,66,1661,53,24,45.3,24,45.3,890,3916,2076,57,27,11,33,24,1052,104,Matches
Justin Devenny,129,nirNIR,MF,Crystal Palace,21-210,2003,4.8,232,7,42,115,80,7,232,4,2,50.0,2,50.0,109,591,274,4,5,1,16,2,140,12,Matches
Justin Kluivert,285,nlNED,"MF,FW",Bournemouth,26-004,1999,24.0,996,23,93,342,581,115,990,82,33,40.2,39,47.6,594,3806,2161,74,52,34,50,26,653,153,Matches
Jáder Durán,153,coCOL,FW,Aston Villa,21-147,2003,7.1,263,13,36,110,122,47,263,14,3,21.4,9,64.3,133,535,267,7,7,2,16,15,192,44,Matches
Jørgen Strand Larsen,489,noNOR,FW,Wolves,25-092,2000,27.4,695,34,83,329,284,104,695,17,7,41.2,10,58.8,328,1137,446,16,13,9,88,32,507,106,Matches
Kaelan Casey,87,engENG,DF,West Ham,20-193,2004,0.0,1,1,1,0,0,0,1,0,0,N/a,0,N/a,0,0,0,0,0,0,0,0,0,0,Matches
Kai Havertz,229,deGER,"FW,MF",Arsenal,25-332,1999,20.4,768,31,88,282,403,103,768,38,9,23.7,24,63.2,411,1957,922,34,23,18,42,22,575,110,Matches
Kalvin Phillips,409,engENG,MF,Ipswich Town,29-158,1995,13.7,739,61,223,398,122,5,739,12,5,41.7,6,50.0,310,1489,569,4,5,0,25,10,394,4,Matches
Kamaldeen Sulemana,491,ghGHA,"FW,MF",Southampton,23-083,2002,13.1,509,13,65,190,272,50,509,92,33,35.9,51,55.4,331,2842,1409,57,34,23,37,22,358,76,Matches
Kaoru Mitoma,352,jpJPN,"FW,MF",Brighton,27-354,1997,28.0,1300,15,149,445,734,156,1300,127,49,38.6,73,57.5,786,6302,3663,138,76,55,49,22,911,277,Matches
Kasey McAteer,337,ieIRL,"FW,MF",Leicester City,23-168,2001,6.8,288,17,54,112,128,21,288,16,2,12.5,10,62.5,174,1148,473,16,9,8,14,10,193,52,Matches
Keane Lewis-Potter,302,engENG,"DF,FW",Brentford,24-076,2001,31.5,1473,94,450,573,469,69,1473,97,39,40.2,49,50.5,783,5602,2971,92,63,34,43,19,878,144,Matches
Kenny Tete,501,nlNED,DF,Fulham,29-212,1995,16.7,1033,58,332,422,287,32,1033,19,8,42.1,6,31.6,534,2548,1229,33,20,7,16,10,596,47,Matches
Kepa Arrizabalaga,35,esESP,GK,Bournemouth,30-218,1994,28.0,990,732,961,28,1,1,990,1,1,100.0,0,0.0,557,2764,1588,0,0,0,0,0,435,0,Matches
Kevin Danso,121,atAUT,DF,Tottenham,26-232,1998,6.4,508,62,276,210,25,7,508,3,2,66.7,1,33.3,341,1870,1015,11,5,0,7,1,363,1,Matches
Kevin De Bruyne,125,beBEL,"MF,FW",Manchester City,33-315,1991,17.1,1210,10,73,408,739,71,1210,32,12,37.5,16,50.0,711,3573,1860,47,45,18,24,26,907,137,Matches
Kevin Schade,455,deGER,FW,Brentford,23-163,2001,23.0,804,37,135,221,463,129,804,81,29,35.8,46,56.8,399,2831,1275,56,26,35,54,34,497,146,Matches
Kieran Tierney,505,sctSCO,"DF,FW",Arsenal,27-338,1997,2.0,133,4,20,46,67,4,133,3,1,33.3,1,33.3,58,231,125,5,3,1,1,0,90,22,Matches
Kieran Trippier,517,engENG,DF,Newcastle Utd,34-232,1990,14.2,1347,50,373,594,389,12,1347,8,4,50.0,4,50.0,587,2138,1158,25,14,4,11,8,818,53,Matches
Kiernan Dewsbury-Hall,130,engENG,"MF,FW",Chelsea,26-245,1998,2.9,181,4,28,95,58,6,181,4,2,50.0,2,50.0,93,474,221,5,1,0,1,3,137,11,Matches
Kim Jisoo,260,krKOR,DF,Brentford,20-136,2004,0.3,30,1,15,12,3,0,30,0,0,N/a,0,N/a,15,57,22,0,0,0,0,1,22,0,Matches
Kobbie Mainoo,320,engENG,MF,Manchester Utd,20-020,2005,16.7,980,24,183,555,251,33,980,49,23,46.9,24,49.0,602,2659,1131,21,14,10,34,34,696,42,Matches
Konstantinos Mavropanos,333,grGRE,DF,West Ham,27-149,1997,21.6,1432,221,746,632,62,24,1432,17,9,52.9,5,29.4,794,3928,2124,16,10,1,12,0,936,2,Matches
Kosta Nedeljković,372,rsSRB,DF,Aston Villa,19-144,2005,1.4,66,4,15,32,19,0,66,2,1,50.0,1,50.0,27,101,33,1,0,0,1,0,32,0,Matches
Kostas Tsimikas,519,grGRE,DF,Liverpool,28-362,1996,8.3,689,29,169,307,218,12,689,11,4,36.4,5,45.5,342,1446,746,16,6,2,5,4,438,42,Matches
Kristoffer Ajer,10,noNOR,DF,Brentford,27-022,1998,15.6,773,52,260,359,160,35,773,16,7,43.8,8,50.0,378,2059,1172,27,11,2,15,12,481,42,Matches
Kyle Walker,534,engENG,DF,Manchester City,34-346,1990,10.8,892,26,197,473,228,5,892,6,3,50.0,2,33.3,499,2284,1106,12,13,0,9,2,630,11,Matches
Kyle Walker-Peters,535,engENG,DF,Southampton,28-026,1997,32.4,2022,151,615,884,540,59,2022,92,38,41.3,39,42.4,1271,7917,4373,114,72,24,32,39,1433,144,Matches
Lamare Bogarde,61,nlNED,"DF,MF",Aston Villa,21-124,2004,5.3,325,16,95,191,40,4,325,4,2,50.0,1,25.0,173,1031,599,12,6,1,6,8,212,9,Matches
Leandro Trossard,518,beBEL,FW,Arsenal,30-156,1994,26.2,1149,15,120,361,685,143,1149,72,30,41.7,32,44.4,733,4433,1942,75,49,29,57,43,857,207,Matches
Leif Davis,123,engENG,DF,Ipswich Town,25-117,2000,28.5,1459,115,517,484,477,36,1459,37,13,35.1,17,45.9,659,3571,1940,48,27,10,36,14,770,117,Matches
Leny Yoro,563,frFRA,DF,Manchester Utd,19-177,2005,12.4,847,83,395,385,70,13,847,4,2,50.0,2,50.0,577,2953,1646,19,13,1,3,4,615,4,Matches
Leon Bailey,43,jmJAM,"FW,MF",Aston Villa,27-273,1997,12.6,539,18,76,155,318,69,539,57,22,38.6,24,42.1,344,2540,1334,57,22,33,35,25,386,121,Matches
Lesley Ugochukwu,523,frFRA,MF,Southampton,21-044,2004,16.9,838,46,199,478,167,24,838,26,18,69.2,7,26.9,459,2486,1195,29,15,6,12,13,570,20,Matches
Levi Colwill,107,engENG,DF,Chelsea,22-072,2003,32.0,2728,344,1280,1330,129,35,2728,10,6,60.0,4,40.0,1543,7051,3886,13,11,1,13,8,1996,11,Matches
Lewis Cook,108,engENG,"MF,DF",Bournemouth,28-095,1997,31.3,1814,85,427,954,453,19,1814,18,11,61.1,7,38.9,791,3977,2113,33,29,4,29,17,904,49,Matches
Lewis Dunk,152,engENG,DF,Brighton,33-169,1991,23.1,2127,258,993,1031,113,21,2127,1,0,0.0,1,100.0,1341,6155,3345,20,19,0,9,3,1556,3,Matches
Lewis Hall,224,engENG,DF,Newcastle Utd,20-243,2004,24.3,1820,95,623,804,414,47,1820,21,11,52.4,7,33.3,950,4398,2358,41,22,13,33,20,1094,80,Matches
Lewis Miley,347,engENG,MF,Newcastle Utd,19-008,2006,2.8,198,5,37,105,57,5,198,3,1,33.3,1,33.3,96,497,186,2,1,0,5,1,141,7,Matches
Lewis Orford,396,engENG,MF,West Ham,19-080,2006,0.5,42,1,8,28,7,2,42,0,0,N/a,0,N/a,22,98,27,0,0,0,1,0,31,1,Matches
Liam Delap,127,engENG,FW,Ipswich Town,22-090,2003,27.7,659,29,78,277,326,89,657,84,39,46.4,36,42.9,436,3263,1570,60,46,29,99,58,519,105,Matches
Lisandro Martínez,329,arARG,DF,Manchester Utd,27-111,1998,19.5,1524,156,713,697,125,18,1524,7,6,85.7,1,14.3,1017,5141,3129,23,23,2,1,3,1069,7,Matches
Lloyd Kelly,277,engENG,DF,Newcastle Utd,26-215,1998,3.4,215,26,105,94,19,4,215,3,2,66.7,1,33.3,120,474,202,0,2,0,3,2,129,5,Matches
Lucas Bergvall,55,seSWE,MF,Tottenham,19-096,2006,13.5,885,36,188,478,232,22,885,45,21,46.7,20,44.4,531,3392,1634,33,21,4,20,19,586,31,Matches
Lucas Digne,135,frFRA,DF,Aston Villa,31-293,1993,25.1,1485,93,520,449,526,28,1485,19,9,47.4,9,47.4,672,2952,1328,23,14,4,17,16,808,140,Matches
Lucas Paquetá,404,brBRA,"MF,FW",West Ham,27-255,1997,26.0,1738,62,360,957,435,57,1736,43,18,41.9,20,46.5,891,3185,1300,22,32,2,53,50,1220,82,Matches
Luis Díaz,133,coCOL,FW,Liverpool,28-116,1997,24.7,1109,15,78,382,668,155,1109,111,51,45.9,48,43.2,733,5365,2803,103,53,55,51,43,878,269,Matches
Luis Guilherme,217,brBRA,"MF,FW",West Ham,19-089,2006,1.5,85,3,19,30,37,4,85,9,5,55.6,2,22.2,42,324,136,3,3,1,4,3,55,13,Matches
Luis Sinisterra,470,coCOL,"FW,MF",Bournemouth,25-326,1999,2.6,155,7,18,41,96,23,155,20,8,40.0,10,50.0,95,744,393,19,6,10,6,3,102,38,Matches
Luke Shaw,464,engENG,DF,Manchester Utd,29-301,1995,2.4,234,15,92,105,37,4,234,1,0,0.0,1,100.0,170,814,402,6,6,0,2,0,183,7,Matches
Luke Thomas,503,engENG,DF,Leicester City,23-333,2001,9.7,644,39,237,312,99,7,644,5,2,40.0,3,60.0,314,1224,497,3,7,2,10,2,363,13,Matches
Luke Woolfenden,560,engENG,DF,Ipswich Town,26-200,1998,13.2,694,147,407,278,9,3,694,0,0,N/a,0,N/a,368,2118,1249,7,3,0,4,0,442,0,Matches
Mads Hermansen,235,dkDEN,GK,Leicester City,24-302,2000,26.5,1147,831,1106,43,0,0,1147,1,1,100.0,0,0.0,734,3625,1904,0,0,0,1,0,625,0,Matches
Mads Roerslev,438,dkDEN,DF,Brentford,25-319,1999,12.2,645,49,234,268,146,20,645,19,7,36.8,8,42.1,352,1630,858,17,13,0,9,6,407,54,Matches
Malo Gusto,221,frFRA,DF,Chelsea,21-355,2003,20.4,1563,60,378,758,440,43,1563,16,4,25.0,11,68.8,865,4382,2195,49,35,8,16,17,1053,84,Matches
Manuel Akanji,11,chSUI,DF,Manchester City,29-294,1995,19.4,1635,111,487,797,353,11,1635,2,2,100.0,0,0.0,1071,5684,3362,38,52,0,4,5,1291,6,Matches
Manuel Ugarte Ribeiro,522,uyURU,MF,Manchester Utd,24-028,2001,19.0,1111,43,317,613,201,16,1111,32,18,56.3,10,31.3,642,2794,1306,16,16,1,29,25,693,20,Matches
Marc Cucurella,113,esESP,DF,Chelsea,26-291,1998,30.2,2075,109,637,958,490,73,2075,13,4,30.8,7,53.8,882,3739,2180,31,18,2,26,6,1287,108,Matches
Marc Guiu,219,esESP,FW,Chelsea,19-125,2006,0.8,22,0,2,8,12,3,22,1,0,0.0,1,100.0,12,30,8,0,0,0,2,0,12,3,Matches
Marc Guéhi,216,engENG,DF,Crystal Palace,24-300,2000,33.0,2056,298,1007,914,146,38,2056,15,12,80.0,2,13.3,1099,5443,2891,22,17,1,16,17,1283,10,Matches
Marco Asensio,36,esESP,"MF,FW",Aston Villa,29-108,1996,6.0,287,4,26,119,147,24,285,14,7,50.0,5,35.7,177,1018,500,16,18,4,6,8,200,26,Matches
Marcos Senesi,462,arARG,DF,Bournemouth,27-364,1997,11.3,783,67,349,376,67,12,783,9,5,55.6,4,44.4,483,2498,1465,12,14,0,6,5,493,5,Matches
Marcus Harness,226,engENG,MF,Ipswich Town,29-074,1996,0.5,22,4,7,2,13,3,22,1,0,0.0,1,100.0,9,49,14,0,0,0,0,0,9,1,Matches
Marcus Rashford,422,engENG,"FW,MF",Manchester Utd,27-190,1997,10.9,440,3,35,189,222,34,440,39,9,23.1,26,66.7,293,1694,728,20,19,12,14,6,341,79,Matches
Marcus Tavernier,497,engENG,"FW,MF",Bournemouth,26-048,1999,18.6,1000,18,114,385,523,51,1000,57,24,42.1,28,49.1,567,3510,1622,41,40,7,39,43,641,106,Matches
Mario Lemina,298,gaGAB,"MF,DF",Wolves,31-250,1993,15.2,809,92,324,378,119,18,809,16,10,62.5,4,25.0,382,2068,1038,8,12,2,21,11,482,21,Matches
Mark Flekken,182,nlNED,GK,Brentford,31-330,1993,33.4,1707,1338,1660,52,0,0,1707,1,1,100.0,0,0.0,1045,5314,3005,0,0,0,3,0,953,0,Matches
Mark Travers,515,ieIRL,GK,Bournemouth,25-356,1999,5.0,162,144,159,3,0,0,162,0,0,N/a,0,N/a,85,426,188,0,0,0,0,0,68,0,Matches
Marshall Munetsi,363,zwZIM,"MF,FW",Wolves,28-321,1996,9.8,302,17,50,161,94,24,302,10,2,20.0,7,70.0,119,461,159,7,3,3,28,12,150,26,Matches
Martial Godo,200,engENG,FW,Fulham,22-056,2003,0.2,11,0,1,4,6,3,11,2,0,0.0,2,100.0,8,48,18,0,0,0,0,0,6,3,Matches
Martin Dúbravka,151,skSVK,GK,Newcastle Utd,36-114,1989,10.0,350,262,337,14,0,0,350,0,0,N/a,0,N/a,202,1043,643,0,0,0,0,0,175,0,Matches
Martin Ødegaard,568,noNOR,MF,Arsenal,26-143,1998,23.7,1550,7,108,655,801,105,1549,55,23,41.8,30,54.5,1071,6775,3426,82,74,23,33,38,1230,144,Matches
Mason Holgate,240,engENG,"FW,DF",Everton,28-199,1996,0.1,3,0,0,2,1,0,3,0,0,N/a,0,N/a,1,0,0,0,0,0,1,0,1,0,Matches
Mason Mount,360,engENG,"MF,FW",Manchester Utd,26-119,1999,4.8,233,6,31,119,86,20,233,5,0,0.0,4,80.0,149,742,328,11,9,2,9,9,172,23,Matches
Massimo Luongo,312,auAUS,MF,Ipswich Town,32-226,1992,2.2,77,9,33,25,19,1,77,0,0,N/a,0,N/a,40,148,25,0,0,0,2,3,44,1,Matches
Mateo Kovačić,288,hrCRO,MF,Manchester City,31-003,1994,22.8,1959,51,287,1126,567,16,1959,39,20,51.3,11,28.2,1332,7747,3573,52,73,3,19,29,1590,15,Matches
Mateus Fernandes,180,ptPOR,MF,Southampton,20-303,2004,29.3,1619,59,345,800,511,46,1619,99,45,45.5,45,45.5,836,5399,2981,73,66,8,52,33,1000,102,Matches
Matheus Cunha,115,brBRA,"MF,FW",Wolves,25-347,1999,26.9,1425,22,173,657,643,117,1424,130,58,44.6,57,43.8,819,6212,3108,104,88,36,72,48,957,147,Matches
Matheus França,187,brBRA,"FW,MF",Crystal Palace,21-038,2004,0.3,15,0,0,5,10,4,15,0,0,N/a,0,N/a,9,43,25,1,1,1,1,0,10,2,Matches
Matheus Nunes,380,ptPOR,"DF,MF",Manchester City,26-255,1998,16.6,1267,39,221,494,560,54,1267,36,16,44.4,13,36.1,779,4099,2131,59,31,22,29,13,916,156,Matches
Mathias Jensen,257,dkDEN,MF,Brentford,29-128,1996,9.1,531,25,120,223,191,9,531,15,9,60.0,4,26.7,278,1192,543,6,8,0,8,6,326,26,Matches
Mathis Amougou,22,frFRA,MF,Chelsea,19-111,2006,0.1,9,1,2,4,3,0,9,0,0,N/a,0,N/a,7,25,5,0,1,0,0,1,6,0,Matches
Mathys Tel,500,frFRA,FW,Tottenham,20-012,2005,7.2,315,2,33,117,173,32,314,38,9,23.7,24,63.2,208,1207,597,18,18,7,19,11,221,57,Matches
Mats Wieffer,549,nlNED,"MF,DF",Brighton,25-174,1999,8.3,668,34,157,358,162,14,668,13,6,46.2,6,46.2,393,1914,824,13,15,1,14,8,427,18,Matches
Matt Doherty,141,ieIRL,DF,Wolves,33-113,1992,21.8,1433,123,566,705,179,25,1433,20,11,55.0,6,30.0,754,3395,2050,29,19,4,11,5,909,40,Matches
Matt O'Riley,385,dkDEN,MF,Brighton,24-169,2000,9.4,468,17,68,212,190,40,468,12,7,58.3,4,33.3,243,1018,493,19,11,7,16,3,275,47,Matches
Matt Targett,495,engENG,DF,Newcastle Utd,29-233,1995,0.2,17,0,3,8,6,0,17,0,0,N/a,0,N/a,4,12,6,0,0,0,0,0,12,1,Matches
Matthijs de Ligt,304,nlNED,DF,Manchester Utd,25-270,1999,23.6,1608,184,828,731,56,29,1608,4,2,50.0,2,50.0,1078,4744,2225,7,3,0,5,3,1158,6,Matches
Matty Cash,88,plPOL,DF,Aston Villa,27-275,1997,20.0,1012,73,365,401,257,37,1012,36,15,41.7,16,44.4,507,3156,1618,46,34,4,17,9,575,75,Matches
Matz Sels,459,beBEL,GK,Nott'ham Forest,33-072,1992,35.0,1018,777,1002,16,0,0,1018,0,0,N/a,0,N/a,489,2942,1500,0,1,1,0,0,392,0,Matches
Max Aarons,1,engENG,DF,Bournemouth,25-125,2000,1.0,73,2,19,40,15,0,73,2,0,0.0,1,50.0,41,152,68,1,0,0,1,0,40,3,Matches
Max Kilman,281,engENG,DF,West Ham,27-351,1997,34.2,2176,434,1208,879,105,31,2176,20,14,70.0,2,10.0,1151,5173,2956,29,13,2,16,3,1441,6,Matches
Maxence Lacroix,293,frFRA,DF,Crystal Palace,25-033,2000,31.6,1805,331,1095,637,80,42,1805,14,8,57.1,4,28.6,962,4519,2079,8,4,0,21,4,1062,7,Matches
Maxwel Cornet,109,ciCIV,FW,Southampton,28-224,1996,0.8,34,1,8,14,13,2,34,1,0,0.0,1,100.0,16,73,26,1,0,1,3,0,23,5,Matches
Michael Golding,201,engENG,MF,Leicester City,18-351,2006,0.0,0,0,0,0,0,0,0,0,0,N/a,0,N/a,0,0,0,0,0,0,0,0,0,0,Matches
Michael Kayode,274,itITA,DF,Brentford,20-303,2004,3.2,171,15,66,53,55,10,171,12,7,58.3,4,33.3,72,493,269,8,4,3,8,2,70,16,Matches
Michael Keane,275,engENG,DF,Everton,32-118,1993,9.5,426,85,241,169,18,14,426,1,0,0.0,1,100.0,189,753,236,1,1,0,1,2,240,3,Matches
Michail Antonio,27,jmJAM,FW,West Ham,35-042,1990,9.3,296,3,26,124,151,36,296,27,9,33.3,13,48.1,173,1177,695,29,13,9,35,19,221,59,Matches
Micky van de Ven,529,nlNED,DF,Tottenham,24-020,2001,10.6,862,101,442,393,36,9,862,8,4,50.0,4,50.0,599,2790,1388,8,10,1,5,4,629,1,Matches
Miguel Almirón,17,pyPAR,FW,Newcastle Utd,31-088,1994,1.7,81,1,10,35,36,9,81,2,1,50.0,1,50.0,54,284,93,3,3,2,0,2,59,18,Matches
Mikel Merino,344,esESP,"MF,FW",Arsenal,28-321,1996,15.8,724,35,130,303,300,72,724,19,8,42.1,7,36.8,357,1356,645,9,12,4,22,22,470,88,Matches
Mikey Moore,355,engENG,FW,Tottenham,17-271,2007,2.3,105,1,11,27,68,12,105,12,1,8.3,9,75.0,76,572,263,9,3,4,6,5,79,31,Matches
Mikkel Damsgaard,118,dkDEN,"MF,FW",Brentford,24-310,2000,29.5,1713,34,310,785,640,72,1713,93,49,52.7,33,35.5,972,5326,2753,64,42,9,54,44,1131,121,Matches
Milos Kerkez,278,huHUN,DF,Bournemouth,21-183,2003,34.2,1975,105,512,832,654,58,1975,44,20,45.5,14,31.8,986,5787,3394,96,67,15,45,19,1073,169,Matches
Mohamed Salah,444,egEGY,FW,Liverpool,32-328,1992,34.5,1568,10,90,474,1023,327,1559,125,55,44.0,65,52.0,1079,6473,3375,143,54,115,109,63,1313,440,Matches
Mohammed Kudus,291,ghGHA,"FW,MF",West Ham,24-280,2000,26.9,1176,12,159,486,572,117,1176,194,87,44.8,89,45.9,770,5072,2401,93,56,39,70,89,916,201,Matches
Moisés Caicedo,79,ecECU,"MF,DF",Chelsea,23-188,2001,34.2,2394,89,521,1469,430,15,2394,57,24,42.1,20,35.1,1323,6307,3008,38,29,2,36,24,1666,33,Matches
Morato,356,brBRA,DF,Nott'ham Forest,23-313,2001,9.0,387,83,239,131,19,2,387,1,1,100.0,0,0.0,125,612,274,0,2,0,6,3,161,1,Matches
Morgan Gibbs-White,197,engENG,MF,Nott'ham Forest,25-102,2000,28.2,1484,34,175,752,581,86,1484,75,30,40.0,34,45.3,829,4716,2410,64,47,12,66,39,1109,118,Matches
Morgan Rogers,439,engENG,"FW,MF",Aston Villa,22-287,2002,31.7,1269,36,185,557,553,135,1269,153,65,42.5,68,44.4,744,5277,3036,108,64,33,104,68,897,177,Matches
Murillo,367,brBRA,DF,Nott'ham Forest,22-309,2002,33.4,1792,400,921,789,96,21,1792,33,26,78.8,7,21.2,760,3849,2286,20,24,1,18,10,912,5,Matches
Mykhailo Mudryk,362,uaUKR,FW,Chelsea,24-124,2001,1.7,62,3,12,15,38,6,62,8,3,37.5,5,62.5,39,468,227,7,8,0,3,7,42,12,Matches
Myles Lewis-Skelly,303,engENG,DF,Arsenal,18-225,2006,13.0,775,20,138,426,225,14,775,26,12,46.2,9,34.6,443,2336,1473,32,23,5,11,8,529,33,Matches
Nasser Djiga,140,bfBFA,"DF,FW",Wolves,22-175,2002,0.2,16,2,8,8,0,0,16,0,0,N/a,0,N/a,7,25,0,0,0,0,1,2,7,1,Matches
Nathan Aké,12,nlNED,DF,Manchester City,30-080,1995,7.5,596,51,205,331,61,5,596,1,1,100.0,0,0.0,403,2244,1501,12,12,1,4,3,449,2,Matches
Nathan Broadhead,69,wlsWAL,"MF,FW",Ipswich Town,27-034,1998,6.7,276,7,38,139,109,19,276,32,16,50.0,14,43.8,152,1079,502,17,14,4,18,11,191,27,Matches
Nathan Butler-Oyedeji,78,engENG,FW,Arsenal,22-125,2003,0.1,1,0,0,0,1,1,1,0,0,N/a,0,N/a,0,0,0,0,0,0,0,0,0,0,Matches
Nathan Collins,105,ieIRL,DF,Brentford,24-009,2001,35.0,2257,360,1179,924,164,66,2257,12,6,50.0,5,41.7,1176,6385,3769,28,12,0,19,8,1365,18,Matches
Nathan Patterson,406,sctSCO,DF,Everton,23-205,2001,3.9,215,11,52,90,75,5,215,12,9,75.0,2,16.7,95,420,216,6,5,2,4,2,117,18,Matches
Nathan Wood-Gordon,559,engENG,DF,Southampton,22-343,2002,6.9,457,54,219,212,27,2,457,5,3,60.0,1,20.0,253,1150,454,2,6,0,4,1,339,0,Matches
Nathaniel Clyne,102,engENG,"DF,MF",Crystal Palace,34-034,1991,5.4,273,18,111,125,37,3,273,1,0,0.0,1,100.0,158,651,314,6,2,3,5,2,178,8,Matches
Neco Williams,550,wlsWAL,DF,Nott'ham Forest,24-026,2001,25.8,1393,143,504,506,401,38,1393,44,18,40.9,18,40.9,569,3512,1970,60,28,15,29,17,654,86,Matches
Neto,375,brBRA,GK,Bournemouth,35-294,1989,2.0,70,60,70,0,0,0,70,0,0,N/a,0,N/a,35,148,99,0,0,0,0,0,28,0,Matches
Nick Pope,416,engENG,GK,Newcastle Utd,33-020,1992,25.0,773,612,762,11,0,0,773,0,0,N/a,0,N/a,397,2227,1519,0,0,0,0,1,273,0,Matches
Niclas Füllkrug,190,deGER,FW,West Ham,32-089,1993,7.4,217,14,19,111,88,35,217,5,1,20.0,3,60.0,87,334,172,6,3,2,14,5,159,25,Matches
Nico O’Reilly,400,engENG,DF,Manchester City,20-049,2005,5.7,416,14,70,221,130,18,416,15,9,60.0,6,40.0,246,1160,574,16,14,0,14,12,296,25,Matches
Nicolas Jackson,252,snSEN,FW,Chelsea,23-323,2001,24.3,679,19,50,281,357,139,679,60,18,30.0,31,51.7,413,2468,1304,46,25,30,69,41,507,127,Matches
Nicolás Domínguez,143,arARG,"MF,FW",Nott'ham Forest,26-315,1998,19.3,1071,72,274,555,252,26,1071,8,3,37.5,3,37.5,400,1601,805,13,11,2,18,10,585,27,Matches
Nicolás González,207,esESP,MF,Manchester City,23-126,2002,7.2,637,14,99,398,143,7,637,6,1,16.7,3,50.0,386,1606,615,5,9,1,7,10,484,10,Matches
Nikola Milenković,346,rsSRB,DF,Nott'ham Forest,27-209,1997,34.0,1268,242,700,490,82,59,1268,1,1,100.0,0,0.0,486,2080,963,3,3,2,2,2,638,6,Matches
Noni Madueke,316,engENG,FW,Chelsea,23-060,2002,20.1,878,20,90,255,548,172,878,90,40,44.4,40,44.4,587,4920,3159,142,46,87,43,24,676,212,Matches
Noussair Mazraoui,334,maMAR,DF,Manchester Utd,27-176,1997,29.3,1976,158,779,903,318,27,1976,47,26,55.3,17,36.2,1086,5061,2680,37,29,3,23,16,1190,51,Matches
Nélson Semedo,460,ptPOR,DF,Wolves,31-174,1993,29.6,1551,116,446,707,416,24,1551,64,29,45.3,27,42.2,790,4544,2320,61,36,9,40,19,882,109,Matches
Odsonne Édouard,156,frFRA,"MF,FW",Crystal Palace,27-113,1998,1.3,45,1,4,23,18,8,45,1,0,0.0,1,100.0,23,107,50,2,1,2,4,1,26,7,Matches
Ola Aina,8,ngNGA,DF,Nott'ham Forest,28-213,1996,30.4,1550,148,568,647,364,21,1550,68,31,45.6,25,36.8,675,4331,2524,59,40,10,40,22,737,56,Matches
Oleksandr Zinchenko,566,uaUKR,"DF,MF",Arsenal,28-145,1996,5.1,409,13,75,205,130,18,409,4,3,75.0,0,0.0,233,1147,509,10,5,3,3,4,285,12,Matches
Oliver Scarles,453,engENG,DF,West Ham,19-148,2005,6.6,420,27,140,166,118,7,420,6,1,16.7,5,83.3,190,770,445,11,9,1,10,3,243,39,Matches
Oliver Skipp,471,engENG,MF,Leicester City,24-235,2000,11.1,557,24,121,350,90,7,557,11,6,54.5,5,45.5,321,1311,629,16,7,3,11,5,390,19,Matches
Ollie Watkins,542,engENG,FW,Aston Villa,29-130,1995,25.9,636,18,48,229,368,155,634,38,9,23.7,25,65.8,375,2071,1052,52,21,36,53,46,502,148,Matches
Omar Marmoush,326,egEGY,"FW,MF",Manchester City,26-091,1999,11.1,416,3,29,121,271,56,416,39,16,41.0,18,46.2,262,1606,760,21,15,11,37,15,295,68,Matches
Omari Hutchinson,244,engENG,"MF,FW",Ipswich Town,21-191,2003,25.7,1100,14,178,464,480,76,1100,117,46,39.3,56,47.9,671,5091,2433,74,35,31,72,56,772,135,Matches
Orel Mangala,323,beBEL,MF,Everton,27-052,1998,14.0,621,22,133,335,157,13,621,24,14,58.3,9,37.5,298,1574,576,6,6,3,12,12,406,19,Matches
Oscar Bobb,60,noNOR,FW,Manchester City,21-301,2003,0.2,11,0,1,3,7,0,11,2,2,100.0,0,0.0,9,57,32,1,0,0,0,0,11,1,Matches
Pablo Sarabia,449,esESP,"MF,FW",Wolves,32-363,1992,8.0,465,4,53,227,188,23,465,13,6,46.2,5,38.5,272,1225,615,12,14,0,16,12,321,52,Matches
Pape Matar Sarr,330,snSEN,MF,Tottenham,22-237,2002,19.2,1189,38,249,669,291,26,1189,28,11,39.3,14,50.0,745,4378,1843,32,35,5,27,21,838,50,Matches
Patrick Dorgu,144,dkDEN,DF,Manchester Utd,20-195,2004,7.0,436,15,125,149,164,23,436,9,3,33.3,3,33.3,243,1325,838,27,14,4,10,9,277,54,Matches
Patson Daka,116,zmZAM,"FW,MF",Leicester City,26-212,1998,7.3,239,9,41,109,94,28,239,15,2,13.3,10,66.7,134,687,309,10,7,5,19,10,158,34,Matches
Pau Torres,511,esESP,DF,Aston Villa,28-113,1997,20.2,1349,218,654,622,79,16,1349,17,15,88.2,2,11.8,839,5524,3596,33,20,0,4,4,963,4,Matches
Paul Onuachu,394,ngNGA,FW,Southampton,30-346,1994,11.4,428,17,43,228,160,66,428,25,7,28.0,14,56.0,208,829,243,7,5,2,49,33,349,40,Matches
Pedro Lima,305,brBRA,DF,Wolves,18-312,2006,0.8,48,0,9,12,28,3,48,3,1,33.3,2,66.7,22,120,83,4,3,1,1,0,30,11,Matches
Pedro Neto,376,ptPOR,FW,Chelsea,25-061,2000,22.4,1034,12,92,302,657,108,1034,92,30,32.6,40,43.5,672,5643,3004,118,52,42,40,25,753,229,Matches
Pedro Porro,417,esESP,DF,Tottenham,25-238,1999,27.4,2131,124,623,772,749,30,2131,39,13,33.3,24,61.5,1132,5141,2677,63,40,5,23,17,1229,106,Matches
Pervis Estupiñán,168,ecECU,DF,Brighton,27-108,1998,24.7,1766,72,439,878,467,31,1766,30,16,53.3,13,43.3,944,4502,2388,55,55,9,31,27,1070,107,Matches
Phil Foden,183,engENG,"MF,FW",Manchester City,24-346,2000,18.8,1076,13,81,375,629,79,1076,39,13,33.3,21,53.8,677,3477,1676,47,30,15,35,30,842,119,Matches
Philip Billing,58,dkDEN,MF,Bournemouth,28-332,1996,2.0,148,5,20,72,57,12,148,3,1,33.3,0,0.0,58,254,163,3,1,1,7,4,75,13,Matches
Radu Drăgușin,150,roROU,DF,Tottenham,23-095,2002,13.9,961,148,510,430,30,12,961,2,0,0.0,0,0.0,623,3349,1666,7,3,0,8,2,669,2,Matches
Raheem Sterling,485,engENG,"FW,MF",Arsenal,30-152,1994,4.9,247,2,8,52,190,37,247,25,9,36.0,9,36.0,178,1278,690,25,9,15,11,14,188,73,Matches
Ramón Sosa,478,pyPAR,"FW,MF",Nott'ham Forest,25-251,1999,3.3,154,6,36,48,77,15,154,13,8,61.5,5,38.5,75,601,333,12,7,5,6,5,81,17,Matches
Rasmus Højlund,245,dkDEN,FW,Manchester Utd,22-094,2003,19.4,447,6,31,223,201,58,447,29,9,31.0,18,62.1,275,1376,625,26,13,16,57,27,352,83,Matches
Rayan Aït-Nouri,9,dzALG,DF,Wolves,23-337,2001,31.8,1944,86,535,827,605,84,1944,116,56,48.3,46,39.7,1006,5513,2850,79,54,24,43,44,1181,158,Matches
Raúl Jiménez,259,mxMEX,FW,Fulham,34-004,1991,24.7,919,30,107,396,431,154,916,47,19,40.4,25,53.2,509,2276,1000,32,21,17,64,42,677,119,Matches
Reece James,253,engENG,"DF,MF",Chelsea,25-152,1999,9.3,764,32,214,424,131,4,764,16,6,37.5,6,37.5,398,1578,728,6,4,0,6,5,482,10,Matches
Reiss Nelson,373,engENG,FW,Arsenal,25-150,1999,0.0,2,0,1,1,0,0,2,0,0,N/a,0,N/a,1,4,4,0,0,0,0,0,1,0,Matches
Remy Rees-Dottin,426,engENG,FW,Bournemouth,19-064,2006,0.0,0,0,0,0,0,0,0,0,0,N/a,0,N/a,0,0,0,0,0,0,0,0,0,0,Matches
Renato Veiga,527,ptPOR,"DF,MF",Chelsea,21-284,2003,2.0,167,2,61,82,27,3,167,5,3,60.0,2,40.0,85,417,144,4,5,1,1,0,110,3,Matches
Ricardo Pereira,408,ptPOR,DF,Leicester City,31-215,1993,3.8,255,14,78,141,37,5,255,8,5,62.5,2,25.0,132,389,147,3,3,2,2,0,143,5,Matches
Riccardo Calafiori,82,itITA,DF,Arsenal,22-355,2002,10.3,628,30,161,249,222,29,628,13,9,69.2,3,23.1,291,1572,839,21,12,3,11,5,377,29,Matches
Richarlison,432,brBRA,FW,Tottenham,27-364,1997,5.3,161,8,19,81,62,29,161,15,1,6.7,13,86.7,87,419,164,8,8,3,9,8,118,22,Matches
Rico Henry,234,engENG,DF,Brentford,27-305,1997,0.9,45,6,19,22,4,0,45,2,0,0.0,1,50.0,19,89,18,0,0,0,3,2,18,1,Matches
Rico Lewis,301,engENG,"DF,MF",Manchester City,20-169,2004,20.2,1404,51,286,707,427,42,1404,21,9,42.9,11,52.4,816,4011,2034,36,38,8,19,19,1005,68,Matches
Robert Sánchez,446,esESP,GK,Chelsea,27-172,1997,29.0,1197,883,1186,11,0,0,1197,0,0,N/a,0,N/a,805,3986,2517,0,0,0,0,0,751,0,Matches
Robin Olsen,391,seSWE,GK,Aston Villa,35-121,1990,2.0,83,73,82,1,0,0,83,0,0,N/a,0,N/a,44,226,109,0,0,0,0,0,41,0,Matches
Rodri,436,esESP,MF,Manchester City,28-321,1996,0.7,65,1,12,30,24,0,65,1,0,0.0,0,0.0,34,125,42,0,2,0,0,0,49,1,Matches
Rodrigo Bentancur,52,uyURU,MF,Tottenham,27-318,1997,16.9,1252,70,299,747,215,24,1252,18,8,44.4,8,44.4,739,3433,1446,26,23,5,18,19,826,34,Matches
Rodrigo Gomes,203,ptPOR,"DF,FW",Wolves,21-306,2003,7.5,348,23,85,118,152,26,348,14,5,35.7,6,42.9,178,1237,750,22,17,7,17,7,203,65,Matches
Rodrigo Muniz,364,brBRA,FW,Fulham,24-005,2001,10.7,311,14,27,161,127,55,311,18,6,33.3,9,50.0,157,651,187,6,4,3,47,24,237,31,Matches
Romain Esse,167,engENG,MF,Crystal Palace,19-361,2005,0.4,24,0,5,5,14,6,24,2,0,0.0,2,100.0,14,41,4,0,0,0,1,0,16,6,Matches
Roman Dixon,139,engENG,DF,Everton,20-134,2004,1.0,36,8,19,14,4,0,36,3,0,0.0,3,100.0,16,107,48,0,0,0,2,0,13,1,Matches
Roméo Lavia,297,beBEL,MF,Chelsea,21-123,2004,7.6,416,15,96,266,60,1,416,13,8,61.5,5,38.5,248,1148,481,3,8,0,1,7,298,7,Matches
Ronnie Edwards,159,engENG,DF,Southampton,22-042,2003,0.1,6,3,4,2,0,0,6,0,0,N/a,0,N/a,3,10,0,0,0,0,0,0,5,0,Matches
Ross Barkley,45,engENG,MF,Aston Villa,31-155,1993,6.3,446,16,70,265,117,18,446,11,8,72.7,3,27.3,263,1433,657,15,14,2,7,8,314,10,Matches
Ross Stewart,486,sctSCO,FW,Southampton,28-302,1996,3.2,96,7,21,36,39,6,96,2,1,50.0,1,50.0,49,199,63,1,0,1,5,7,72,6,Matches
Ryan Christie,99,sctSCO,MF,Bournemouth,30-076,1995,23.5,1376,74,256,773,372,46,1376,48,23,47.9,22,45.8,726,3802,1773,34,40,8,44,25,777,44,Matches
Ryan Fraser,188,sctSCO,"FW,DF",Southampton,31-074,1994,3.4,131,12,45,50,37,3,131,3,2,66.7,1,33.3,74,492,252,10,5,2,4,2,94,18,Matches
Ryan Gravenberch,209,nlNED,MF,Liverpool,22-358,2002,32.5,2176,104,446,1274,485,23,2176,75,36,48.0,28,37.3,1286,6750,3408,65,71,9,48,21,1548,54,Matches
Ryan Manning,324,ieIRL,"DF,MF",Southampton,28-329,1996,16.2,965,70,258,396,321,22,965,36,11,30.6,16,44.4,482,2018,977,14,13,4,17,5,572,74,Matches
Ryan Sessegnon,463,engENG,"FW,DF",Fulham,24-356,2000,5.2,260,10,58,83,124,38,260,17,5,29.4,10,58.8,129,833,434,14,11,9,14,6,149,51,Matches
Ryan Trevitt,516,engENG,MF,Brentford,22-058,2003,0.0,7,1,2,4,1,0,7,0,0,N/a,0,N/a,4,7,2,0,0,0,0,0,4,1,Matches
Ryan Yates,562,engENG,MF,Nott'ham Forest,27-169,1997,20.8,1001,77,266,488,257,40,1001,18,9,50.0,5,27.8,408,1961,888,17,18,1,23,18,526,14,Matches
Rúben Dias,132,ptPOR,DF,Manchester City,27-360,1997,22.2,2230,195,749,1231,255,22,2230,3,2,66.7,1,33.3,1592,8957,5295,35,54,1,7,1,1815,6,Matches
Sam Johnstone,265,engENG,GK,Wolves,32-045,1993,7.0,306,229,304,2,0,0,306,0,0,N/a,0,N/a,196,1221,756,0,0,0,0,0,179,0,Matches
Sam Morsy,358,egEGY,MF,Ipswich Town,33-241,1991,27.6,1498,88,447,855,210,4,1498,21,12,57.1,7,33.3,761,4103,1783,16,20,2,15,10,999,9,Matches
Sammie Szmodics,493,ieIRL,"FW,MF",Ipswich Town,29-227,1995,10.9,309,17,80,119,116,33,309,12,4,33.3,6,50.0,174,989,399,16,8,7,24,17,189,46,Matches
Samuel Amo-Ameyaw,21,engENG,"FW,DF",Southampton,18-295,2006,0.3,16,0,5,5,7,1,16,4,0,0.0,3,75.0,11,98,68,1,0,1,0,2,11,3,Matches
Samuel Edozie,158,engENG,"DF,FW",Southampton,22-101,2003,0.7,43,0,0,7,36,10,43,4,2,50.0,2,50.0,34,336,197,6,2,4,4,0,39,23,Matches
Sander Berge,54,noNOR,MF,Fulham,27-084,1998,23.2,1291,76,354,737,206,13,1291,20,11,55.0,6,30.0,754,4080,1856,27,22,2,12,15,836,8,Matches
Sandro Tonali,510,itITA,MF,Newcastle Utd,25-001,2000,26.2,1624,63,372,896,382,41,1624,35,19,54.3,13,37.1,877,4784,2014,33,34,5,27,23,1126,48,Matches
Santiago Bueno,73,uyURU,DF,Wolves,26-181,1998,18.7,1023,169,520,485,21,6,1023,4,0,0.0,4,100.0,555,2727,1430,1,2,0,2,2,660,1,Matches
Saša Lukić,310,rsSRB,MF,Fulham,28-269,1996,24.1,1394,50,303,797,307,18,1394,17,8,47.1,5,29.4,775,4150,2083,37,39,4,22,8,897,29,Matches
Scott McTominay,341,sctSCO,MF,Manchester Utd,28-152,1996,0.2,14,1,3,8,3,1,14,1,0,0.0,1,100.0,10,68,44,0,0,0,1,1,9,2,Matches
Sean Longstaff,309,engENG,MF,Newcastle Utd,27-191,1997,8.9,433,23,122,193,121,21,433,7,2,28.6,4,57.1,248,1176,429,4,10,2,9,7,308,22,Matches
Sepp van den Berg,128,nlNED,DF,Brentford,23-140,2001,25.7,1430,252,728,547,159,42,1430,7,4,57.1,3,42.9,636,3240,1663,10,9,1,14,7,806,27,Matches
Sergio Reguilón,427,esESP,DF,Tottenham,28-144,1996,1.4,121,2,28,61,33,3,121,4,2,50.0,0,0.0,64,293,180,4,2,1,1,1,74,10,Matches
Shumaira Mheuka,345,engENG,MF,Chelsea,17-201,2007,0.0,2,0,0,0,2,1,2,0,0,N/a,0,N/a,1,0,0,0,0,0,0,0,2,0,Matches
Simon Adingra,5,ciCIV,"FW,MF",Brighton,23-128,2002,10.6,488,8,63,158,272,64,488,48,21,43.8,27,56.3,324,2127,1042,37,17,20,35,11,341,119,Matches
Solly March,325,engENG,"FW,MF",Brighton,30-293,1994,1.9,118,3,12,33,73,7,118,4,1,25.0,3,75.0,57,398,167,5,2,3,3,1,67,20,Matches
Son Heung-min,236,krKOR,FW,Tottenham,32-305,1992,22.3,1093,15,110,347,646,117,1091,82,29,35.4,40,48.8,732,4522,2334,87,45,40,25,29,837,259,Matches
Stefan Ortega,397,deGER,GK,Manchester City,32-184,1992,12.2,492,383,489,3,0,0,492,0,0,N/a,0,N/a,323,1489,864,0,0,0,0,0,309,0,Matches
Stephy Mavididi,332,engENG,FW,Leicester City,26-343,1998,17.9,863,23,132,327,421,61,863,95,35,36.8,47,49.5,583,4343,2355,91,40,27,39,35,623,138,Matches
Sven Botman,63,nlNED,DF,Newcastle Utd,25-117,2000,2.6,168,24,70,93,6,5,168,3,1,33.3,1,33.3,85,357,178,0,1,0,1,1,107,0,Matches
Sávio,452,brBRA,"FW,MF",Manchester City,21-029,2004,19.3,1071,14,55,281,754,149,1071,111,51,45.9,39,35.1,766,6326,3494,133,44,73,42,37,834,239,Matches
Séamus Coleman,104,ieIRL,DF,Everton,36-210,1988,2.2,100,11,39,43,19,2,100,5,4,80.0,1,20.0,43,225,109,1,1,0,1,1,51,2,Matches
Taiwo Awoniyi,38,ngNGA,FW,Nott'ham Forest,27-270,1997,4.5,166,5,16,78,73,21,166,9,4,44.4,5,55.6,89,390,183,6,5,2,19,19,112,20,Matches
Takehiro Tomiyasu,509,jpJPN,DF,Arsenal,26-185,1998,0.1,7,1,4,1,2,1,7,0,0,N/a,0,N/a,1,7,5,0,0,0,0,0,2,0,Matches
Tariq Lamptey,295,ghGHA,DF,Brighton,24-221,2000,8.9,502,27,151,211,143,11,502,28,9,32.1,16,57.1,272,1912,918,28,13,3,9,4,281,43,Matches
Taylor Harwood-Bellis,228,engENG,DF,Southampton,23-099,2002,29.5,2349,313,1089,1092,178,40,2349,3,3,100.0,0,0.0,1361,6408,3731,29,27,0,15,5,1704,9,Matches
Thiago,502,brBRA,FW,Brentford,23-317,2001,1.6,64,6,12,26,27,3,64,4,3,75.0,1,25.0,35,127,42,3,2,1,5,1,39,4,Matches
Thomas Partey,405,ghGHA,"MF,DF",Arsenal,31-330,1993,28.1,1989,66,418,1098,485,28,1989,33,22,66.7,9,27.3,1125,6034,3235,32,37,3,22,16,1416,47,Matches
Tim Iroegbunam,248,engENG,MF,Everton,21-313,2003,6.3,260,21,82,124,60,12,260,20,8,40.0,8,40.0,122,723,360,8,10,2,10,18,110,9,Matches
Timo Werner,546,deGER,"FW,MF",Tottenham,29-064,1996,5.7,298,8,24,78,203,33,298,19,10,52.6,8,42.1,215,1768,1062,42,24,18,14,6,227,89,Matches
Timothy Castagne,90,beBEL,DF,Fulham,29-155,1995,18.3,1164,92,449,462,259,32,1164,12,5,41.7,5,41.7,547,2191,1044,17,15,2,15,5,665,67,Matches
Toby Collyer,106,engENG,MF,Manchester Utd,21-126,2004,2.0,129,9,46,59,25,3,129,2,1,50.0,1,50.0,68,239,56,0,0,0,11,1,71,2,Matches
Tom Cairney,80,sctSCO,MF,Fulham,34-109,1991,5.5,576,6,83,305,196,12,576,12,4,33.3,4,33.3,385,1848,884,14,15,4,5,4,468,29,Matches
Tommy Doyle,149,engENG,MF,Wolves,23-204,2001,5.4,463,22,128,258,80,4,463,9,5,55.6,1,11.1,260,1417,578,6,3,0,9,4,303,4,Matches
Tomáš Souček,479,czCZE,MF,West Ham,30-071,1995,25.9,1168,110,315,577,280,97,1168,11,6,54.5,5,45.5,449,1361,470,6,10,3,17,13,696,65,Matches
Tosin Adarabioyo,4,engENG,DF,Chelsea,27-227,1997,13.7,1198,160,570,603,26,13,1198,5,4,80.0,0,0.0,713,2950,1690,5,2,0,3,0,916,1,Matches
Toti Gomes,204,ptPOR,DF,Wolves,26-113,1999,26.0,1772,207,847,851,95,15,1772,28,19,67.9,7,25.0,1028,4908,2641,21,18,0,16,13,1202,15,Matches
Trent Alexander-Arnold,15,engENG,DF,Liverpool,26-214,1998,25.5,2173,86,578,976,633,44,2173,35,16,45.7,17,48.6,1139,5216,2780,50,35,9,19,15,1384,90,Matches
Trevoh Chalobah,91,engENG,DF,Crystal Palace,25-308,1999,11.8,594,66,275,276,51,14,594,10,6,60.0,2,20.0,278,1213,661,11,9,1,4,7,317,6,Matches
Tyler Adams,3,usUSA,MF,Bournemouth,26-084,1999,19.0,1151,53,308,661,194,17,1151,16,3,18.8,9,56.3,554,2703,1183,12,17,1,27,12,630,9,Matches
Tyler Dibling,134,engENG,"FW,MF",Southampton,19-058,2006,19.4,823,25,110,372,360,41,823,104,44,42.3,38,36.5,533,4236,2129,68,49,26,41,53,617,93,Matches
Tyler Fredricson,189,engENG,DF,Manchester Utd,20-075,2005,1.8,141,11,64,68,9,1,141,1,1,100.0,0,0.0,86,279,114,2,1,0,2,0,95,0,Matches
Tyrell Malacia,321,nlNED,DF,Manchester Utd,25-265,1999,1.1,62,2,20,27,15,0,62,1,1,100.0,0,0.0,37,190,118,3,2,0,1,2,43,6,Matches
Tyrick Mitchell,351,engENG,DF,Crystal Palace,25-250,1999,32.7,1656,108,573,637,459,42,1656,33,13,39.4,16,48.5,766,3520,1590,56,33,9,36,28,850,166,Matches
Tyrique George,196,engENG,FW,Chelsea,19-094,2006,1.1,56,1,10,14,33,8,56,4,3,75.0,1,25.0,38,348,208,9,1,5,1,0,44,18,Matches
Tyrone Mings,349,engENG,DF,Aston Villa,32-057,1993,11.7,767,139,388,340,43,15,767,2,2,100.0,0,0.0,472,2597,1333,6,12,0,3,1,523,0,Matches
Valentino Livramento,308,engENG,DF,Newcastle Utd,22-178,2002,28.6,1796,108,572,822,427,33,1796,48,21,43.8,20,41.7,935,5612,2984,73,39,11,26,34,1041,98,Matches
Victor Bernth Kristiansen,56,dkDEN,DF,Leicester City,22-144,2002,26.4,1581,113,564,711,319,15,1581,17,8,47.1,8,47.1,800,3839,1806,39,25,5,13,12,872,75,Matches
Victor Lindelöf,306,seSWE,DF,Manchester Utd,30-296,1994,5.4,276,41,161,106,9,3,276,0,0,N/a,0,N/a,148,666,282,1,1,0,1,0,181,1,Matches
Virgil van Dijk,525,nlNED,DF,Liverpool,33-305,1991,35.0,3125,425,1257,1719,159,48,3125,5,3,60.0,2,40.0,1746,8293,4531,18,22,3,9,5,2153,6,Matches
Vitaliy Mykolenko,369,uaUKR,DF,Everton,25-345,1999,31.2,1541,115,480,656,416,30,1541,20,8,40.0,9,45.0,636,2617,1432,31,27,1,21,10,783,90,Matches
Vitaly Janelt,254,deGER,MF,Brentford,26-364,1998,25.0,1289,118,418,574,306,32,1289,12,3,25.0,7,58.3,652,3011,1278,17,18,3,16,10,814,38,Matches
Vitezslav Jaros,255,czCZE,GK,Liverpool,23-290,2001,0.1,8,5,8,0,0,0,8,0,0,N/a,0,N/a,7,29,8,0,0,0,0,0,5,0,Matches
Vitor Reis,428,brBRA,DF,Manchester City,19-117,2006,0.0,3,1,2,1,0,0,3,1,1,100.0,0,0.0,2,3,0,0,0,0,0,0,2,0,Matches
Vladimír Coufal,110,czCZE,DF,West Ham,32-260,1992,9.7,589,56,226,248,118,10,589,7,2,28.6,2,28.6,232,1247,633,15,5,2,10,6,318,25,Matches
Wataru Endo,165,jpJPN,MF,Liverpool,32-089,1993,2.6,196,7,49,110,38,3,196,2,2,100.0,0,0.0,88,291,84,0,0,1,6,3,138,5,Matches
Welington,545,brBRA,"DF,MF",Southampton,24-079,2001,2.4,131,11,46,48,40,2,131,4,3,75.0,0,0.0,47,200,116,3,3,1,6,0,55,10,Matches
Wes Burns,77,wlsWAL,"FW,DF",Ipswich Town,30-167,1994,10.3,350,21,69,129,160,18,350,24,9,37.5,14,58.3,216,1458,696,38,13,10,17,13,220,65,Matches
Wesley Fofana,184,frFRA,DF,Chelsea,24-143,2000,13.0,933,81,370,523,55,10,933,15,8,53.3,3,20.0,557,3149,1614,19,12,1,16,5,665,4,Matches
Wilfred Ndidi,371,ngNGA,MF,Leicester City,28-144,1996,23.9,1298,113,430,634,246,60,1298,32,13,40.6,17,53.1,628,2576,1029,17,23,2,34,33,772,75,Matches
Will Alves,19,engENG,FW,Leicester City,20-095,2005,0.0,1,0,0,0,1,0,1,0,0,N/a,0,N/a,1,5,5,0,0,0,0,0,1,1,Matches
Will Hughes,242,engENG,MF,Crystal Palace,30-022,1995,21.1,1096,42,259,562,287,15,1096,14,4,28.6,6,42.9,478,2454,1132,19,22,1,20,24,606,24,Matches
Will Lankshear,296,engENG,"FW,MF",Tottenham,20-019,2005,0.1,3,0,0,2,1,0,3,0,0,N/a,0,N/a,3,3,0,0,0,0,2,0,3,1,Matches
William Osula,398,dkDEN,FW,Newcastle Utd,21-278,2003,1.2,41,1,2,17,22,4,41,6,3,50.0,3,50.0,25,151,55,2,1,0,5,5,27,12,Matches
William Saliba,445,frFRA,DF,Arsenal,24-046,2001,32.3,2717,178,1072,1519,141,18,2717,19,12,63.2,6,31.6,1675,7362,4013,16,17,1,18,7,2056,6,Matches
William Smallbone,472,ieIRL,MF,Southampton,25-077,2000,7.2,401,15,76,198,131,14,401,6,4,66.7,2,33.3,182,774,391,5,9,1,11,5,243,23,Matches
Willian,551,brBRA,"FW,MF",Fulham,36-273,1988,2.7,211,1,17,76,122,6,211,6,1,16.7,3,50.0,138,918,460,9,9,2,3,1,168,31,Matches
Willy Boly,62,ciCIV,DF,Nott'ham Forest,34-095,1991,1.7,97,22,63,32,2,1,97,0,0,N/a,0,N/a,35,128,45,0,0,0,1,0,46,0,Matches
Wilson Odobert,388,frFRA,FW,Tottenham,20-162,2004,7.0,306,5,32,109,168,32,306,29,12,41.4,14,48.3,221,1718,1028,40,21,17,16,14,229,56,Matches
Wout Faes,174,beBEL,DF,Leicester City,27-036,1998,28.3,1735,277,852,824,67,26,1735,6,5,83.3,1,16.7,1011,4630,2703,12,13,2,16,6,1154,1,Matches
Woyo Coulibaly,111,frFRA,DF,Leicester City,25-354,1999,1.2,76,8,27,31,20,4,76,1,0,0.0,1,100.0,48,288,169,4,2,1,4,0,36,2,Matches
Yankuba Minteh,350,gmGAM,"FW,MF",Brighton,20-291,2004,17.6,723,30,129,204,408,121,723,84,40,47.6,37,44.0,410,2972,1768,71,19,56,44,21,423,163,Matches
Yasin Ayari,39,seSWE,MF,Brighton,21-215,2003,19.5,1119,52,247,569,320,43,1119,41,17,41.5,15,36.6,585,3018,1398,30,25,6,34,21,716,59,Matches
Yehor Yarmoliuk,561,uaUKR,MF,Brentford,21-069,2004,13.3,794,52,219,411,179,15,794,21,10,47.6,9,42.9,410,2190,748,15,17,3,24,16,493,44,Matches
Yerson Mosquera,359,coCOL,DF,Wolves,24-007,2001,4.9,294,43,170,115,12,7,294,0,0,N/a,0,N/a,168,683,322,0,1,0,4,1,182,0,Matches
Yoane Wissa,557,cdCOD,FW,Brentford,28-248,1996,29.4,850,32,130,348,387,147,850,45,13,28.9,23,51.1,497,3104,1452,51,23,28,70,29,599,135,Matches
Youri Tielemans,504,beBEL,MF,Aston Villa,28-002,1997,33.3,2361,100,472,1357,557,42,2360,60,31,51.7,18,30.0,1275,5522,2541,39,26,9,30,29,1654,48,Matches
Youssef Chermiti,94,ptPOR,"FW,MF",Everton,20-350,2004,0.5,15,0,0,6,9,3,15,1,1,100.0,0,0.0,7,21,2,0,0,0,0,1,13,6,Matches
Yukinari Sugawara,490,jpJPN,"DF,MF",Southampton,24-315,2000,16.3,1023,61,306,395,327,29,1023,20,9,45.0,10,50.0,553,2517,1354,32,15,7,18,4,692,76,Matches
Yunus Emre Konak,162,trTUR,"FW,MF",Brentford,19-119,2006,0.5,51,0,8,26,17,0,51,2,0,0.0,2,100.0,17,67,41,1,1,1,3,3,26,2,Matches
Yves Bissouma,59,mlMLI,MF,Tottenham,28-252,1996,14.4,981,63,282,554,151,5,981,21,7,33.3,14,66.7,577,3433,1526,15,17,0,25,15,669,3,Matches
Zain Silcott-Duberry,465,msMSR,FW,Bournemouth,19-304,2005,0.0,3,0,1,0,2,0,3,0,0,N/a,0,N/a,1,6,6,0,0,0,0,0,2,0,Matches
Álex Moreno,357,esESP,"DF,MF",Nott'ham Forest,31-335,1993,10.6,559,60,210,202,158,8,559,21,8,38.1,8,38.1,229,1470,864,26,16,4,13,6,258,34,Matches
İlkay Gündoğan,220,deGER,MF,Manchester City,34-197,1990,22.8,1748,43,256,848,664,60,1748,35,16,45.7,13,37.1,1035,5787,2813,57,52,9,27,24,1366,86,Matches
Łukasz Fabiański,173,plPOL,GK,West Ham,40-021,1985,11.9,488,382,483,5,0,0,488,2,2,100.0,0,0.0,258,1371,845,0,0,0,0,0,227,0,Matches
